Rk,Player,Nation,Pos,Squad,Age,Born,MP,Starts,Min,90s,Gls,Gls_per_90,Ast,Ast_per_90,G+A,G+A_per_90,G-PK,G-PK_per_90,PK,PKatt,CrdY,CrdR,xG,xG_per_90,npxG,npxG_per_90,xAG,xAG_per_90,npxG+xAG,npxG+xAG_per_90,PrgC,PrgP,PrgR,G+A-PK,xG+xAG
1,Keyliane Abdallah,FRA,FW,Marseille,18.0,2006.0,1,0,3,0.0,0,0.0,0,0.0,0,0.0,0,0.0,0,0,0,0,0.0,0.0,0.0,0.0,0.0,0.0,0.0,0.0,1,0,0,0.0,0.0
2,Yunis Abdelhamid,MAR,DF,Saint-Étienne,37.0,1987.0,5,5,450,5.0,0,0.0,0,0.0,0,0.0,0,0.0,0,0,0,0,0.2,0.05,0.2,0.05,0.0,0.01,0.3,0.05,2,10,3,0.0,0.05
3,Himad Abdelli,ALG,"MF,FW",Angers,24.0,1999.0,6,6,529,5.9,2,0.34,0,0.0,2,0.34,0,0.0,2,2,0,0,1.8,0.31,0.3,0.05,1.0,0.16,1.2,0.21,24,44,28,0.0,0.48
4,Mohamed Abdelmoneim,EGY,DF,Nice,25.0,1999.0,3,2,158,1.8,0,0.0,0,0.0,0,0.0,0,0.0,0,0,1,0,0.0,0.0,0.0,0.0,0.0,0.0,0.0,0.0,1,6,0,0.0,0.0
5,Ali Abdi,TUN,"DF,MF",Nice,30.0,1993.0,3,1,132,1.5,0,0.0,0,0.0,0,0.0,0,0.0,0,0,1,0,0.5,0.33,0.5,0.33,0.5,0.35,1.0,0.68,3,2,10,0.0,0.68
6,Matthis Abline,FRA,FW,Nantes,21.0,2003.0,6,6,476,5.3,1,0.19,0,0.0,1,0.19,1,0.19,0,0,1,0,1.3,0.24,1.3,0.24,0.6,0.12,1.9,0.36,16,16,39,0.19,0.36
7,Abner,BRA,DF,Lyon,24.0,2000.0,6,6,457,5.1,0,0.0,0,0.0,0,0.0,0,0.0,0,0,1,0,0.1,0.03,0.1,0.03,0.4,0.07,0.5,0.1,12,19,33,0.0,0.1
8,Zakaria Aboukhlal,MAR,"MF,FW",Toulouse,24.0,2000.0,6,5,413,4.6,0,0.0,0,0.0,0,0.0,0,0.0,0,1,0,0,3.0,0.66,2.3,0.49,0.1,0.02,2.4,0.51,7,6,34,0.0,0.69
9,Akor Adams,NGA,FW,Montpellier,24.0,2000.0,6,5,461,5.1,3,0.59,1,0.2,4,0.78,3,0.59,0,0,1,0,2.6,0.51,2.6,0.51,0.6,0.11,3.2,0.62,2,3,21,0.78,0.62
10,Martin Adeline,FRA,MF,Reims,20.0,2003.0,1,0,26,0.3,0,0.0,0,0.0,0,0.0,0,0.0,0,0,0,0,0.0,0.0,0.0,0.0,0.0,0.0,0.0,0.0,1,0,1,0.0,0.0
11,Adryelson,BRA,DF,Lyon,26.0,1998.0,1,0,1,0.0,0,0.0,0,0.0,0,0.0,0,0.0,0,0,1,0,0.0,0.0,0.0,0.0,0.0,0.0,0.0,0.0,0,1,0,0.0,0.0
12,Emmanuel Agbadou,CIV,DF,Reims,27.0,1997.0,6,6,540,6.0,0,0.0,0,0.0,0,0.0,0,0.0,0,0,0,0,0.4,0.06,0.4,0.06,0.1,0.02,0.4,0.07,4,26,0,0.0,0.07
13,Ruben Aguilar,FRA,DF,Lens,31.0,1993.0,4,3,257,2.9,0,0.0,1,0.35,1,0.35,0,0.0,0,0,1,0,0.2,0.05,0.2,0.05,0.7,0.24,0.8,0.29,2,10,27,0.35,0.29
14,Jean-Eudes Aholou,CIV,MF,Angers,30.0,1994.0,5,5,373,4.1,0,0.0,0,0.0,0,0.0,0,0.0,0,0,1,0,0.5,0.13,0.5,0.13,0.1,0.02,0.6,0.15,6,18,5,0.0,0.15
15,Ayman Aiki,FRA,"FW,MF",Saint-Étienne,19.0,2005.0,3,1,87,1.0,0,0.0,0,0.0,0,0.0,0,0.0,0,0,0,0,0.1,0.06,0.1,0.06,0.0,0.0,0.1,0.06,2,4,6,0.0,0.06
16,Ludovic Ajorque,FRA,FW,Brest,30.0,1994.0,6,5,401,4.5,1,0.22,0,0.0,1,0.22,1,0.22,0,0,1,0,0.8,0.18,0.8,0.18,0.3,0.06,1.0,0.24,1,4,20,0.22,0.24
17,Ümit Akdag,ROU,DF,Toulouse,20.0,2003.0,1,1,85,0.9,0,0.0,0,0.0,0,0.0,0,0.0,0,0,0,0,0.0,0.0,0.0,0.0,0.0,0.0,0.0,0.0,0,9,0,0.0,0.0
18,Sergio Akieme,ESP,DF,Reims,26.0,1997.0,4,4,360,4.0,1,0.25,0,0.0,1,0.25,1,0.25,0,0,0,0,0.2,0.04,0.2,0.04,0.0,0.01,0.2,0.05,10,8,7,0.25,0.05
19,Maghnes Akliouche,FRA,"FW,MF",Monaco,22.0,2002.0,6,4,380,4.2,0,0.0,1,0.24,1,0.24,0,0.0,0,0,0,0,1.0,0.23,1.0,0.23,0.8,0.18,1.8,0.42,17,29,32,0.24,0.42
20,Clément Akpa,CIV,DF,Auxerre,22.0,2001.0,5,4,341,3.8,0,0.0,0,0.0,0,0.0,0,0.0,0,0,1,0,0.1,0.02,0.1,0.02,0.3,0.09,0.4,0.11,14,22,23,0.0,0.11
21,Mohamed Ali Cho,FRA,FW,Nice,20.0,2004.0,5,5,352,3.9,2,0.51,0,0.0,2,0.51,2,0.51,0,0,0,0,1.0,0.25,1.0,0.25,0.7,0.17,1.6,0.42,11,7,34,0.51,0.42
22,Jim Allevinah,GAB,FW,Angers,29.0,1995.0,3,3,207,2.3,0,0.0,0,0.0,0,0.0,0,0.0,0,0,1,0,0.2,0.09,0.2,0.09,0.0,0.01,0.2,0.1,2,13,18,0.0,0.1
23,Jordan Amavi,FRA,DF,Brest,30.0,1994.0,5,4,344,3.8,0,0.0,0,0.0,0,0.0,0,0.0,0,0,2,0,0.0,0.0,0.0,0.0,0.1,0.02,0.1,0.02,9,13,3,0.0,0.02
24,Kelvin Amian,FRA,DF,Nantes,26.0,1998.0,5,4,377,4.2,0,0.0,0,0.0,0,0.0,0,0.0,0,0,1,0,0.0,0.01,0.0,0.01,0.2,0.06,0.3,0.07,12,20,19,0.0,0.07
25,Michael Amir Murillo,PAN,DF,Marseille,28.0,1996.0,6,6,540,6.0,0,0.0,0,0.0,0,0.0,0,0.0,0,0,0,0,0.1,0.01,0.1,0.01,0.2,0.03,0.3,0.05,6,20,11,0.0,0.05
26,Mathis Amougou,FRA,MF,Saint-Étienne,18.0,2006.0,6,6,460,5.1,0,0.0,0,0.0,0,0.0,0,0.0,0,0,1,0,0.2,0.04,0.2,0.04,0.1,0.01,0.3,0.05,3,24,4,0.0,0.05
27,Benjamin André,FRA,MF,Lille,34.0,1990.0,5,5,442,4.9,0,0.0,0,0.0,0,0.0,0,0.0,0,0,3,0,0.2,0.05,0.2,0.05,0.3,0.06,0.5,0.11,5,44,9,0.0,0.11
28,Dennis Appiah,FRA,DF,Saint-Étienne,32.0,1992.0,5,3,347,3.9,0,0.0,0,0.0,0,0.0,0,0.0,0,0,0,0,0.0,0.01,0.0,0.01,0.0,0.01,0.0,0.01,8,18,14,0.0,0.01
29,Carlens Arcus,HAI,DF,Angers,28.0,1996.0,6,6,432,4.8,0,0.0,0,0.0,0,0.0,0,0.0,0,0,0,0,0.0,0.0,0.0,0.0,0.2,0.05,0.2,0.05,8,12,14,0.0,0.05
30,Hákon Arnar Haraldsson,ISL,MF,Lille,21.0,2003.0,3,2,168,1.9,0,0.0,1,0.54,1,0.54,0,0.0,0,0,0,0,0.5,0.25,0.5,0.25,0.2,0.08,0.6,0.33,8,18,12,0.54,0.33
31,Marco Asensio,ESP,"FW,MF",Paris S-G,28.0,1996.0,4,4,265,2.9,1,0.34,2,0.68,3,1.02,1,0.34,0,0,0,0,2.5,0.86,2.5,0.86,1.3,0.45,3.9,1.31,10,15,23,1.02,1.31
32,Lorenz Assignon,TOG,"DF,MF",Rennes,24.0,2000.0,6,5,386,4.3,0,0.0,1,0.23,1,0.23,0,0.0,0,0,2,0,0.0,0.0,0.0,0.0,0.1,0.03,0.1,0.03,12,17,23,0.23,0.03
33,Dehmaine Assoumani,FRA,"MF,FW",Nantes,19.0,2005.0,3,0,23,0.3,0,0.0,0,0.0,0,0.0,0,0.0,0,0,0,0,0.0,0.0,0.0,0.0,0.3,1.11,0.3,1.11,1,0,5,0.0,1.11
34,Valentin Atangana Edoa,FRA,MF,Reims,19.0,2005.0,6,6,507,5.6,0,0.0,0,0.0,0,0.0,0,0.0,0,0,1,0,0.1,0.02,0.1,0.02,0.1,0.01,0.2,0.04,3,21,3,0.0,0.04
35,Florian Ayé,FRA,FW,Auxerre,27.0,1997.0,5,1,144,1.6,0,0.0,0,0.0,0,0.0,0,0.0,0,0,0,0,0.3,0.17,0.3,0.17,0.0,0.0,0.3,0.17,1,2,10,0.0,0.17
36,Neil El Aynaoui,FRA,MF,Lens,23.0,2001.0,1,0,6,0.1,0,0.0,0,0.0,0,0.0,0,0.0,0,0,0,0,0.0,0.0,0.0,0.0,0.0,0.0,0.0,0.0,0,0,0,0.0,0.0
37,Shavy Babicka,GAB,MF,Toulouse,24.0,2000.0,5,2,241,2.7,3,1.12,0,0.0,3,1.12,3,1.12,0,0,1,0,1.4,0.54,1.4,0.54,0.0,0.01,1.5,0.55,3,4,28,1.12,0.55
38,Theo Bair,CAN,FW,Auxerre,25.0,1999.0,5,3,190,2.1,0,0.0,0,0.0,0,0.0,0,0.0,0,0,0,0,0.2,0.09,0.2,0.09,0.2,0.11,0.4,0.2,1,1,7,0.0,0.2
39,Mitchel Bakker,NED,DF,Lille,24.0,2000.0,3,0,50,0.6,0,0.0,0,0.0,0,0.0,0,0.0,0,0,0,0,0.8,1.45,0.8,1.45,0.0,0.08,0.9,1.53,2,5,11,0.0,1.53
40,Dilane Bakwa,FRA,"MF,DF",Strasbourg,22.0,2002.0,6,6,526,5.8,0,0.0,2,0.34,2,0.34,0,0.0,0,0,0,0,1.0,0.17,1.0,0.17,2.0,0.33,3.0,0.51,19,17,33,0.34,0.51
41,Leonardo Balerdi,ARG,DF,Marseille,25.0,1999.0,3,3,184,2.0,0,0.0,0,0.0,0,0.0,0,0.0,0,0,2,1,0.0,0.0,0.0,0.0,0.0,0.0,0.0,0.0,0,4,0,0.0,0.0
42,Folarin Balogun,USA,FW,Monaco,23.0,2001.0,5,4,339,3.8,2,0.53,0,0.0,2,0.53,2,0.53,0,0,0,0,3.4,0.9,3.4,0.9,0.6,0.16,4.0,1.06,10,6,45,0.53,1.06
43,Abdoulaye Bamba,CIV,DF,Angers,34.0,1990.0,3,3,242,2.7,0,0.0,0,0.0,0,0.0,0,0.0,0,0,1,0,0.0,0.0,0.0,0.0,0.1,0.03,0.1,0.03,0,6,0,0.0,0.03
44,Bradley Barcola,FRA,FW,Paris S-G,22.0,2002.0,6,5,374,4.2,6,1.44,0,0.0,6,1.44,6,1.44,0,0,0,0,3.5,0.84,3.5,0.84,0.8,0.18,4.2,1.02,25,12,56,1.44,1.02
45,Melvin Bard,FRA,"MF,DF",Nice,23.0,2000.0,4,4,332,3.7,0,0.0,0,0.0,0,0.0,0,0.0,0,0,1,0,0.1,0.02,0.1,0.02,0.0,0.01,0.1,0.02,6,14,10,0.0,0.02
46,Gabriel Bares,SUI,MF,Montpellier,24.0,2000.0,1,0,8,0.1,0,0.0,0,0.0,0,0.0,0,0.0,0,0,0,0,0.0,0.0,0.0,0.0,0.0,0.0,0.0,0.0,0,0,0,0.0,0.0
47,Dylan Batubinsika,COD,DF,Saint-Étienne,28.0,1996.0,6,6,540,6.0,0,0.0,0,0.0,0,0.0,0,0.0,0,0,1,0,0.1,0.01,0.1,0.01,0.0,0.0,0.1,0.01,2,13,1,0.0,0.01
48,Haris Belkebla,ALG,MF,Angers,30.0,1994.0,3,3,259,2.9,0,0.0,0,0.0,0,0.0,0,0.0,0,0,0,0,0.0,0.0,0.0,0.0,0.0,0.01,0.0,0.01,1,15,4,0.0,0.01
49,Yassin Belkhdim,FRA,MF,Angers,22.0,2002.0,6,3,279,3.1,0,0.0,0,0.0,0,0.0,0,0.0,0,0,1,0,0.1,0.05,0.1,0.05,0.0,0.01,0.2,0.05,6,6,11,0.0,0.05
50,Eliesse Ben Seghir,MAR,"FW,MF",Monaco,19.0,2005.0,6,5,394,4.4,2,0.46,0,0.0,2,0.46,2,0.46,0,0,0,0,1.0,0.22,1.0,0.22,1.7,0.39,2.7,0.61,33,31,40,0.46,0.61
51,Saïd Benrahma,ALG,"FW,MF",Lyon,29.0,1995.0,3,3,260,2.9,0,0.0,0,0.0,0,0.0,0,0.0,0,0,0,0,0.1,0.04,0.1,0.04,0.4,0.15,0.6,0.2,15,9,39,0.0,0.2
52,Lucas Beraldo,BRA,DF,Paris S-G,20.0,2003.0,5,5,442,4.9,0,0.0,0,0.0,0,0.0,0,0.0,0,0,2,0,0.0,0.0,0.0,0.0,0.1,0.02,0.1,0.02,3,23,0,0.0,0.02
53,Dimitry Bertaud,COD,GK,Montpellier,26.0,1998.0,2,2,180,2.0,0,0.0,0,0.0,0,0.0,0,0.0,0,0,0,0,0.0,0.0,0.0,0.0,0.0,0.0,0.0,0.0,0,0,0,0.0,0.0
54,Emmanuel Biumla,FRA,DF,Angers,19.0,2005.0,4,3,283,3.1,0,0.0,0,0.0,0,0.0,0,0.0,0,0,0,0,0.0,0.0,0.0,0.0,0.0,0.0,0.0,0.0,0,2,0,0.0,0.0
55,Marco Bizot,NED,GK,Brest,33.0,1991.0,6,6,540,6.0,0,0.0,0,0.0,0,0.0,0,0.0,0,0,0,0,0.0,0.0,0.0,0.0,0.0,0.0,0.0,0.0,0,0,0,0.0,0.0
56,Ludovic Blas,FRA,"MF,FW",Rennes,26.0,1997.0,6,6,504,5.6,2,0.36,2,0.36,4,0.71,2,0.36,0,0,1,0,1.8,0.32,1.8,0.32,0.9,0.16,2.7,0.48,18,21,41,0.71,0.48
57,Augustine Boakye,GHA,"MF,FW",Saint-Étienne,23.0,2000.0,3,0,54,0.6,0,0.0,0,0.0,0,0.0,0,0.0,0,0,0,0,0.0,0.07,0.0,0.07,0.0,0.0,0.0,0.07,3,1,2,0.0,0.07
58,Jeremie Boga,CIV,"FW,MF",Nice,27.0,1997.0,3,2,171,1.9,0,0.0,1,0.53,1,0.53,0,0.0,0,0,0,0,0.3,0.16,0.3,0.16,0.4,0.19,0.7,0.36,12,4,12,0.53,0.36
59,Moïse Bombito,CAN,DF,Nice,24.0,2000.0,4,4,334,3.7,0,0.0,0,0.0,0,0.0,0,0.0,0,0,2,1,0.0,0.0,0.0,0.0,0.0,0.0,0.0,0.0,1,14,1,0.0,0.0
60,Ayyoub Bouaddi,FRA,MF,Lille,16.0,2007.0,5,1,94,1.0,0,0.0,0,0.0,0,0.0,0,0.0,0,0,0,0,0.0,0.0,0.0,0.0,0.0,0.0,0.0,0.0,1,4,1,0.0,0.0
61,Badredine Bouanani,ALG,"FW,MF",Nice,19.0,2004.0,6,2,257,2.9,0,0.0,0,0.0,0,0.0,0,0.0,0,0,1,0,0.7,0.26,0.7,0.26,0.3,0.1,1.0,0.35,9,9,19,0.0,0.35
62,Benjamin Bouchouari,MAR,MF,Saint-Étienne,22.0,2001.0,2,0,28,0.3,0,0.0,0,0.0,0,0.0,0,0.0,0,0,0,0,0.0,0.0,0.0,0.0,0.0,0.0,0.0,0.0,1,1,0,0.0,0.0
63,Hicham Boudaoui,ALG,MF,Nice,25.0,1999.0,4,4,359,4.0,1,0.25,1,0.25,2,0.5,1,0.25,0,0,1,0,0.4,0.11,0.4,0.11,0.5,0.12,0.9,0.23,10,24,10,0.5,0.23
64,Benjamin Bourigeaud,FRA,MF,Rennes,30.0,1994.0,1,1,80,0.9,1,1.13,0,0.0,1,1.13,1,1.13,0,0,0,0,0.2,0.17,0.2,0.17,0.0,0.0,0.2,0.17,0,4,4,1.13,0.17
65,Bilal Brahimi,ALG,MF,Nice,24.0,2000.0,2,1,76,0.8,0,0.0,0,0.0,0,0.0,0,0.0,0,0,0,0,0.0,0.05,0.0,0.05,0.0,0.01,0.1,0.07,3,4,10,0.0,0.07
66,Lilian Brassier,FRA,DF,Marseille,24.0,1999.0,5,5,442,4.9,0,0.0,0,0.0,0,0.0,0,0.0,0,0,2,0,0.1,0.02,0.1,0.02,0.0,0.0,0.1,0.02,6,17,4,0.0,0.02
67,Aurélio Buta,POR,DF,Reims,27.0,1997.0,4,4,333,3.7,0,0.0,1,0.27,1,0.27,0,0.0,0,0,2,0,0.0,0.01,0.0,0.01,0.1,0.04,0.2,0.05,3,9,9,0.27,0.05
68,Marcin Bułka,POL,GK,Nice,24.0,1999.0,6,6,540,6.0,0,0.0,0,0.0,0,0.0,0,0.0,0,0,0,0,0.0,0.0,0.0,0.0,0.0,0.0,0.0,0.0,0,0,0,0.0,0.0
69,Rémy Cabella,FRA,"MF,FW",Lille,34.0,1990.0,6,3,260,2.9,0,0.0,1,0.35,1,0.35,0,0.0,0,0,0,0,0.8,0.26,0.8,0.26,0.9,0.3,1.6,0.56,11,17,33,0.35,0.56
70,Mathieu Cafaro,FRA,"MF,FW",Saint-Étienne,27.0,1997.0,6,5,397,4.4,1,0.23,0,0.0,1,0.23,1,0.23,0,0,2,0,0.8,0.19,0.8,0.19,0.3,0.07,1.1,0.26,9,7,30,0.23,0.26
71,Duje Ćaleta-Car,CRO,DF,Lyon,28.0,1996.0,6,6,539,6.0,1,0.17,0,0.0,1,0.17,1,0.17,0,0,3,0,0.7,0.11,0.7,0.11,0.0,0.0,0.7,0.11,1,12,0,0.17,0.11
72,Issiaga Camara,GUI,MF,Nice,19.0,2005.0,1,0,4,0.0,0,0.0,0,0.0,0,0.0,0,0.0,0,0,0,0,0.0,0.0,0.0,0.0,0.0,0.0,0.0,0.0,0,0,1,0.0,0.0
73,Lamine Camara,SEN,MF,Monaco,20.0,2004.0,5,4,337,3.7,2,0.53,1,0.27,3,0.8,2,0.53,0,0,3,1,0.6,0.17,0.6,0.17,0.7,0.2,1.4,0.37,6,17,6,0.8,0.37
74,Mahdi Camara,FRA,MF,Brest,26.0,1998.0,6,5,456,5.1,2,0.39,0,0.0,2,0.39,2,0.39,0,0,1,0,0.6,0.11,0.6,0.11,0.2,0.04,0.8,0.15,10,20,15,0.39,0.15
75,Axel Camblan,FRA,"MF,FW",Brest,21.0,2003.0,2,0,26,0.3,0,0.0,0,0.0,0,0.0,0,0.0,0,0,0,0,0.0,0.17,0.0,0.17,0.0,0.0,0.0,0.17,2,2,1,0.0,0.17
76,Jaydee Canvot,FRA,DF,Toulouse,18.0,2006.0,1,0,5,0.1,0,0.0,0,0.0,0,0.0,0,0.0,0,0,0,0,0.0,0.0,0.0,0.0,0.0,0.0,0.0,0.0,0,0,0,0.0,0.0
77,Pierrick Capelle,FRA,MF,Angers,37.0,1987.0,4,2,183,2.0,0,0.0,0,0.0,0,0.0,0,0.0,0,0,1,0,0.0,0.02,0.0,0.02,0.0,0.0,0.0,0.02,3,7,6,0.0,0.02
78,Maxence Caqueret,FRA,MF,Lyon,24.0,2000.0,6,5,458,5.1,0,0.0,0,0.0,0,0.0,0,0.0,0,0,0,0,0.3,0.06,0.3,0.06,0.3,0.06,0.6,0.12,12,39,12,0.0,0.12
79,Valentin Carboni,ARG,"MF,FW",Marseille,19.0,2005.0,3,0,58,0.6,0,0.0,0,0.0,0,0.0,0,0.0,0,0,0,0,0.0,0.05,0.0,0.05,0.0,0.06,0.1,0.11,4,4,4,0.0,0.11
80,Josué Casimir,FRA,"FW,DF",Le Havre,23.0,2001.0,6,5,406,4.5,0,0.0,0,0.0,0,0.0,0,0.0,0,0,2,0,0.6,0.14,0.6,0.14,0.2,0.04,0.8,0.19,13,12,22,0.0,0.19
81,Cristian Cásseres Jr.,VEN,MF,Toulouse,24.0,2000.0,6,5,427,4.7,0,0.0,1,0.21,1,0.21,0,0.0,0,0,3,0,0.2,0.05,0.2,0.05,0.2,0.04,0.4,0.09,3,29,4,0.21,0.09
82,Jean-Charles Castelletto,CMR,DF,Nantes,29.0,1995.0,5,5,450,5.0,0,0.0,0,0.0,0,0.0,0,0.0,0,0,2,0,0.1,0.02,0.1,0.02,0.0,0.0,0.1,0.02,0,14,0,0.0,0.02
83,Brendan Chardonnet,FRA,DF,Brest,29.0,1994.0,5,5,450,5.0,0,0.0,0,0.0,0,0.0,0,0.0,0,0,1,0,0.1,0.02,0.1,0.02,0.0,0.0,0.1,0.02,2,4,1,0.0,0.02
84,Jhoanner Chávez,ECU,DF,Lens,22.0,2002.0,4,4,302,3.4,1,0.3,0,0.0,1,0.3,1,0.3,0,0,0,0,0.1,0.03,0.1,0.03,0.3,0.08,0.4,0.12,6,2,18,0.3,0.12
85,Théo Chennahi,FRA,DF,Montpellier,19.0,2005.0,1,0,3,0.0,0,0.0,0,0.0,0,0.0,0,0.0,0,0,0,0,0.0,0.0,0.0,0.0,0.0,0.0,0.0,0.0,0,0,0,0.0,0.0
86,Sidiki Cherif,FRA,FW,Angers,17.0,2006.0,5,3,282,3.1,0,0.0,0,0.0,0,0.0,0,0.0,0,0,0,0,0.4,0.14,0.4,0.14,0.2,0.06,0.6,0.19,8,2,14,0.0,0.19
87,Rayan Cherki,FRA,MF,Lyon,21.0,2003.0,2,0,46,0.5,1,1.96,0,0.0,1,1.96,1,1.96,0,0,1,0,0.2,0.42,0.2,0.42,0.0,0.0,0.2,0.42,2,2,4,1.96,0.42
88,Lucas Chevalier,FRA,GK,Lille,22.0,2001.0,6,6,540,6.0,0,0.0,0,0.0,0,0.0,0,0.0,0,0,0,0,0.0,0.0,0.0,0.0,0.0,0.0,0.0,0.0,0,0,0,0.0,0.0
89,Pedro Chirivella,ESP,MF,Nantes,27.0,1997.0,6,6,525,5.8,0,0.0,1,0.17,1,0.17,0,0.0,0,0,0,0,0.1,0.01,0.1,0.01,0.3,0.05,0.3,0.06,3,48,6,0.17,0.06
90,Joris Chotard,FRA,MF,Montpellier,23.0,2001.0,3,3,219,2.4,0,0.0,0,0.0,0,0.0,0,0.0,0,0,1,0,0.1,0.03,0.1,0.03,0.0,0.0,0.1,0.03,1,15,4,0.0,0.03
91,Jonathan Clauss,FRA,"MF,DF",Nice,32.0,1992.0,6,5,448,5.0,1,0.2,2,0.4,3,0.6,1,0.2,0,0,0,0,0.6,0.13,0.6,0.13,1.3,0.26,2.0,0.39,10,15,21,0.6,0.39
92,Marcus Coco,FRA,DF,Nantes,28.0,1996.0,5,3,277,3.1,0,0.0,0,0.0,0,0.0,0,0.0,0,0,2,1,0.0,0.01,0.0,0.01,0.1,0.02,0.1,0.03,6,13,10,0.0,0.03
93,Derek Cornelius,CAN,DF,Marseille,26.0,1997.0,4,4,343,3.8,0,0.0,0,0.0,0,0.0,0,0.0,0,0,3,1,0.1,0.01,0.1,0.01,0.0,0.01,0.1,0.02,1,7,0,0.0,0.02
94,Pierre Cornud,FRA,DF,Saint-Étienne,27.0,1996.0,3,3,208,2.3,0,0.0,0,0.0,0,0.0,0,0.0,0,0,2,0,0.0,0.0,0.0,0.0,0.2,0.1,0.2,0.1,2,8,9,0.0,0.1
95,David Costa,POR,MF,Lens,23.0,2001.0,3,1,134,1.5,0,0.0,0,0.0,0,0.0,0,0.0,0,0,0,0,0.6,0.38,0.6,0.38,0.1,0.07,0.7,0.45,5,9,4,0.0,0.45
96,Logan Costa,CPV,DF,Toulouse,23.0,2001.0,1,1,90,1.0,0,0.0,0,0.0,0,0.0,0,0.0,0,0,0,0,0.0,0.0,0.0,0.0,0.5,0.5,0.5,0.5,1,4,1,0.0,0.5
97,Lasso Coulibaly,GHA,"FW,MF",Auxerre,21.0,2002.0,2,0,38,0.4,1,2.37,0,0.0,1,2.37,1,2.37,0,0,0,0,0.2,0.52,0.2,0.52,0.0,0.0,0.2,0.52,0,0,3,2.37,0.52
98,Soumaïla Coulibaly,FRA,DF,Brest,20.0,2003.0,2,1,107,1.2,0,0.0,0,0.0,0,0.0,0,0.0,0,0,0,0,0.0,0.02,0.0,0.02,0.0,0.0,0.0,0.02,0,2,0,0.0,0.02
99,Tanguy Coulibaly,FRA,FW,Montpellier,23.0,2001.0,5,3,284,3.2,0,0.0,0,0.0,0,0.0,0,0.0,0,0,2,1,0.2,0.08,0.2,0.08,0.4,0.11,0.6,0.19,16,5,23,0.0,0.19
100,Nicolas Cozza,FRA,DF,Nantes,25.0,1999.0,3,1,121,1.3,0,0.0,0,0.0,0,0.0,0,0.0,0,0,0,0,0.0,0.0,0.0,0.0,0.0,0.03,0.0,0.03,3,5,2,0.0,0.03
101,Charlie Cresswell,ENG,DF,Toulouse,22.0,2002.0,5,4,328,3.6,0,0.0,0,0.0,0,0.0,0,0.0,0,0,0,0,0.9,0.24,0.9,0.24,0.5,0.13,1.3,0.37,4,10,1,0.0,0.37
102,Kévin Danois,FRA,"MF,DF",Auxerre,20.0,2004.0,5,2,221,2.5,0,0.0,0,0.0,0,0.0,0,0.0,0,0,0,0,0.3,0.13,0.3,0.13,0.2,0.1,0.6,0.23,4,21,7,0.0,0.23
103,Kevin Danso,AUT,DF,Lens,26.0,1998.0,2,2,180,2.0,0,0.0,0,0.0,0,0.0,0,0.0,0,0,0,0,0.0,0.02,0.0,0.02,0.0,0.02,0.1,0.04,0,6,0,0.0,0.04
104,Dante,BRA,DF,Nice,40.0,1983.0,6,5,473,5.3,0,0.0,0,0.0,0,0.0,0,0.0,0,0,3,0,0.0,0.0,0.0,0.0,0.0,0.0,0.0,0.0,6,33,5,0.0,0.0
105,Pape Daouda Diongue,SEN,MF,Strasbourg,0.0,0.0,1,1,45,0.5,0,0.0,0,0.0,0,0.0,0,0.0,0,0,0,0,0.2,0.32,0.2,0.32,0.0,0.0,0.2,0.32,2,0,2,0.0,0.32
106,Mohammed Daramy,DEN,FW,Reims,22.0,2002.0,1,0,8,0.1,0,0.0,0,0.0,0,0.0,0,0.0,0,0,0,0,0.0,0.0,0.0,0.0,0.0,0.0,0.0,0.0,0,0,0,0.0,0.0
107,Jonathan David,CAN,FW,Lille,24.0,2000.0,6,3,373,4.1,5,1.21,0,0.0,5,1.21,4,0.97,1,1,0,0,2.9,0.69,2.1,0.5,0.2,0.04,2.3,0.55,6,10,31,0.97,0.74
108,Zuriko Davitashvili,GEO,"MF,FW",Saint-Étienne,23.0,2001.0,6,6,509,5.7,0,0.0,2,0.35,2,0.35,0,0.0,0,0,0,0,0.3,0.06,0.3,0.06,0.5,0.08,0.8,0.14,12,11,31,0.35,0.14
109,Thibault De Smet,BEL,DF,Reims,26.0,1998.0,2,0,8,0.1,0,0.0,0,0.0,0,0.0,0,0.0,0,0,0,0,0.0,0.0,0.0,0.0,0.0,0.0,0.0,0.0,0,0,2,0.0,0.0
110,Romain Del Castillo,FRA,FW,Brest,28.0,1996.0,5,5,404,4.5,2,0.45,1,0.22,3,0.67,0,0.0,2,3,0,0,2.7,0.61,0.4,0.08,0.5,0.12,0.9,0.2,12,19,30,0.22,0.72
111,Ousmane Dembélé,FRA,FW,Paris S-G,27.0,1997.0,6,4,340,3.8,4,1.06,3,0.79,7,1.85,4,1.06,0,0,1,0,2.5,0.65,2.5,0.65,2.8,0.73,5.2,1.38,31,26,58,1.85,1.38
112,Arthur Desmas,FRA,GK,Le Havre,30.0,1994.0,6,6,540,6.0,0,0.0,0,0.0,0,0.0,0,0.0,0,0,1,0,0.0,0.0,0.0,0.0,0.0,0.0,0.0,0.0,0,0,0,0.0,0.0
113,Mamadou Diakhon,FRA,"FW,MF",Reims,19.0,2005.0,3,0,42,0.5,0,0.0,0,0.0,0,0.0,0,0.0,0,0,0,0,0.1,0.13,0.1,0.13,0.1,0.13,0.1,0.26,3,0,5,0.0,0.26
114,Bafodé Diakité,FRA,DF,Lille,23.0,2001.0,6,6,540,6.0,1,0.17,1,0.17,2,0.33,1,0.17,0,0,2,0,0.9,0.15,0.9,0.15,0.1,0.01,0.9,0.16,3,23,0,0.33,0.16
115,Oumar Diakité,CIV,FW,Reims,20.0,2003.0,6,6,425,4.7,1,0.21,0,0.0,1,0.21,1,0.21,0,0,2,0,1.0,0.2,1.0,0.2,0.2,0.04,1.2,0.25,9,18,21,0.21,0.25
116,Habib Diarra,SEN,"MF,FW",Strasbourg,20.0,2004.0,6,6,478,5.3,1,0.19,0,0.0,1,0.19,1,0.19,0,0,1,0,0.7,0.13,0.7,0.13,0.6,0.11,1.3,0.24,14,17,19,0.19,0.24
117,Krépin Diatta,SEN,DF,Monaco,25.0,1999.0,1,0,12,0.1,0,0.0,0,0.0,0,0.0,0,0.0,0,0,0,0,0.0,0.0,0.0,0.0,0.0,0.0,0.0,0.0,1,3,1,0.0,0.0
118,Kandet Diawara,GUI,FW,Le Havre,24.0,2000.0,1,0,4,0.0,0,0.0,0,0.0,0,0.0,0,0.0,0,0,0,0,0.0,0.0,0.0,0.0,0.0,0.0,0.0,0.0,0,0,0,0.0,0.0
119,Mahamadou Diawara,FRA,MF,Lyon,19.0,2005.0,2,0,16,0.2,0,0.0,0,0.0,0,0.0,0,0.0,0,0,0,0,0.0,0.0,0.0,0.0,0.0,0.0,0.0,0.0,1,1,0,0.0,0.0
120,Bamba Dieng,SEN,FW,Angers,24.0,2000.0,3,2,210,2.3,1,0.43,0,0.0,1,0.43,1,0.43,0,0,1,0,0.6,0.24,0.6,0.24,0.0,0.0,0.6,0.24,2,2,14,0.43,0.24
121,Sinaly Diomande,CIV,DF,Auxerre,23.0,2001.0,4,3,295,3.3,0,0.0,1,0.31,1,0.31,0,0.0,0,0,2,0,0.0,0.0,0.0,0.0,0.2,0.07,0.2,0.07,1,12,3,0.31,0.07
122,Lois Diony,FRA,FW,Angers,31.0,1992.0,1,0,21,0.2,0,0.0,0,0.0,0,0.0,0,0.0,0,0,0,0,0.0,0.0,0.0,0.0,0.0,0.0,0.0,0.0,0,0,2,0.0,0.0
123,Sofiane Diop,FRA,"FW,MF",Nice,24.0,2000.0,3,0,34,0.4,1,2.65,0,0.0,1,2.65,1,2.65,0,0,0,0,0.9,2.53,0.9,2.53,0.0,0.13,1.0,2.66,2,4,1,2.65,2.66
124,Andy Diouf,FRA,MF,Lens,21.0,2003.0,6,5,460,5.1,0,0.0,0,0.0,0,0.0,0,0.0,0,0,0,0,0.2,0.05,0.2,0.05,0.7,0.13,0.9,0.17,16,21,13,0.0,0.17
125,Yehvann Diouf,FRA,GK,Reims,24.0,1999.0,6,6,540,6.0,0,0.0,0,0.0,0,0.0,0,0.0,0,0,0,0,0.0,0.0,0.0,0.0,0.0,0.0,0.0,0.0,0,0,0,0.0,0.0
126,Assane Dioussé,SEN,MF,Auxerre,27.0,1997.0,1,0,6,0.1,0,0.0,0,0.0,0,0.0,0,0.0,0,0,0,0,0.0,0.05,0.0,0.05,0.0,0.0,0.0,0.05,0,3,0,0.0,0.05
127,Gianluigi Donnarumma,ITA,GK,Paris S-G,25.0,1999.0,4,4,360,4.0,0,0.0,0,0.0,0,0.0,0,0.0,0,0,1,0,0.0,0.0,0.0,0.0,0.0,0.0,0.0,0.0,0,0,0,0.0,0.0
128,Désiré Doué,FRA,FW,Paris S-G,19.0,2005.0,4,1,147,1.6,0,0.0,1,0.61,1,0.61,0,0.0,0,0,0,0,0.5,0.28,0.5,0.28,1.3,0.78,1.7,1.06,6,13,20,0.61,1.06
129,Guela Doué,CIV,DF,Strasbourg,21.0,2002.0,6,6,540,6.0,0,0.0,0,0.0,0,0.0,0,0.0,0,0,3,0,0.2,0.04,0.2,0.04,0.0,0.01,0.3,0.04,4,24,2,0.0,0.04
130,Douglas,BRA,MF,Nantes,27.0,1997.0,5,5,415,4.6,1,0.22,0,0.0,1,0.22,1,0.22,0,0,2,0,1.1,0.24,1.1,0.24,0.3,0.06,1.4,0.3,3,21,12,0.22,0.3
131,Ismaël Doukouré,FRA,MF,Strasbourg,21.0,2003.0,6,6,495,5.5,0,0.0,1,0.18,1,0.18,0,0.0,0,0,2,0,0.1,0.01,0.1,0.01,0.6,0.12,0.7,0.13,6,23,5,0.18,0.13
132,Kamory Doumbia,MLI,MF,Brest,21.0,2003.0,3,1,117,1.3,0,0.0,0,0.0,0,0.0,0,0.0,0,0,0,0,0.1,0.04,0.1,0.04,0.0,0.0,0.1,0.04,1,6,5,0.0,0.04
133,Jean-Kevin Duverne,HAI,DF,Nantes,27.0,1997.0,5,4,327,3.6,0,0.0,0,0.0,0,0.0,0,0.0,0,0,1,0,0.1,0.04,0.1,0.04,0.1,0.03,0.2,0.06,3,14,4,0.0,0.06
134,Stefan Džodić,SRB,DF,Montpellier,19.0,2005.0,1,1,90,1.0,0,0.0,0,0.0,0,0.0,0,0.0,0,0,1,0,0.0,0.01,0.0,0.01,0.0,0.0,0.0,0.01,1,3,0,0.0,0.01
135,Aron Dønnum,NOR,"DF,MF",Toulouse,26.0,1998.0,6,5,372,4.1,0,0.0,0,0.0,0,0.0,0,0.0,0,0,3,0,0.0,0.0,0.0,0.0,0.1,0.03,0.1,0.03,10,19,29,0.0,0.03
136,Jacques Ekomie,GAB,DF,Angers,21.0,2003.0,3,3,222,2.5,0,0.0,0,0.0,0,0.0,0,0.0,0,0,0,0,0.0,0.01,0.0,0.01,0.0,0.0,0.0,0.01,3,5,8,0.0,0.01
137,Pierre Ekwah Elimby,FRA,MF,Saint-Étienne,22.0,2002.0,3,3,270,3.0,0,0.0,0,0.0,0,0.0,0,0.0,0,0,1,0,0.0,0.01,0.0,0.01,0.0,0.02,0.1,0.02,1,18,2,0.0,0.02
138,Breel Embolo,SUI,FW,Monaco,27.0,1997.0,5,4,332,3.7,0,0.0,2,0.54,2,0.54,0,0.0,0,0,1,0,2.5,0.67,2.5,0.67,1.8,0.49,4.3,1.16,6,6,26,0.54,1.16
139,Emanuel Emegha,NED,FW,Strasbourg,21.0,2003.0,6,6,503,5.6,3,0.54,1,0.18,4,0.72,3,0.54,0,0,1,0,3.8,0.67,3.8,0.67,1.1,0.2,4.9,0.87,12,3,22,0.72,0.87
140,Romain Faivre,FRA,"MF,FW",Brest,26.0,1998.0,5,3,264,2.9,1,0.34,0,0.0,1,0.34,1,0.34,0,0,1,0,0.6,0.2,0.6,0.2,0.2,0.06,0.8,0.27,6,13,13,0.34,0.27
141,Khalil Fayad,FRA,"MF,FW",Montpellier,20.0,2004.0,4,3,254,2.8,0,0.0,0,0.0,0,0.0,0,0.0,0,0,0,0,0.2,0.06,0.2,0.06,0.1,0.03,0.3,0.09,6,17,7,0.0,0.09
142,Zinedine Ferhat,ALG,"FW,MF",Angers,31.0,1993.0,5,1,162,1.8,1,0.56,0,0.0,1,0.56,1,0.56,0,0,0,0,0.3,0.17,0.3,0.17,0.3,0.18,0.6,0.35,4,11,18,0.56,0.35
143,Edimilson Fernandes,SUI,MF,Brest,28.0,1996.0,2,2,140,1.6,0,0.0,0,0.0,0,0.0,0,0.0,0,0,0,0,0.0,0.0,0.0,0.0,0.1,0.07,0.1,0.07,1,2,0,0.0,0.07
144,Matias Fernandez-Pardo,BEL,FW,Lille,19.0,2005.0,1,0,23,0.3,0,0.0,0,0.0,0,0.0,0,0.0,0,0,0,0,0.0,0.0,0.0,0.0,0.1,0.36,0.1,0.36,1,1,1,0.0,0.36
145,Jordan Ferri,FRA,MF,Montpellier,32.0,1992.0,4,3,271,3.0,0,0.0,0,0.0,0,0.0,0,0.0,0,0,2,0,0.0,0.01,0.0,0.01,0.2,0.06,0.2,0.07,1,20,8,0.0,0.07
146,Karol Fila,POL,MF,Strasbourg,26.0,1998.0,1,0,5,0.1,0,0.0,0,0.0,0,0.0,0,0.0,0,0,1,0,0.0,0.0,0.0,0.0,0.0,0.0,0.0,0.0,0,0,0,0.0,0.0
147,Malick Fofana,BEL,"FW,DF",Lyon,19.0,2005.0,6,1,192,2.1,1,0.47,1,0.47,2,0.94,1,0.47,0,0,0,0,0.1,0.07,0.1,0.07,0.3,0.13,0.4,0.2,16,8,16,0.94,0.2
148,Yahia Fofana,CIV,GK,Angers,24.0,2000.0,6,6,540,6.0,0,0.0,0,0.0,0,0.0,0,0.0,0,0,1,0,0.0,0.0,0.0,0.0,0.0,0.0,0.0,0.0,0,0,0,0.0,0.0
149,Lamine Fomba,FRA,MF,Saint-Étienne,26.0,1998.0,2,1,68,0.8,0,0.0,0,0.0,0,0.0,0,0.0,0,0,1,0,0.0,0.03,0.0,0.03,0.0,0.0,0.0,0.03,0,6,1,0.0,0.03
150,Przemysław Frankowski,POL,DF,Lens,29.0,1995.0,5,3,284,3.2,1,0.32,0,0.0,1,0.32,0,0.0,1,1,1,0,0.9,0.28,0.1,0.03,0.2,0.07,0.3,0.1,3,19,27,0.0,0.35
151,Angelo Fulgini,FRA,"MF,FW",Lens,28.0,1996.0,4,2,172,1.9,0,0.0,0,0.0,0,0.0,0,0.0,0,0,0,0,0.4,0.2,0.4,0.2,0.6,0.32,1.0,0.52,1,11,18,0.0,0.52
152,Ignatius Ganago,CMR,FW,Nantes,25.0,1999.0,2,0,23,0.3,0,0.0,0,0.0,0,0.0,0,0.0,0,0,0,0,0.1,0.22,0.1,0.22,0.1,0.44,0.2,0.66,0,3,5,0.0,0.66
153,Ulisses Garcia,SUI,"DF,MF",Marseille,28.0,1996.0,3,0,41,0.5,1,2.2,0,0.0,1,2.2,1,2.2,0,0,0,0,0.1,0.19,0.1,0.19,0.1,0.12,0.1,0.31,1,1,5,2.2,0.31
154,Jean-Philippe Gbamin,CIV,MF,Nantes,29.0,1995.0,2,0,14,0.2,0,0.0,0,0.0,0,0.0,0,0.0,0,0,1,0,0.1,0.44,0.1,0.44,0.0,0.0,0.1,0.44,1,1,0,0.0,0.44
155,Yann Gboho,FRA,"FW,MF",Toulouse,23.0,2001.0,6,6,524,5.8,2,0.34,1,0.17,3,0.52,2,0.34,0,0,0,0,1.6,0.27,1.6,0.27,0.5,0.08,2.0,0.35,28,21,52,0.52,0.35
156,Denis Genreau,AUS,MF,Toulouse,25.0,1999.0,1,0,1,0.0,0,0.0,0,0.0,0,0.0,0,0.0,0,0,0,0,0.1,5.79,0.1,5.79,0.2,17.89,0.3,23.68,0,0,0,0.0,23.68
157,Aleksandr Golovin,RUS,MF,Monaco,28.0,1996.0,4,3,252,2.8,0,0.0,0,0.0,0,0.0,0,0.0,0,0,0,0,0.6,0.22,0.6,0.22,0.7,0.23,1.3,0.45,12,26,16,0.0,0.45
158,André Gomes,POR,MF,Lille,31.0,1993.0,2,2,156,1.7,0,0.0,0,0.0,0,0.0,0,0.0,0,0,0,0,0.0,0.0,0.0,0.0,0.0,0.03,0.0,0.03,1,8,4,0.0,0.03
159,Angel Gomes,ENG,MF,Lille,24.0,2000.0,5,4,292,3.2,0,0.0,1,0.31,1,0.31,0,0.0,0,1,0,0,0.8,0.25,0.0,0.0,1.8,0.55,1.8,0.55,8,23,22,0.31,0.8
160,Carlos Gómez,COL,MF,Rennes,22.0,2002.0,1,0,27,0.3,0,0.0,0,0.0,0,0.0,0,0.0,0,0,0,0,0.0,0.0,0.0,0.0,0.0,0.0,0.0,0.0,1,0,3,0.0,0.0
161,Amine Gouiri,ALG,"FW,MF",Rennes,24.0,2000.0,6,4,387,4.3,1,0.23,1,0.23,2,0.47,1,0.23,0,0,0,0,2.0,0.47,2.0,0.47,0.2,0.05,2.2,0.51,10,17,22,0.47,0.51
162,Jonathan Gradit,FRA,DF,Lens,31.0,1992.0,6,6,524,5.8,0,0.0,0,0.0,0,0.0,0,0.0,0,0,1,0,0.3,0.04,0.3,0.04,0.4,0.07,0.7,0.11,6,47,1,0.0,0.11
163,Samuel Grandsir,FRA,"MF,FW",Le Havre,28.0,1996.0,3,0,49,0.5,0,0.0,0,0.0,0,0.0,0,0.0,0,0,0,0,0.0,0.0,0.0,0.0,0.6,1.06,0.6,1.06,0,1,3,0.0,1.06
164,Mason Greenwood,ENG,FW,Marseille,22.0,2001.0,6,6,527,5.9,5,0.85,0,0.0,5,0.85,4,0.68,1,1,0,0,2.2,0.37,1.4,0.23,0.6,0.11,2.0,0.34,27,17,45,0.68,0.48
165,Albert Grønbaek,DEN,"MF,FW",Rennes,23.0,2001.0,6,5,394,4.4,1,0.23,1,0.23,2,0.46,1,0.23,0,0,0,0,0.5,0.12,0.5,0.12,0.7,0.15,1.2,0.27,11,14,26,0.46,0.27
166,Gabriel Gudmundsson,SWE,DF,Lille,25.0,1999.0,6,5,408,4.5,0,0.0,0,0.0,0,0.0,0,0.0,0,0,0,0,0.1,0.03,0.1,0.03,0.3,0.07,0.5,0.1,16,16,28,0.0,0.1
167,Evann Guessand,CIV,FW,Nice,23.0,2001.0,6,6,492,5.5,3,0.55,1,0.18,4,0.73,3,0.55,0,0,0,0,3.2,0.58,3.2,0.58,0.8,0.15,4.0,0.73,11,15,29,0.73,0.73
168,Herba Guirassy,FRA,FW,Nantes,18.0,2006.0,3,0,11,0.1,1,8.18,0,0.0,1,8.18,1,8.18,0,0,0,0,0.4,3.05,0.4,3.05,0.0,0.0,0.4,3.05,1,0,0,8.18,3.05
169,Massadio Haïdara,MLI,DF,Brest,31.0,1992.0,2,2,171,1.9,0,0.0,0,0.0,0,0.0,0,0.0,0,0,0,0,0.0,0.0,0.0,0.0,0.0,0.0,0.0,0.0,2,10,3,0.0,0.0
170,Achraf Hakimi,MAR,DF,Paris S-G,25.0,1998.0,5,5,443,4.9,1,0.2,3,0.61,4,0.81,1,0.2,0,0,0,0,0.9,0.18,0.9,0.18,2.6,0.53,3.5,0.7,26,34,48,0.81,0.7
171,Florent Hanin,ALG,DF,Angers,34.0,1990.0,5,3,312,3.5,0,0.0,1,0.29,1,0.29,0,0.0,0,0,1,0,0.0,0.0,0.0,0.0,0.5,0.14,0.5,0.14,6,20,25,0.29,0.14
172,Amine Harit,MAR,MF,Marseille,27.0,1997.0,6,6,372,4.1,1,0.24,3,0.73,4,0.97,1,0.24,0,0,0,0,0.3,0.07,0.3,0.07,0.9,0.22,1.2,0.29,8,21,13,0.97,0.29
173,Hans Hateboer,NED,DF,Rennes,30.0,1994.0,6,3,334,3.7,0,0.0,0,0.0,0,0.0,0,0.0,0,0,1,0,0.3,0.08,0.3,0.08,0.6,0.17,0.9,0.24,6,15,25,0.0,0.24
174,Luis Henrique,BRA,FW,Marseille,22.0,2001.0,6,6,471,5.2,3,0.57,3,0.57,6,1.15,3,0.57,0,0,0,0,0.8,0.16,0.8,0.16,0.8,0.15,1.6,0.31,9,25,33,1.15,0.31
175,Ki-Jana Hoever,NED,DF,Auxerre,22.0,2002.0,4,4,289,3.2,0,0.0,0,0.0,0,0.0,0,0.0,0,0,2,1,0.0,0.0,0.0,0.0,0.3,0.1,0.3,0.1,10,15,17,0.0,0.1
176,Cédric Hountondji,BEN,DF,Angers,30.0,1994.0,3,3,270,3.0,0,0.0,0,0.0,0,0.0,0,0.0,0,0,0,0,0.0,0.0,0.0,0.0,0.0,0.0,0.0,0.0,0,1,0,0.0,0.0
177,Ilyes Housni,FRA,MF,Le Havre,19.0,2005.0,1,0,9,0.1,0,0.0,0,0.0,0,0.0,0,0.0,0,0,0,0,0.0,0.0,0.0,0.0,0.0,0.0,0.0,0.0,1,2,1,0.0,0.0
178,Pierre Højbjerg,DEN,"MF,DF",Marseille,29.0,1995.0,6,6,535,5.9,0,0.0,0,0.0,0,0.0,0,0.0,0,0,1,0,0.2,0.03,0.2,0.03,0.1,0.01,0.2,0.04,2,25,3,0.0,0.04
179,George Ilenikhena,FRA,"FW,MF",Monaco,18.0,2006.0,6,1,200,2.2,0,0.0,1,0.45,1,0.45,0,0.0,0,0,0,0,0.7,0.32,0.7,0.32,0.8,0.34,1.5,0.67,3,2,11,0.45,0.67
180,Ismaily,BRA,DF,Lille,34.0,1990.0,1,1,82,0.9,0,0.0,0,0.0,0,0.0,0,0.0,0,0,1,0,0.1,0.06,0.1,0.06,0.1,0.16,0.2,0.22,0,8,8,0.0,0.22
181,Yanis Issoufou,FRA,"FW,MF",Montpellier,17.0,2006.0,3,1,73,0.8,0,0.0,0,0.0,0,0.0,0,0.0,0,0,0,0,0.0,0.04,0.0,0.04,0.0,0.0,0.0,0.04,2,1,2,0.0,0.04
182,Junya Ito,JPN,FW,Reims,31.0,1993.0,6,6,521,5.8,2,0.35,1,0.17,3,0.52,2,0.35,0,0,0,0,0.7,0.12,0.7,0.12,1.2,0.2,1.9,0.32,29,30,38,0.52,0.32
183,Ismail Jakobs,SEN,DF,Monaco,25.0,1999.0,2,2,180,2.0,0,0.0,0,0.0,0,0.0,0,0.0,0,0,0,0,0.0,0.0,0.0,0.0,0.2,0.11,0.2,0.11,9,6,17,0.0,0.11
184,Jordan James,WAL,MF,Rennes,20.0,2004.0,3,0,30,0.3,0,0.0,0,0.0,0,0.0,0,0.0,0,0,1,0,0.1,0.26,0.1,0.26,0.2,0.7,0.3,0.96,0,1,1,0.0,0.96
185,Karl-Johan Johnsson,SWE,GK,Strasbourg,34.0,1990.0,3,3,270,3.0,0,0.0,0,0.0,0,0.0,0,0.0,0,0,0,0,0.0,0.0,0.0,0.0,0.0,0.0,0.0,0.0,0,0,0,0.0,0.0
186,Paul Joly,FRA,DF,Auxerre,24.0,2000.0,6,4,366,4.1,0,0.0,1,0.25,1,0.25,0,0.0,0,0,1,0,0.0,0.0,0.0,0.0,0.8,0.19,0.8,0.2,11,23,27,0.25,0.2
187,Jota,POR,FW,Rennes,25.0,1999.0,1,0,23,0.3,0,0.0,0,0.0,0,0.0,0,0.0,0,0,0,0,0.0,0.0,0.0,0.0,0.0,0.0,0.0,0.0,0,1,0,0.0,0.0
188,Antoine Joujou,FRA,"MF,FW",Le Havre,21.0,2003.0,6,3,299,3.3,0,0.0,0,0.0,0,0.0,0,0.0,0,0,1,0,0.3,0.09,0.3,0.09,0.3,0.09,0.6,0.18,17,4,28,0.0,0.18
189,Jubal,BRA,DF,Auxerre,31.0,1993.0,6,6,487,5.4,1,0.18,0,0.0,1,0.18,0,0.0,1,1,2,0,1.2,0.21,0.4,0.07,0.4,0.08,0.8,0.14,0,8,1,0.0,0.29
190,Hamed Junior Traorè,CIV,MF,Auxerre,24.0,2000.0,4,4,322,3.6,2,0.56,0,0.0,2,0.56,2,0.56,0,0,0,0,1.3,0.37,1.3,0.37,0.2,0.06,1.6,0.44,9,23,21,0.56,0.44
191,Yaya Kader Fofana,MLI,"MF,FW",Reims,20.0,2004.0,6,5,367,4.1,1,0.25,1,0.25,2,0.49,1,0.25,0,0,2,0,0.3,0.07,0.3,0.07,1.6,0.38,1.8,0.45,10,9,16,0.49,0.45
192,Tino Kadewere,ZIM,"MF,FW",Nantes,28.0,1996.0,5,4,315,3.5,0,0.0,2,0.57,2,0.57,0,0.0,0,0,1,0,0.6,0.16,0.6,0.16,0.5,0.13,1.0,0.3,2,7,15,0.57,0.3
193,Arnaud Kalimuendo,FRA,FW,Rennes,22.0,2002.0,5,4,321,3.6,3,0.84,0,0.0,3,0.84,1,0.28,2,2,0,0,2.4,0.67,0.8,0.22,0.2,0.06,1.0,0.28,6,8,28,0.28,0.73
194,Waren Kamanzi,NOR,"DF,MF",Toulouse,23.0,2000.0,5,4,383,4.3,0,0.0,0,0.0,0,0.0,0,0.0,0,0,1,0,0.0,0.0,0.0,0.0,0.2,0.04,0.2,0.04,9,14,24,0.0,0.04
195,Glen Kamara,FIN,MF,Rennes,28.0,1995.0,5,3,286,3.2,0,0.0,0,0.0,0,0.0,0,0.0,0,0,0,0,0.0,0.0,0.0,0.0,0.0,0.01,0.0,0.01,3,13,14,0.0,0.01
196,Nordine Kandil,FRA,MF,Strasbourg,22.0,2001.0,1,0,10,0.1,0,0.0,0,0.0,0,0.0,0,0.0,0,0,0,0,0.0,0.0,0.0,0.0,0.0,0.0,0.0,0.0,1,0,0,0.0,0.0
197,Lee Kang-in,KOR,"MF,FW",Paris S-G,23.0,2001.0,6,4,378,4.2,3,0.71,0,0.0,3,0.71,3,0.71,0,0,0,0,1.1,0.26,1.1,0.26,1.1,0.27,2.2,0.53,6,30,30,0.71,0.53
198,Yassine Kechta,MAR,"FW,MF",Le Havre,22.0,2002.0,6,6,467,5.2,0,0.0,0,0.0,0,0.0,0,0.0,0,0,1,0,0.3,0.06,0.3,0.06,0.2,0.04,0.5,0.09,8,18,26,0.0,0.09
199,Thilo Kehrer,GER,DF,Monaco,28.0,1996.0,4,4,360,4.0,1,0.25,0,0.0,1,0.25,1,0.25,0,0,0,0,0.1,0.03,0.1,0.03,0.0,0.01,0.2,0.05,0,19,1,0.25,0.05
200,Reda Khadra,GER,"MF,FW",Reims,23.0,2001.0,4,0,78,0.9,0,0.0,0,0.0,0,0.0,0,0.0,0,0,0,0,0.0,0.0,0.0,0.0,0.0,0.03,0.0,0.03,4,4,7,0.0,0.03
201,Wahbi Khazri,TUN,FW,Montpellier,33.0,1991.0,5,1,120,1.3,0,0.0,0,0.0,0,0.0,0,0.0,0,0,1,0,0.2,0.14,0.2,0.14,0.0,0.0,0.2,0.14,6,3,4,0.0,0.14
202,Abdukodir Khusanov,UZB,DF,Lens,20.0,2004.0,6,4,377,4.2,0,0.0,0,0.0,0,0.0,0,0.0,0,0,1,0,0.1,0.02,0.1,0.02,0.0,0.0,0.1,0.02,0,11,2,0.0,0.02
203,Joshua King,NOR,"MF,FW",Toulouse,32.0,1992.0,4,1,125,1.4,0,0.0,0,0.0,0,0.0,0,0.0,0,0,1,0,0.3,0.24,0.3,0.24,0.1,0.11,0.5,0.34,4,2,13,0.0,0.34
204,Cédric Kipré,CIV,DF,Reims,27.0,1996.0,5,3,283,3.1,0,0.0,1,0.32,1,0.32,0,0.0,0,0,0,0,0.0,0.0,0.0,0.0,0.3,0.1,0.3,0.1,1,7,0,0.32,0.1
205,Philipp Köhn,SUI,GK,Monaco,26.0,1998.0,6,6,540,6.0,0,0.0,0,0.0,0,0.0,0,0.0,0,0,0,0,0.0,0.0,0.0,0.0,0.0,0.0,0.0,0.0,0,0,0,0.0,0.0
206,Randal Kolo Muani,FRA,FW,Paris S-G,25.0,1998.0,6,1,249,2.8,2,0.72,0,0.0,2,0.72,1,0.36,1,1,0,0,2.9,1.05,2.1,0.77,0.3,0.1,2.4,0.86,4,2,23,0.36,1.15
207,Geoffrey Kondogbia,CTA,"MF,DF",Marseille,31.0,1993.0,5,5,445,4.9,0,0.0,0,0.0,0,0.0,0,0.0,0,0,0,0,0.2,0.05,0.2,0.05,0.0,0.01,0.3,0.06,0,10,2,0.0,0.06
208,Abdoul Koné,FRA,DF,Reims,19.0,2005.0,1,1,60,0.7,0,0.0,0,0.0,0,0.0,0,0.0,0,0,0,0,0.0,0.0,0.0,0.0,0.0,0.0,0.0,0.0,0,2,0,0.0,0.0
209,Amadou Koné,MLI,MF,Reims,19.0,2005.0,1,1,14,0.2,0,0.0,0,0.0,0,0.0,0,0.0,0,0,0,1,0.0,0.0,0.0,0.0,0.0,0.0,0.0,0.0,0,1,0,0.0,0.0
210,Ismaël Koné,CAN,MF,Marseille,22.0,2002.0,3,2,146,1.6,0,0.0,0,0.0,0,0.0,0,0.0,0,0,0,0,0.2,0.12,0.2,0.12,0.2,0.12,0.4,0.24,1,3,1,0.0,0.24
211,Boubakar Kouyaté,MLI,DF,Montpellier,27.0,1997.0,2,1,111,1.2,0,0.0,0,0.0,0,0.0,0,0.0,0,0,1,0,0.2,0.12,0.2,0.12,0.0,0.0,0.2,0.12,0,1,0,0.0,0.12
212,Sael Kumbedi,FRA,DF,Lyon,19.0,2005.0,1,1,88,1.0,0,0.0,0,0.0,0,0.0,0,0.0,0,0,0,0,0.0,0.0,0.0,0.0,0.1,0.07,0.1,0.07,3,5,3,0.0,0.07
213,Daler Kuzyaev,RUS,MF,Le Havre,31.0,1993.0,5,3,292,3.2,1,0.31,0,0.0,1,0.31,1,0.31,0,0,1,0,0.2,0.06,0.2,0.06,0.0,0.01,0.2,0.07,3,19,5,0.31,0.07
214,Rémy Labeau Lascary,GLP,FW,Lens,21.0,2003.0,6,2,246,2.7,0,0.0,0,0.0,0,0.0,0,0.0,0,0,3,0,1.5,0.55,1.5,0.55,0.4,0.15,1.9,0.71,6,2,22,0.0,0.71
215,Gaëtan Laborde,FRA,FW,Nice,30.0,1994.0,1,1,78,0.9,0,0.0,1,1.15,1,1.15,0,0.0,0,0,0,0,0.0,0.04,0.0,0.04,0.1,0.09,0.1,0.13,4,2,12,1.15,0.13
216,Alexandre Lacazette,FRA,FW,Lyon,33.0,1991.0,5,4,359,4.0,0,0.0,1,0.25,1,0.25,0,0.0,0,1,1,0,2.1,0.52,1.2,0.31,1.0,0.25,2.2,0.55,3,16,28,0.25,0.77
217,Alban Lafont,FRA,GK,Nantes,25.0,1999.0,6,6,540,6.0,0,0.0,0,0.0,0,0.0,0,0.0,0,0,1,0,0.0,0.0,0.0,0.0,0.0,0.0,0.0,0.0,0,0,0,0.0,0.0
218,Kenny Lala,MAD,DF,Brest,32.0,1991.0,5,5,450,5.0,1,0.2,0,0.0,1,0.2,0,0.0,1,1,1,0,1.2,0.24,0.4,0.08,0.3,0.05,0.7,0.13,7,17,10,0.0,0.29
219,Mohamed Lamine Bayo,GUI,FW,Lille,26.0,1998.0,5,3,185,2.1,1,0.49,0,0.0,1,0.49,1,0.49,0,0,0,0,1.7,0.84,1.7,0.84,0.2,0.1,1.9,0.94,2,2,12,0.49,0.94
220,Gautier Larsonneur,FRA,GK,Saint-Étienne,27.0,1997.0,6,6,540,6.0,0,0.0,0,0.0,0,0.0,0,0.0,0,0,2,0,0.0,0.0,0.0,0.0,0.0,0.0,0.0,0.0,0,0,0,0.0,0.0
221,Julien Le Cardinal,FRA,DF,Brest,27.0,1997.0,5,5,433,4.8,0,0.0,0,0.0,0,0.0,0,0.0,0,0,0,0,0.2,0.05,0.2,0.05,0.0,0.01,0.3,0.06,1,10,0,0.0,0.06
222,Jérémy Le Douaron,FRA,FW,Brest,26.0,1998.0,2,1,102,1.1,0,0.0,0,0.0,0,0.0,0,0.0,0,0,0,0,0.2,0.14,0.2,0.14,0.0,0.0,0.2,0.14,1,1,7,0.0,0.14
223,Benjamin Lecomte,FRA,GK,Montpellier,33.0,1991.0,4,4,360,4.0,0,0.0,0,0.0,0,0.0,0,0.0,0,0,0,0,0.0,0.0,0.0,0.0,0.0,0.0,0.0,0.0,0,0,0,0.0,0.0
224,Jordan Lefort,FRA,DF,Angers,31.0,1993.0,6,6,540,6.0,0,0.0,0,0.0,0,0.0,0,0.0,0,0,1,0,0.0,0.01,0.0,0.01,0.4,0.06,0.4,0.07,1,26,4,0.0,0.07
225,Félix Lemaréchal,FRA,"MF,FW",Strasbourg,21.0,2003.0,2,1,71,0.8,0,0.0,0,0.0,0,0.0,0,0.0,0,0,0,0,0.0,0.0,0.0,0.0,0.0,0.02,0.0,0.02,2,0,3,0.0,0.02
226,Donovan Léon,GUF,GK,Auxerre,31.0,1992.0,6,6,540,6.0,0,0.0,1,0.17,1,0.17,0,0.0,0,0,0,0,0.0,0.0,0.0,0.0,0.1,0.01,0.1,0.01,0,0,0,0.17,0.01
227,Esteban Lepaul,FRA,FW,Angers,24.0,2000.0,3,1,118,1.3,0,0.0,0,0.0,0,0.0,0,0.0,0,0,0,0,0.0,0.04,0.0,0.04,0.0,0.0,0.0,0.04,2,0,5,0.0,0.04
228,Johann Lepenant,FRA,MF,Nantes,21.0,2002.0,6,5,444,4.9,2,0.41,1,0.2,3,0.61,2,0.41,0,0,0,0,0.3,0.06,0.3,0.06,0.7,0.13,1.0,0.19,9,19,17,0.61,0.19
229,Louis Leroux,FRA,FW,Nantes,18.0,2006.0,1,0,8,0.1,0,0.0,0,0.0,0,0.0,0,0.0,0,0,0,0,0.0,0.0,0.0,0.0,0.0,0.0,0.0,0.0,0,0,0,0.0,0.0
230,Pol Lirola,ESP,"DF,FW",Marseille,27.0,1997.0,3,1,133,1.5,1,0.68,1,0.68,2,1.35,1,0.68,0,0,0,0,0.4,0.25,0.4,0.25,0.1,0.06,0.5,0.31,1,0,6,1.35,0.31
231,Gautier Lloris,FRA,DF,Le Havre,29.0,1995.0,6,6,540,6.0,1,0.17,0,0.0,1,0.17,1,0.17,0,0,1,0,0.0,0.01,0.0,0.01,0.5,0.08,0.5,0.09,3,23,3,0.17,0.09
232,Jordan Lotomba,SUI,"MF,DF",Nice,26.0,1998.0,2,0,35,0.4,0,0.0,0,0.0,0,0.0,0,0.0,0,0,0,0,0.0,0.0,0.0,0.0,0.0,0.0,0.0,0.0,4,3,2,0.0,0.0
233,Tom Louchet,FRA,MF,Nice,21.0,2003.0,3,0,33,0.4,0,0.0,0,0.0,0,0.0,0,0.0,0,0,0,0,0.0,0.03,0.0,0.03,0.0,0.0,0.0,0.03,0,0,3,0.0,0.03
234,Othmane Maamma,FRA,FW,Montpellier,18.0,2005.0,1,0,11,0.1,0,0.0,0,0.0,0,0.0,0,0.0,0,0,0,0,0.0,0.0,0.0,0.0,0.0,0.0,0.0,0.0,0,0,1,0.0,0.0
235,Deiver Machado,COL,DF,Lens,31.0,1993.0,5,2,230,2.6,0,0.0,0,0.0,0,0.0,0,0.0,0,0,0,1,0.0,0.02,0.0,0.02,0.3,0.11,0.3,0.13,6,5,17,0.0,0.13
236,Yvann Macon,FRA,DF,Saint-Étienne,25.0,1998.0,2,2,148,1.6,0,0.0,0,0.0,0,0.0,0,0.0,0,0,1,0,0.0,0.02,0.0,0.02,0.0,0.03,0.1,0.05,5,9,13,0.0,0.05
237,Eros Maddy,NED,DF,Auxerre,23.0,2001.0,1,0,8,0.1,0,0.0,0,0.0,0,0.0,0,0.0,0,0,0,0,0.0,0.0,0.0,0.0,0.0,0.0,0.0,0.0,1,0,4,0.0,0.0
238,Soungoutou Magassa,FRA,MF,Monaco,20.0,2003.0,5,2,163,1.8,0,0.0,0,0.0,0,0.0,0,0.0,0,0,1,0,0.1,0.03,0.1,0.03,0.0,0.01,0.1,0.04,1,10,0,0.0,0.04
239,Hugo Magnetti,FRA,MF,Brest,26.0,1998.0,5,4,390,4.3,0,0.0,0,0.0,0,0.0,0,0.0,0,0,1,0,0.0,0.0,0.0,0.0,0.3,0.07,0.3,0.07,1,10,5,0.0,0.07
240,Frank Magri,CMR,FW,Toulouse,25.0,1999.0,5,4,251,2.8,0,0.0,0,0.0,0,0.0,0,0.0,0,0,0,1,0.3,0.12,0.3,0.12,0.1,0.05,0.5,0.17,3,4,12,0.0,0.17
241,Ainsley Maitland-Niles,ENG,"DF,MF",Lyon,27.0,1997.0,6,4,368,4.1,1,0.24,0,0.0,1,0.24,1,0.24,0,0,0,0,0.5,0.11,0.5,0.11,1.3,0.32,1.8,0.43,3,21,14,0.24,0.43
242,Hianga Mananga Mbock,FRA,MF,Brest,24.0,1999.0,1,0,21,0.2,0,0.0,0,0.0,0,0.0,0,0.0,0,0,0,0,0.0,0.07,0.0,0.07,0.0,0.0,0.0,0.07,0,0,0,0.0,0.07
243,Steve Mandanda,FRA,GK,Rennes,39.0,1985.0,6,6,540,6.0,0,0.0,0,0.0,0,0.0,0,0.0,0,0,0,0,0.0,0.0,0.0,0.0,0.1,0.02,0.1,0.02,0,0,1,0.0,0.02
244,Aïssa Mandi,ALG,DF,Lille,32.0,1991.0,4,4,316,3.5,0,0.0,0,0.0,0,0.0,0,0.0,0,0,0,0,0.0,0.0,0.0,0.0,0.0,0.0,0.0,0.0,4,20,8,0.0,0.0
245,Orel Mangala,BEL,MF,Lyon,26.0,1998.0,1,1,67,0.7,0,0.0,0,0.0,0,0.0,0,0.0,0,0,0,0,0.1,0.07,0.1,0.07,0.0,0.03,0.1,0.1,1,7,3,0.0,0.1
246,Sekou Mara,FRA,FW,Strasbourg,22.0,2002.0,5,0,75,0.8,0,0.0,0,0.0,0,0.0,0,0.0,0,0,1,0,0.1,0.13,0.1,0.13,0.0,0.0,0.1,0.13,0,1,4,0.0,0.13
247,Marquinhos,BRA,DF,Paris S-G,30.0,1994.0,5,4,358,4.0,0,0.0,0,0.0,0,0.0,0,0.0,0,0,0,0,0.1,0.03,0.1,0.03,0.0,0.01,0.2,0.04,8,30,0,0.0,0.04
248,Jonas Martin,FRA,"MF,FW",Brest,34.0,1990.0,6,3,252,2.8,0,0.0,0,0.0,0,0.0,0,0.0,0,0,1,0,0.1,0.04,0.1,0.04,0.3,0.11,0.4,0.15,4,9,2,0.0,0.15
249,Clinton Mata,ANG,DF,Lyon,31.0,1992.0,6,6,540,6.0,0,0.0,2,0.33,2,0.33,0,0.0,0,0,2,0,0.1,0.02,0.1,0.02,0.4,0.07,0.5,0.09,7,23,9,0.33,0.09
250,Eliot Matazo,BEL,MF,Monaco,22.0,2002.0,1,0,4,0.0,0,0.0,0,0.0,0,0.0,0,0.0,0,0,0,0,0.0,0.0,0.0,0.0,0.0,0.0,0.0,0.0,0,2,2,0.0,0.0
251,Nemanja Matić,SRB,MF,Lyon,36.0,1988.0,5,4,358,4.0,0,0.0,0,0.0,0,0.0,0,0.0,0,0,0,0,0.0,0.0,0.0,0.0,0.3,0.07,0.3,0.07,8,27,1,0.0,0.07
252,Azor Matusiwa,NED,MF,Rennes,26.0,1998.0,6,6,525,5.8,0,0.0,0,0.0,0,0.0,0,0.0,0,0,0,0,0.2,0.04,0.2,0.04,0.4,0.07,0.6,0.1,2,32,2,0.0,0.1
253,Neal Maupay,FRA,FW,Marseille,28.0,1996.0,4,1,126,1.4,1,0.71,0,0.0,1,0.71,1,0.71,0,0,1,0,0.3,0.25,0.3,0.25,0.1,0.1,0.5,0.35,2,2,9,0.71,0.35
254,Christian Mawissa,FRA,DF,Monaco,19.0,2005.0,1,1,81,0.9,0,0.0,0,0.0,0,0.0,0,0.0,0,0,0,0,0.0,0.0,0.0,0.0,0.0,0.0,0.0,0.0,0,3,0,0.0,0.0
255,Senny Mayulu,FRA,"MF,DF",Paris S-G,18.0,2006.0,4,0,48,0.5,0,0.0,0,0.0,0,0.0,0,0.0,0,0,0,0,0.1,0.23,0.1,0.23,0.1,0.26,0.3,0.49,2,2,5,0.0,0.49
256,Ethan Mbappé,FRA,"MF,FW",Lille,17.0,2006.0,3,1,77,0.9,0,0.0,0,0.0,0,0.0,0,0.0,0,0,1,0,0.7,0.86,0.7,0.86,0.0,0.0,0.7,0.86,1,4,9,0.0,0.86
257,Ibrahim Mbaye,FRA,"FW,MF",Paris S-G,16.0,2008.0,4,1,78,0.9,0,0.0,0,0.0,0,0.0,0,0.0,0,0,0,0,0.3,0.3,0.3,0.3,0.0,0.0,0.3,0.3,2,2,12,0.0,0.3
258,Mark McKenzie,USA,DF,Toulouse,25.0,1999.0,4,4,334,3.7,0,0.0,0,0.0,0,0.0,0,0.0,0,0,0,0,0.0,0.0,0.0,0.0,0.0,0.0,0.0,0.0,0,7,1,0.0,0.0
259,Facundo Medina,ARG,"DF,MF",Lens,25.0,1999.0,6,6,540,6.0,0,0.0,0,0.0,0,0.0,0,0.0,0,0,1,0,0.3,0.04,0.3,0.04,0.2,0.03,0.4,0.07,12,36,3,0.0,0.07
260,Henrik Meister,DEN,FW,Rennes,20.0,2003.0,4,0,63,0.7,1,1.43,0,0.0,1,1.43,1,1.43,0,0,0,0,0.1,0.09,0.1,0.09,0.3,0.37,0.3,0.45,2,1,4,1.43,0.45
261,Bamo Meïté,CIV,"DF,MF",Marseille,22.0,2001.0,3,0,26,0.3,0,0.0,0,0.0,0,0.0,0,0.0,0,0,0,0,0.0,0.0,0.0,0.0,0.0,0.0,0.0,0.0,0,0,0,0.0,0.0
262,Farid El Melali,ALG,FW,Angers,27.0,1997.0,5,3,304,3.4,0,0.0,1,0.3,1,0.3,0,0.0,0,0,1,0,0.5,0.14,0.5,0.14,0.3,0.09,0.8,0.24,7,6,18,0.3,0.24
263,Nuno Mendes,POR,DF,Paris S-G,22.0,2002.0,3,2,160,1.8,0,0.0,1,0.56,1,0.56,0,0.0,0,0,1,0,0.1,0.06,0.1,0.06,0.7,0.4,0.8,0.46,9,15,10,0.56,0.46
264,Antoine Mendy,FRA,"DF,MF",Nice,20.0,2004.0,4,3,251,2.8,0,0.0,0,0.0,0,0.0,0,0.0,0,0,1,0,0.4,0.14,0.4,0.14,0.0,0.0,0.4,0.14,2,6,2,0.0,0.14
265,Nampalys Mendy,SEN,MF,Lens,32.0,1992.0,2,1,73,0.8,0,0.0,0,0.0,0,0.0,0,0.0,0,0,0,0,0.0,0.0,0.0,0.0,0.0,0.0,0.0,0.0,0,4,0,0.0,0.0
266,Gideon Mensah,GHA,DF,Auxerre,26.0,1998.0,1,0,25,0.3,0,0.0,0,0.0,0,0.0,0,0.0,0,0,0,0,0.0,0.0,0.0,0.0,0.0,0.0,0.0,0.0,0,0,0,0.0,0.0
267,Quentin Merlin,FRA,"DF,MF",Marseille,22.0,2002.0,3,3,270,3.0,0,0.0,1,0.33,1,0.33,0,0.0,0,0,1,0,0.1,0.03,0.1,0.03,0.3,0.11,0.4,0.14,3,14,25,0.33,0.14
268,Thomas Meunier,BEL,DF,Lille,33.0,1991.0,6,3,286,3.2,1,0.31,0,0.0,1,0.31,1,0.31,0,0,0,0,0.5,0.17,0.5,0.17,0.0,0.0,0.5,0.17,10,24,20,0.31,0.17
269,Georges Mikautadze,GEO,FW,Lyon,23.0,2000.0,6,3,339,3.8,0,0.0,0,0.0,0,0.0,0,0.0,0,1,0,0,2.5,0.66,1.6,0.42,0.1,0.02,1.7,0.44,8,18,37,0.0,0.67
270,Takumi Minamino,JPN,MF,Monaco,29.0,1995.0,5,4,352,3.9,1,0.26,1,0.26,2,0.51,1,0.26,0,0,0,0,1.1,0.28,1.1,0.28,2.2,0.55,3.3,0.83,5,14,21,0.51,0.83
271,Lucas Mincarelli,FRA,DF,Montpellier,20.0,2004.0,2,2,135,1.5,0,0.0,0,0.0,0,0.0,0,0.0,0,0,0,0,0.0,0.0,0.0,0.0,0.0,0.0,0.0,0.0,2,9,6,0.0,0.0
272,Mostafa Mohamed,EGY,FW,Nantes,26.0,1997.0,5,0,88,1.0,1,1.02,0,0.0,1,1.02,1,1.02,0,0,1,0,0.5,0.49,0.5,0.49,0.0,0.0,0.5,0.49,1,2,4,1.02,0.49
273,Florent Mollet,FRA,MF,Nantes,32.0,1991.0,1,0,3,0.0,0,0.0,0,0.0,0,0.0,0,0.0,0,0,0,0,0.1,2.67,0.1,2.67,0.0,0.44,0.1,3.12,0,0,0,0.0,3.12
274,Diego Moreira,POR,"DF,FW",Strasbourg,20.0,2004.0,6,4,376,4.2,1,0.24,1,0.24,2,0.48,1,0.24,0,0,1,0,0.3,0.08,0.3,0.08,1.2,0.28,1.5,0.36,15,13,27,0.48,0.36
275,Aimen Moueffek,FRA,MF,Saint-Étienne,23.0,2001.0,4,3,231,2.6,0,0.0,0,0.0,0,0.0,0,0.0,0,0,0,0,0.0,0.01,0.0,0.01,0.1,0.04,0.1,0.05,3,10,3,0.0,0.05
276,Youssoufa Moukoko,GER,"FW,MF",Nice,19.0,2004.0,3,1,97,1.1,2,1.86,1,0.93,3,2.78,2,1.86,0,0,0,0,2.2,2.0,2.2,2.0,0.5,0.48,2.7,2.48,0,1,5,2.78,2.48
277,Louis Mouton,FRA,MF,Saint-Étienne,22.0,2002.0,2,0,39,0.4,0,0.0,0,0.0,0,0.0,0,0.0,0,0,0,0,0.0,0.05,0.0,0.05,0.1,0.27,0.1,0.31,0,3,1,0.0,0.31
278,Ngal'Ayel Mukau,,MF,Lille,19.0,2004.0,3,1,130,1.4,0,0.0,0,0.0,0,0.0,0,0.0,0,0,2,0,0.0,0.01,0.0,0.01,0.0,0.02,0.0,0.03,3,15,3,0.0,0.03
279,Marshall Munetsi,ZIM,MF,Reims,28.0,1996.0,6,6,540,6.0,2,0.33,0,0.0,2,0.33,2,0.33,0,0,2,0,1.9,0.31,1.9,0.31,0.2,0.03,2.0,0.34,5,10,17,0.33,0.34
280,Junior Mwanga,FRA,MF,Strasbourg,21.0,2003.0,5,1,150,1.7,0,0.0,0,0.0,0,0.0,0,0.0,0,0,0,0,0.0,0.0,0.0,0.0,0.0,0.01,0.0,0.01,1,4,2,0.0,0.01
281,Mickael Nade,FRA,DF,Saint-Étienne,25.0,1999.0,2,1,146,1.6,0,0.0,0,0.0,0,0.0,0,0.0,0,0,0,0,0.0,0.0,0.0,0.0,0.0,0.01,0.0,0.01,4,5,0,0.0,0.01
282,Mahamadou Nagida,CMR,"DF,MF",Rennes,19.0,2005.0,2,0,22,0.2,0,0.0,0,0.0,0,0.0,0,0.0,0,0,0,0,0.0,0.13,0.0,0.13,0.0,0.0,0.0,0.13,5,1,1,0.0,0.13
283,Keito Nakamura,JPN,FW,Reims,24.0,2000.0,6,5,401,4.5,3,0.67,0,0.0,3,0.67,3,0.67,0,0,1,0,1.2,0.27,1.2,0.27,0.3,0.06,1.5,0.34,14,13,28,0.67,0.34
284,Sebastian Nanasi,SWE,"MF,FW",Strasbourg,22.0,2002.0,5,4,328,3.6,3,0.82,1,0.27,4,1.1,3,0.82,0,0,0,0,2.8,0.78,2.8,0.78,1.2,0.34,4.1,1.12,12,19,20,1.1,1.12
285,Youssouf Ndayishimiye,BDI,DF,Nice,25.0,1998.0,5,4,361,4.0,1,0.25,0,0.0,1,0.25,1,0.25,0,0,0,0,0.2,0.05,0.2,0.05,0.0,0.01,0.2,0.06,6,16,3,0.25,0.06
286,Rassoul Ndiaye,SEN,MF,Le Havre,22.0,2001.0,5,3,239,2.7,1,0.38,0,0.0,1,0.38,1,0.38,0,0,1,0,0.9,0.34,0.9,0.34,0.1,0.03,1.0,0.38,0,6,5,0.38,0.38
287,Tanguy Ndombele,FRA,MF,Nice,27.0,1996.0,5,5,427,4.7,1,0.21,1,0.21,2,0.42,1,0.21,0,0,0,0,0.4,0.08,0.4,0.08,1.3,0.26,1.6,0.34,7,21,12,0.42,0.34
288,Loïc Nego,HUN,DF,Le Havre,33.0,1991.0,6,5,433,4.8,0,0.0,0,0.0,0,0.0,0,0.0,0,0,0,0,0.2,0.04,0.2,0.04,0.2,0.04,0.4,0.09,13,12,30,0.0,0.09
289,João Neves,POR,MF,Paris S-G,20.0,2004.0,6,5,435,4.8,0,0.0,5,1.03,5,1.03,0,0.0,0,0,0,0,0.5,0.1,0.5,0.1,1.8,0.38,2.3,0.48,10,42,23,1.03,0.48
290,Mikayil Ngor Faye,SEN,DF,Rennes,20.0,2004.0,1,0,25,0.3,0,0.0,0,0.0,0,0.0,0,0.0,0,0,0,0,0.0,0.0,0.0,0.0,0.0,0.08,0.0,0.08,1,1,0,0.0,0.08
291,Steve Ngoura,FRA,FW,Le Havre,19.0,2005.0,3,0,60,0.7,0,0.0,0,0.0,0,0.0,0,0.0,0,0,0,0,0.3,0.45,0.3,0.45,0.2,0.34,0.5,0.79,0,1,4,0.0,0.79
292,Moussa Niakhate,SEN,DF,Lyon,28.0,1996.0,4,4,360,4.0,0,0.0,0,0.0,0,0.0,0,0.0,0,0,0,0,0.0,0.01,0.0,0.01,0.2,0.05,0.2,0.05,4,7,2,0.0,0.05
293,Abdoulaye Niakhate Ndiaye,SEN,DF,Brest,22.0,2002.0,1,1,90,1.0,0,0.0,0,0.0,0,0.0,0,0.0,0,0,0,0,0.0,0.0,0.0,0.0,0.0,0.0,0.0,0.0,0,0,0,0.0,0.0
294,Ibrahima Niane,SEN,"FW,MF",Angers,25.0,1999.0,3,0,37,0.4,0,0.0,0,0.0,0,0.0,0,0.0,0,0,0,0,0.6,1.36,0.6,1.36,0.1,0.19,0.6,1.55,1,1,6,0.0,1.55
295,Rasmus Nicolaisen,DEN,DF,Toulouse,27.0,1997.0,6,6,540,6.0,0,0.0,1,0.17,1,0.17,0,0.0,0,0,0,0,0.4,0.07,0.4,0.07,0.2,0.04,0.7,0.11,3,26,2,0.17,0.11
296,Arnaud Nordin,FRA,FW,Montpellier,26.0,1998.0,5,5,407,4.5,0,0.0,0,0.0,0,0.0,0,0.0,0,0,1,0,0.4,0.1,0.4,0.1,0.3,0.07,0.8,0.17,13,7,36,0.0,0.17
297,Ernest Nuamah,GHA,"FW,DF",Lyon,20.0,2003.0,3,2,107,1.2,0,0.0,0,0.0,0,0.0,0,0.0,0,0,0,0,0.1,0.06,0.1,0.06,0.0,0.0,0.1,0.06,5,5,13,0.0,0.06
298,Rabby Nzingoula,CGO,MF,Montpellier,18.0,2005.0,4,3,293,3.3,1,0.31,0,0.0,1,0.31,1,0.31,0,0,3,0,0.5,0.16,0.5,0.16,0.0,0.0,0.5,0.16,6,9,11,0.31,0.16
299,M'Bala Nzola,ANG,FW,Lens,28.0,1996.0,2,1,112,1.2,1,0.8,0,0.0,1,0.8,1,0.8,0,0,0,0,1.0,0.84,1.0,0.84,0.2,0.18,1.3,1.02,3,1,11,0.8,1.02
300,Marwann Nzuzi,FRA,DF,Saint-Étienne,20.0,2004.0,2,2,125,1.4,0,0.0,0,0.0,0,0.0,0,0.0,0,0,2,0,0.0,0.02,0.0,0.02,0.1,0.05,0.1,0.08,2,2,5,0.0,0.08
301,Hamzat Ojediran,NGA,MF,Lens,20.0,2003.0,3,0,105,1.2,0,0.0,0,0.0,0,0.0,0,0.0,0,0,1,0,0.1,0.11,0.1,0.11,0.1,0.12,0.3,0.23,1,6,0,0.0,0.23
302,Joseph Okumu,KEN,DF,Reims,27.0,1997.0,3,3,270,3.0,0,0.0,0,0.0,0,0.0,0,0.0,0,0,1,0,0.0,0.0,0.0,0.0,0.0,0.01,0.0,0.01,0,6,1,0.0,0.01
303,Ben Old,NZL,"MF,FW",Saint-Étienne,22.0,2002.0,5,3,307,3.4,0,0.0,0,0.0,0,0.0,0,0.0,0,0,0,0,0.3,0.07,0.3,0.07,0.1,0.03,0.4,0.11,4,6,13,0.0,0.11
304,Becir Omeragic,SUI,DF,Montpellier,22.0,2002.0,5,5,429,4.8,0,0.0,0,0.0,0,0.0,0,0.0,0,0,1,0,0.0,0.0,0.0,0.0,0.0,0.0,0.0,0.0,5,13,0,0.0,0.0
305,Ado Onaiwu,JPN,"FW,MF",Auxerre,28.0,1995.0,5,3,268,3.0,1,0.34,0,0.0,1,0.34,1,0.34,0,0,0,1,1.8,0.6,1.8,0.6,0.3,0.09,2.1,0.69,2,10,27,0.34,0.69
306,Christopher Operi,CIV,DF,Le Havre,27.0,1997.0,5,5,450,5.0,0,0.0,2,0.4,2,0.4,0,0.0,0,0,0,0,0.1,0.01,0.1,0.01,0.7,0.15,0.8,0.16,6,19,18,0.4,0.16
307,Victor Orakpo,NGA,FW,Nice,18.0,2006.0,3,0,29,0.3,0,0.0,0,0.0,0,0.0,0,0.0,0,0,0,0,0.3,1.01,0.3,1.01,0.0,0.0,0.3,1.01,1,0,3,0.0,1.01
308,Gift Orban,NGA,"FW,DF",Lyon,22.0,2002.0,3,2,186,2.1,2,0.97,0,0.0,2,0.97,2,0.97,0,0,1,0,1.2,0.59,1.2,0.59,0.0,0.01,1.2,0.6,1,2,12,0.97,0.6
309,Gabriel Osho,NGA,DF,Auxerre,26.0,1998.0,6,6,515,5.7,0,0.0,0,0.0,0,0.0,0,0.0,0,0,1,0,0.4,0.07,0.4,0.07,0.0,0.0,0.4,0.07,6,17,0,0.0,0.07
310,Jibril Othman,TUN,FW,Saint-Étienne,20.0,2004.0,1,0,5,0.1,0,0.0,0,0.0,0,0.0,0,0.0,0,0,0,0,0.0,0.0,0.0,0.0,0.0,0.0,0.0,0.0,0,0,0,0.0,0.0
311,Kassoum Ouattara,FRA,"DF,FW",Monaco,19.0,2004.0,3,1,92,1.0,0,0.0,1,0.98,1,0.98,0,0.0,0,0,0,0,0.2,0.15,0.2,0.15,0.2,0.22,0.4,0.38,4,8,8,0.98,0.38
312,Zinédine Ould Khaled,FRA,MF,Angers,24.0,2000.0,2,1,57,0.6,0,0.0,0,0.0,0,0.0,0,0.0,0,0,1,0,0.0,0.0,0.0,0.0,0.0,0.0,0.0,0.0,0,2,2,0.0,0.0
313,Beres Owusu,FRA,DF,Saint-Étienne,21.0,2003.0,1,1,90,1.0,0,0.0,0,0.0,0,0.0,0,0.0,0,0,0,0,0.0,0.0,0.0,0.0,0.0,0.03,0.0,0.03,0,3,0,0.0,0.03
314,Elisha Owusu,GHA,MF,Auxerre,26.0,1997.0,6,6,515,5.7,1,0.17,1,0.17,2,0.35,1,0.17,0,0,2,0,0.2,0.04,0.2,0.04,0.5,0.09,0.8,0.13,1,19,7,0.35,0.13
315,Willian Pacho,ECU,DF,Paris S-G,22.0,2001.0,6,5,478,5.3,0,0.0,0,0.0,0,0.0,0,0.0,0,0,1,0,0.1,0.01,0.1,0.01,0.0,0.0,0.1,0.01,3,14,1,0.0,0.01
316,Nicolas Pallois,FRA,DF,Nantes,37.0,1987.0,4,3,271,3.0,0,0.0,0,0.0,0,0.0,0,0.0,0,0,2,0,0.0,0.0,0.0,0.0,0.0,0.02,0.0,0.02,0,4,0,0.0,0.02
317,Kévin Pedro,FRA,DF,Saint-Étienne,18.0,2006.0,1,0,10,0.1,0,0.0,0,0.0,0,0.0,0,0.0,0,0,0,0,0.0,0.0,0.0,0.0,0.0,0.0,0.0,0.0,2,0,1,0.0,0.0
318,Théo Pellenard,FRA,DF,Auxerre,30.0,1994.0,2,0,45,0.5,0,0.0,0,0.0,0,0.0,0,0.0,0,0,0,0,0.0,0.0,0.0,0.0,0.0,0.0,0.0,0.0,1,1,1,0.0,0.0
319,Faris Pemi Moumbagna,CMR,FW,Marseille,24.0,2000.0,1,0,8,0.1,0,0.0,0,0.0,0,0.0,0,0.0,0,0,0,0,0.0,0.0,0.0,0.0,0.0,0.0,0.0,0.0,0,0,0,0.0,0.0
320,Mathias Pereira Lage,POR,"MF,FW",Brest,27.0,1996.0,5,2,221,2.5,0,0.0,1,0.41,1,0.41,0,0.0,0,0,2,0,0.1,0.06,0.1,0.06,0.3,0.11,0.4,0.17,2,7,10,0.41,0.17
321,Lucas Perri,BRA,GK,Lyon,26.0,1997.0,6,6,540,6.0,0,0.0,0,0.0,0,0.0,0,0.0,0,0,0,0,0.0,0.0,0.0,0.0,0.0,0.0,0.0,0.0,0,0,0,0.0,0.0
322,Gaëtan Perrin,FRA,"MF,FW",Auxerre,28.0,1996.0,6,4,333,3.7,1,0.27,1,0.27,2,0.54,1,0.27,0,0,1,0,0.3,0.09,0.3,0.09,1.7,0.47,2.1,0.56,12,18,23,0.54,0.56
323,Léo Pétrot,FRA,DF,Saint-Étienne,27.0,1997.0,3,1,152,1.7,0,0.0,0,0.0,0,0.0,0,0.0,0,0,0,0,0.0,0.0,0.0,0.0,0.0,0.0,0.0,0.0,1,2,6,0.0,0.0
324,Đorđe Petrović,SRB,GK,Strasbourg,24.0,1999.0,3,3,270,3.0,0,0.0,0,0.0,0,0.0,0,0.0,0,0,0,0,0.0,0.0,0.0,0.0,0.0,0.0,0.0,0.0,0,0,0,0.0,0.0
325,Adrien Rabiot,FRA,MF,Marseille,29.0,1995.0,1,0,29,0.3,0,0.0,0,0.0,0,0.0,0,0.0,0,0,1,0,0.0,0.0,0.0,0.0,0.2,0.63,0.2,0.63,1,5,1,0.0,0.63
326,Gonçalo Ramos,POR,FW,Paris S-G,23.0,2001.0,1,1,19,0.2,0,0.0,1,4.74,1,4.74,0,0.0,0,0,0,0,0.0,0.0,0.0,0.0,0.1,0.35,0.1,0.35,0,1,0,4.74,0.35
327,Lilian Raolisoa,FRA,DF,Angers,24.0,2000.0,5,0,78,0.9,0,0.0,0,0.0,0,0.0,0,0.0,0,0,0,0,0.0,0.05,0.0,0.05,0.0,0.04,0.1,0.09,1,9,3,0.0,0.09
328,Rayan Raveloson,MAD,"MF,DF",Auxerre,27.0,1997.0,5,4,387,4.3,1,0.23,0,0.0,1,0.23,1,0.23,0,0,1,0,0.6,0.13,0.6,0.13,0.1,0.02,0.7,0.16,4,26,8,0.23,0.16
329,Guillaume Restes,FRA,GK,Toulouse,19.0,2005.0,6,6,540,6.0,0,0.0,0,0.0,0,0.0,0,0.0,0,0,0,0,0.0,0.0,0.0,0.0,0.0,0.0,0.0,0.0,0,0,0,0.0,0.0
330,Alexsandro Ribeiro,BRA,DF,Lille,25.0,1999.0,5,5,450,5.0,0,0.0,0,0.0,0,0.0,0,0.0,0,0,1,0,0.2,0.05,0.2,0.05,0.1,0.01,0.3,0.06,7,37,2,0.0,0.06
331,Valentin Rongier,FRA,"DF,MF",Marseille,29.0,1994.0,4,1,160,1.8,0,0.0,0,0.0,0,0.0,0,0.0,0,0,1,0,0.3,0.15,0.3,0.15,0.0,0.0,0.3,0.15,3,5,2,0.0,0.15
332,Pablo Rosario,NED,"MF,DF",Nice,27.0,1997.0,6,5,441,4.9,1,0.2,0,0.0,1,0.2,0,0.0,1,1,1,0,1.6,0.32,0.8,0.16,0.1,0.02,0.9,0.18,1,12,4,0.0,0.34
333,Jon Rowe,ENG,FW,Marseille,21.0,2003.0,5,0,109,1.2,1,0.83,0,0.0,1,0.83,1,0.83,0,0,1,0,0.7,0.56,0.7,0.56,0.2,0.17,0.9,0.73,5,3,5,0.83,0.73
334,Fabián Ruiz Peña,ESP,MF,Paris S-G,28.0,1996.0,5,2,228,2.5,1,0.39,0,0.0,1,0.39,1,0.39,0,0,0,0,0.5,0.21,0.5,0.21,0.3,0.1,0.8,0.31,4,23,15,0.39,0.31
335,Gerónimo Rulli,ARG,GK,Marseille,32.0,1992.0,6,6,540,6.0,0,0.0,0,0.0,0,0.0,0,0.0,0,0,0,0,0.0,0.0,0.0,0.0,0.0,0.0,0.0,0.0,0,0,0,0.0,0.0
336,Emmanuel Sabbi,USA,"MF,FW",Le Havre,26.0,1997.0,4,1,128,1.4,0,0.0,0,0.0,0,0.0,0,0.0,0,0,0,0,0.3,0.21,0.3,0.21,0.0,0.0,0.3,0.21,1,2,10,0.0,0.21
337,Falaye Sacko,MLI,DF,Montpellier,29.0,1995.0,6,6,495,5.5,0,0.0,1,0.18,1,0.18,0,0.0,0,0,1,0,0.0,0.0,0.0,0.0,0.1,0.02,0.1,0.02,6,21,20,0.18,0.02
338,Matvei Safonov,RUS,GK,Paris S-G,25.0,1999.0,2,2,180,2.0,0,0.0,0,0.0,0,0.0,0,0.0,0,0,0,0,0.0,0.0,0.0,0.0,0.0,0.0,0.0,0.0,0,0,0,0.0,0.0
339,Modibo Sagnan,MLI,DF,Montpellier,25.0,1999.0,6,6,540,6.0,1,0.17,0,0.0,1,0.17,1,0.17,0,0,3,0,0.5,0.08,0.5,0.08,0.1,0.01,0.5,0.09,6,11,2,0.17,0.09
340,Osame Sahraoui,NOR,"MF,FW",Lille,23.0,2001.0,6,3,355,3.9,0,0.0,2,0.51,2,0.51,0,0.0,0,0,0,0,0.4,0.09,0.4,0.09,1.6,0.4,2.0,0.5,22,20,45,0.51,0.5
341,Wesley Saïd,FRA,"FW,MF",Lens,29.0,1995.0,5,4,278,3.1,1,0.32,0,0.0,1,0.32,1,0.32,0,0,1,0,1.9,0.6,1.9,0.6,0.2,0.05,2.0,0.65,3,7,15,0.32,0.65
342,Ibrahim Salah,MAR,FW,Brest,23.0,2001.0,3,1,94,1.0,0,0.0,0,0.0,0,0.0,0,0.0,0,0,0,0,0.1,0.13,0.1,0.13,0.2,0.15,0.3,0.28,4,1,7,0.0,0.28
343,Amine Salama,FRA,"FW,MF",Reims,24.0,2000.0,5,0,85,0.9,0,0.0,0,0.0,0,0.0,0,0.0,0,0,0,0,0.0,0.03,0.0,0.03,0.1,0.09,0.1,0.11,3,3,5,0.0,0.11
344,Mohammed Salisu,GHA,DF,Monaco,25.0,1999.0,4,4,360,4.0,0,0.0,0,0.0,0,0.0,0,0.0,0,0,2,0,0.3,0.07,0.3,0.07,0.0,0.01,0.3,0.08,6,28,2,0.0,0.08
345,Yoann Salmier,GUF,DF,Le Havre,31.0,1992.0,4,3,259,2.9,0,0.0,0,0.0,0,0.0,0,0.0,0,0,1,0,0.0,0.0,0.0,0.0,0.0,0.0,0.0,0.0,1,3,0,0.0,0.0
346,Mama Samba Baldé,GNB,FW,Lyon,28.0,1995.0,2,0,33,0.4,0,0.0,0,0.0,0,0.0,0,0.0,0,0,0,0,0.1,0.31,0.1,0.31,0.0,0.0,0.1,0.31,1,1,2,0.0,0.31
347,Mama Samba Baldé,GNB,FW,Brest,28.0,1995.0,3,1,118,1.3,1,0.76,0,0.0,1,0.76,1,0.76,0,0,0,0,0.4,0.27,0.4,0.27,0.1,0.11,0.5,0.38,5,2,11,0.76,0.38
348,Brice Samba,FRA,GK,Lens,30.0,1994.0,6,6,540,6.0,0,0.0,0,0.0,0,0.0,0,0.0,0,0,0,0,0.0,0.0,0.0,0.0,0.0,0.0,0.0,0.0,0,1,0,0.0,0.0
349,Arouna Sangante,SEN,DF,Le Havre,22.0,2002.0,5,5,428,4.8,1,0.21,0,0.0,1,0.21,1,0.21,0,0,2,0,0.2,0.04,0.2,0.04,0.0,0.0,0.2,0.05,6,18,1,0.21,0.05
350,Nhoa Sangui,FRA,DF,Reims,18.0,2006.0,6,3,346,3.8,0,0.0,1,0.26,1,0.26,0,0.0,0,0,0,0,0.1,0.02,0.1,0.02,0.2,0.05,0.3,0.08,2,11,16,0.26,0.08
351,Baptiste Santamaria,FRA,MF,Rennes,29.0,1995.0,5,3,273,3.0,0,0.0,1,0.33,1,0.33,0,0.0,0,0,1,0,0.1,0.03,0.1,0.03,0.2,0.07,0.3,0.1,0,17,0,0.33,0.1
352,Andrey Santos,BRA,MF,Strasbourg,20.0,2004.0,5,5,432,4.8,3,0.62,0,0.0,3,0.62,3,0.62,0,0,0,0,1.9,0.39,1.9,0.39,0.7,0.14,2.5,0.52,6,24,8,0.62,0.52
353,Tiago Santos,POR,DF,Lille,22.0,2002.0,6,4,359,4.0,0,0.0,0,0.0,0,0.0,0,0.0,0,0,0,0,0.4,0.1,0.4,0.1,0.6,0.15,1.0,0.25,23,16,41,0.0,0.25
354,Mamadou Sarr,FRA,DF,Strasbourg,19.0,2005.0,2,2,162,1.8,0,0.0,0,0.0,0,0.0,0,0.0,0,0,0,0,0.0,0.0,0.0,0.0,0.0,0.02,0.0,0.02,0,2,0,0.0,0.02
355,Martin Satriano,URU,"FW,DF",Lens,23.0,2001.0,4,0,41,0.5,0,0.0,0,0.0,0,0.0,0,0.0,0,0,0,0,0.3,0.71,0.3,0.71,0.1,0.26,0.5,0.98,2,1,11,0.0,0.98
356,Téji Savanier,FRA,MF,Montpellier,32.0,1991.0,6,6,529,5.9,1,0.17,2,0.34,3,0.51,0,0.0,1,1,0,0,1.1,0.19,0.3,0.05,2.3,0.4,2.6,0.45,4,49,26,0.34,0.58
357,Niklas Schmidt,GER,MF,Toulouse,26.0,1998.0,4,2,145,1.6,0,0.0,0,0.0,0,0.0,0,0.0,0,0,0,0,0.1,0.04,0.1,0.04,0.3,0.17,0.3,0.21,2,14,1,0.0,0.21
358,Jérémy Sebas,MTQ,"FW,MF",Strasbourg,21.0,2003.0,4,0,17,0.2,0,0.0,0,0.0,0,0.0,0,0.0,0,0,0,0,0.0,0.24,0.0,0.24,0.0,0.0,0.0,0.24,1,2,1,0.0,0.24
359,Alidu Seidu,GHA,DF,Rennes,24.0,2000.0,6,5,439,4.9,0,0.0,0,0.0,0,0.0,0,0.0,0,0,2,0,0.1,0.02,0.1,0.02,0.1,0.01,0.2,0.03,14,19,13,0.0,0.03
360,Marvin Senaya,TOG,DF,Strasbourg,23.0,2001.0,5,0,104,1.2,0,0.0,0,0.0,0,0.0,0,0.0,0,0,2,0,0.0,0.01,0.0,0.01,0.1,0.12,0.1,0.13,1,3,1,0.0,0.13
361,Djibril Sidibé,FRA,DF,Toulouse,32.0,1992.0,6,3,297,3.3,0,0.0,1,0.3,1,0.3,0,0.0,0,0,0,0,0.2,0.06,0.2,0.06,1.5,0.47,1.7,0.52,1,15,9,0.3,0.52
362,Vincent Sierro,SUI,MF,Toulouse,28.0,1995.0,6,5,466,5.2,0,0.0,1,0.19,1,0.19,0,0.0,0,0,1,0,0.1,0.01,0.1,0.01,1.7,0.32,1.7,0.34,1,36,4,0.19,0.34
363,Caio Henrique Oliveira Silva,BRA,DF,Monaco,27.0,1997.0,4,3,282,3.1,0,0.0,1,0.32,1,0.32,0,0.0,0,0,0,0,0.0,0.0,0.0,0.0,1.0,0.31,1.0,0.31,9,17,20,0.32,0.31
364,Abdallah Sima,SEN,"FW,MF",Brest,23.0,2001.0,5,3,234,2.6,0,0.0,1,0.38,1,0.38,0,0.0,0,0,0,0,0.3,0.12,0.3,0.12,0.2,0.09,0.5,0.21,5,7,18,0.38,0.21
365,Moses Simon,NGA,FW,Nantes,29.0,1995.0,6,6,504,5.6,2,0.36,2,0.36,4,0.71,1,0.18,1,1,0,0,1.6,0.28,0.8,0.14,1.4,0.25,2.2,0.39,37,14,59,0.54,0.53
366,Lassine Sinayoko,MLI,"FW,MF",Auxerre,24.0,1999.0,6,6,510,5.7,0,0.0,0,0.0,0,0.0,0,0.0,0,0,2,0,1.0,0.18,1.0,0.18,0.9,0.16,2.0,0.35,17,21,51,0.0,0.35
367,Wilfried Singo,CIV,DF,Monaco,23.0,2000.0,5,3,276,3.1,0,0.0,1,0.33,1,0.33,0,0.0,0,0,0,0,0.1,0.04,0.1,0.04,0.1,0.03,0.2,0.07,5,15,1,0.33,0.07
368,Ibrahim Sissoko,MLI,FW,Saint-Étienne,28.0,1995.0,6,4,384,4.3,2,0.47,0,0.0,2,0.47,1,0.23,1,1,0,0,1.3,0.31,0.5,0.13,0.3,0.08,0.9,0.2,4,2,16,0.23,0.39
369,Leo Skiri Østigård,NOR,DF,Rennes,24.0,1999.0,5,4,336,3.7,1,0.27,0,0.0,1,0.27,1,0.27,0,0,2,0,0.3,0.08,0.3,0.08,0.0,0.0,0.3,0.08,1,21,0,0.27,0.08
370,Milan Škriniar,SVK,DF,Paris S-G,29.0,1995.0,2,1,112,1.2,0,0.0,0,0.0,0,0.0,0,0.0,0,0,0,0,0.0,0.0,0.0,0.0,0.0,0.0,0.0,0.0,2,6,0,0.0,0.0
371,Naatan Skyttä,FIN,FW,Toulouse,22.0,2002.0,1,0,5,0.1,0,0.0,0,0.0,0,0.0,0,0.0,0,0,0,0,0.0,0.0,0.0,0.0,0.0,0.0,0.0,0.0,0,0,0,0.0,0.0
372,Florian Sotoca,FRA,FW,Lens,33.0,1990.0,5,5,397,4.4,0,0.0,0,0.0,0,0.0,0,0.0,0,0,1,0,1.8,0.42,1.8,0.42,0.2,0.04,2.0,0.46,8,22,38,0.0,0.46
373,Issa Soumaré,SEN,"FW,MF",Le Havre,23.0,2000.0,5,3,253,2.8,0,0.0,0,0.0,0,0.0,0,0.0,0,0,0,0,0.7,0.24,0.7,0.24,0.1,0.04,0.8,0.28,7,3,21,0.0,0.28
374,Saidou Sow,GUI,DF,Strasbourg,22.0,2002.0,6,6,523,5.8,0,0.0,1,0.17,1,0.17,0,0.0,0,0,1,0,0.3,0.05,0.3,0.05,0.2,0.03,0.4,0.07,0,3,2,0.17,0.07
375,Lucas Stassin,BEL,FW,Saint-Étienne,19.0,2004.0,3,2,138,1.5,0,0.0,0,0.0,0,0.0,0,0.0,0,0,0,0,0.7,0.43,0.7,0.43,0.0,0.03,0.7,0.45,3,2,5,0.0,0.45
376,Enzo Sternal,FRA,FW,Marseille,17.0,2007.0,1,0,12,0.1,0,0.0,0,0.0,0,0.0,0,0.0,0,0,0,0,0.0,0.0,0.0,0.0,0.0,0.0,0.0,0.0,0,0,0,0.0,0.0
377,Gabriel Suazo,CHI,"DF,MF",Toulouse,27.0,1997.0,6,2,266,3.0,0,0.0,0,0.0,0,0.0,0,0.0,0,0,0,0,0.0,0.0,0.0,0.0,0.1,0.04,0.1,0.04,3,14,16,0.0,0.04
378,Abakar Sylla,CIV,DF,Strasbourg,21.0,2002.0,6,4,347,3.9,0,0.0,0,0.0,0,0.0,0,0.0,0,0,2,0,0.2,0.06,0.2,0.06,0.0,0.0,0.2,0.06,0,4,1,0.0,0.06
379,Issiaga Sylla,GUI,"FW,DF",Montpellier,30.0,1994.0,2,1,10,0.1,0,0.0,0,0.0,0,0.0,0,0.0,0,0,0,0,0.0,0.0,0.0,0.0,0.0,0.0,0.0,0.0,0,0,2,0.0,0.0
380,Musa Al-Taamari,JOR,FW,Montpellier,27.0,1997.0,3,2,175,1.9,0,0.0,0,0.0,0,0.0,0,0.0,0,0,1,0,0.2,0.08,0.2,0.08,0.0,0.01,0.2,0.09,7,5,9,0.0,0.09
381,Nicolás Tagliafico,ARG,DF,Lyon,32.0,1992.0,1,1,90,1.0,0,0.0,0,0.0,0,0.0,0,0.0,0,0,0,0,0.0,0.04,0.0,0.04,0.0,0.0,0.0,0.04,3,7,2,0.0,0.04
382,Florian Tardieu,FRA,MF,Saint-Étienne,32.0,1992.0,4,2,162,1.8,0,0.0,0,0.0,0,0.0,0,0.0,0,0,0,0,0.0,0.01,0.0,0.01,0.0,0.0,0.0,0.01,0,9,1,0.0,0.01
383,Oussama Targhalline,MAR,MF,Le Havre,22.0,2002.0,4,3,262,2.9,0,0.0,0,0.0,0,0.0,0,0.0,0,0,0,0,0.1,0.02,0.1,0.02,0.3,0.11,0.4,0.14,7,22,7,0.0,0.14
384,Enzo Tchato,CMR,DF,Montpellier,21.0,2002.0,6,3,438,4.9,0,0.0,0,0.0,0,0.0,0,0.0,0,0,0,0,0.0,0.0,0.0,0.0,0.1,0.03,0.1,0.03,6,15,24,0.0,0.03
385,Tanner Tessmann,USA,MF,Lyon,23.0,2001.0,3,1,73,0.8,0,0.0,0,0.0,0,0.0,0,0.0,0,0,0,0,0.0,0.0,0.0,0.0,0.0,0.0,0.0,0.0,0,2,1,0.0,0.0
386,Teddy Teuma,MLT,MF,Reims,31.0,1993.0,4,1,110,1.2,0,0.0,0,0.0,0,0.0,0,0.0,0,0,0,0,0.2,0.15,0.2,0.15,0.0,0.03,0.2,0.19,2,5,6,0.0,0.19
387,Jordan Teze,NED,DF,Monaco,25.0,1999.0,5,2,166,1.8,1,0.54,0,0.0,1,0.54,1,0.54,0,0,0,0,1.0,0.55,1.0,0.55,0.1,0.05,1.1,0.6,2,6,10,0.54,0.6
388,Sorba Thomas,WAL,FW,Nantes,25.0,1999.0,6,4,367,4.1,1,0.25,0,0.0,1,0.25,1,0.25,0,0,0,0,1.2,0.3,1.2,0.3,0.7,0.17,1.9,0.47,12,10,28,0.25,0.47
389,Adrien Thomasson,FRA,MF,Lens,30.0,1993.0,6,6,471,5.2,0,0.0,0,0.0,0,0.0,0,0.0,0,0,0,0,0.1,0.03,0.1,0.03,1.9,0.35,2.0,0.38,5,30,24,0.0,0.38
390,Corentin Tolisso,FRA,MF,Lyon,30.0,1994.0,6,3,267,3.0,1,0.34,0,0.0,1,0.34,1,0.34,0,0,1,0,0.9,0.29,0.9,0.29,0.6,0.19,1.4,0.48,5,28,19,0.34,0.48
391,Abdoulaye Touré,GUI,MF,Le Havre,30.0,1994.0,6,5,478,5.3,2,0.38,1,0.19,3,0.56,0,0.0,2,2,1,0,2.3,0.43,0.7,0.14,0.1,0.02,0.8,0.15,0,24,7,0.19,0.45
392,Birama Touré,MLI,MF,Montpellier,32.0,1992.0,2,0,43,0.5,0,0.0,0,0.0,0,0.0,0,0.0,0,0,0,0,0.0,0.06,0.0,0.06,0.0,0.0,0.0,0.06,0,1,0,0.0,0.06
393,Adrien Truffert,FRA,"DF,MF",Rennes,22.0,2001.0,6,5,405,4.5,0,0.0,0,0.0,0,0.0,0,0.0,0,0,1,0,0.1,0.03,0.1,0.03,0.2,0.04,0.3,0.07,7,14,21,0.0,0.07
394,Vanderson,BRA,DF,Monaco,23.0,2001.0,5,4,362,4.0,1,0.25,1,0.25,2,0.5,1,0.25,0,0,2,0,0.3,0.08,0.3,0.08,0.7,0.18,1.1,0.26,6,15,21,0.5,0.26
395,Jordan Veretout,FRA,MF,Lyon,31.0,1993.0,3,2,144,1.6,0,0.0,0,0.0,0,0.0,0,0.0,0,0,1,0,0.0,0.0,0.0,0.0,0.1,0.04,0.1,0.04,6,13,15,0.0,0.04
396,Ben Viadere,FRA,MF,Auxerre,19.0,2005.0,1,0,5,0.1,0,0.0,0,0.0,0,0.0,0,0.0,0,0,0,0,0.0,0.0,0.0,0.0,0.0,0.85,0.0,0.85,1,0,1,0.0,0.85
397,Vitinha,POR,MF,Paris S-G,24.0,2000.0,4,4,339,3.8,1,0.27,0,0.0,1,0.27,0,0.0,1,1,0,0,0.8,0.21,0.0,0.0,0.8,0.2,0.8,0.21,6,42,10,0.0,0.41
398,Ibrahima Wadji,SEN,FW,Saint-Étienne,29.0,1995.0,2,0,45,0.5,0,0.0,0,0.0,0,0.0,0,0.0,0,0,0,0,0.2,0.33,0.2,0.33,0.0,0.03,0.2,0.36,0,0,5,0.0,0.36
399,Elye Wahi,FRA,FW,Marseille,21.0,2003.0,5,5,317,3.5,1,0.28,0,0.0,1,0.28,0,0.0,1,1,0,0,2.4,0.69,1.7,0.47,0.2,0.06,1.9,0.53,4,4,16,0.0,0.75
400,Caleb Wiley,USA,"DF,MF",Strasbourg,19.0,2004.0,3,2,213,2.4,0,0.0,1,0.42,1,0.42,0,0.0,0,0,0,0,0.0,0.01,0.0,0.01,0.7,0.29,0.7,0.3,2,3,7,0.42,0.3
401,Christopher Wooh,CMR,DF,Rennes,23.0,2001.0,6,6,540,6.0,0,0.0,0,0.0,0,0.0,0,0.0,0,0,2,0,0.0,0.0,0.0,0.0,0.0,0.0,0.0,0.0,0,16,0,0.0,0.0
402,Etienne Youte Kinkoue,FRA,DF,Le Havre,22.0,2002.0,3,3,270,3.0,0,0.0,0,0.0,0,0.0,0,0.0,0,0,1,0,0.0,0.0,0.0,0.0,0.1,0.03,0.1,0.03,2,6,1,0.0,0.03
403,Yoram Zague,FRA,DF,Paris S-G,18.0,2006.0,1,1,70,0.8,0,0.0,0,0.0,0,0.0,0,0.0,0,0,0,0,0.0,0.0,0.0,0.0,0.0,0.0,0.0,0.0,1,4,0,0.0,0.0
404,Wilfried Zaha,CIV,FW,Lyon,31.0,1992.0,1,1,52,0.6,0,0.0,0,0.0,0,0.0,0,0.0,0,0,0,0,0.0,0.0,0.0,0.0,0.0,0.0,0.0,0.0,0,0,4,0.0,0.0
405,Warren Zaïre-Emery,FRA,"MF,DF",Paris S-G,18.0,2006.0,5,5,437,4.9,1,0.21,0,0.0,1,0.21,1,0.21,0,0,1,0,0.5,0.1,0.5,0.1,0.2,0.05,0.7,0.15,8,19,20,0.21,0.15
406,Miha Zajc,SVN,MF,Toulouse,30.0,1994.0,3,0,38,0.4,0,0.0,0,0.0,0,0.0,0,0.0,0,0,0,0,0.0,0.0,0.0,0.0,0.0,0.0,0.0,0.0,2,2,0,0.0,0.0
407,Denis Zakaria,SUI,MF,Monaco,27.0,1996.0,6,5,475,5.3,2,0.38,1,0.19,3,0.57,2,0.38,0,0,1,0,1.2,0.23,1.2,0.23,0.2,0.04,1.4,0.27,6,24,5,0.57,0.27
408,Anass Zaroury,MAR,"MF,FW",Lens,23.0,2000.0,5,3,201,2.2,0,0.0,1,0.45,1,0.45,0,0.0,0,0,2,1,0.2,0.11,0.2,0.11,0.3,0.14,0.5,0.24,6,10,7,0.45,0.24
409,Nathan Zeze,FRA,DF,Nantes,19.0,2005.0,4,4,360,4.0,0,0.0,0,0.0,0,0.0,0,0.0,0,0,1,0,0.0,0.0,0.0,0.0,0.0,0.0,0.0,0.0,1,15,0,0.0,0.0
410,Edon Zhegrova,KVX,"MF,FW",Lille,25.0,1999.0,4,4,354,3.9,3,0.76,1,0.25,4,1.02,3,0.76,0,0,0,0,1.0,0.25,1.0,0.25,1.5,0.38,2.5,0.64,19,22,33,1.02,0.64
411,Luc Zogbé,CIV,DF,Brest,19.0,2005.0,4,1,115,1.3,0,0.0,0,0.0,0,0.0,0,0.0,0,0,0,0,0.0,0.0,0.0,0.0,0.0,0.01,0.0,0.01,0,5,2,0.0,0.01
412,Aristide Zossou,CIV,MF,Auxerre,19.0,2005.0,1,0,6,0.1,0,0.0,0,0.0,0,0.0,0,0.0,0,0,0,0,0.0,0.0,0.0,0.0,0.0,0.0,0.0,0.0,0,1,1,0.0,0.0
413,Yanis Zouaoui,ALG,DF,Le Havre,30.0,1994.0,1,1,74,0.8,0,0.0,1,1.22,1,1.22,0,0.0,0,0,0,0,0.0,0.0,0.0,0.0,0.2,0.3,0.2,0.3,2,5,5,1.22,0.3
