Unnamed: 0_level_0,Unnamed: 1_level_0,Unnamed: 2_level_0,Unnamed: 3_level_0,Unnamed: 4_level_0,Unnamed: 5_level_0,Unnamed: 6_level_0,Unnamed: 7_level_0,Performance,Performance,Performance,Performance,Performance,Performance,Performance,Performance,Performance,Performance,Performance,Performance,Performance,Aerial Duels,Aerial Duels,Aerial Duels,Unnamed: 24_level_0
Rk,Player,Nation,Pos,Squad,Age,Born,90s,CrdY,CrdR,2CrdY,Fls,Fld,Off,Crs,Int,TklW,PKwon,PKcon,OG,Recov,Won,Lost,Won%,Matches
1,Oliver Abildgaard,dk DEN,MF,Como,28-112,1996,0.1,0,0,0,0,1,0,0,0,0,0,0,0,0,0,0,,Matches
2,Tammy Abraham,eng ENG,FW,Roma,26-364,1997,0.0,0,0,0,0,0,0,0,0,0,0,0,0,0,1,0,100.0,Matches
3,Tammy Abraham,eng ENG,FW,Milan,26-364,1997,2.9,0,0,0,4,2,0,1,1,1,1,0,0,2,2,6,25.0,Matches
4,Federico Accornero,it ITA,MF,Genoa,20-238,2004,0.1,0,0,0,0,0,0,1,0,0,0,0,0,1,0,1,0.0,Matches
5,Francesco Acerbi,it ITA,DF,Inter,36-233,1988,5.0,0,0,0,3,8,0,1,9,4,0,0,0,14,13,4,76.5,Matches
6,Che Adams,sct SCO,"FW,MF",Torino,28-079,1996,3.9,0,0,0,4,7,3,2,0,1,0,0,0,5,5,12,29.4,Matches
7,Yacine Adli,fr FRA,MF,Fiorentina,24-063,2000,0.7,0,0,0,0,2,0,8,2,2,0,0,0,2,1,0,100.0,Matches
8,Michel Aebischer,ch SUI,MF,Bologna,27-268,1997,3.7,0,0,0,8,6,0,4,4,4,0,0,0,17,3,4,42.9,Matches
9,Honest Ahanor,it ITA,DF,Genoa,16-220,2008,0.8,0,0,0,0,3,0,1,0,0,0,0,0,3,0,1,0.0,Matches
10,David Akpan Ankeye,ng NGA,FW,Genoa,22-229,2002,0.2,0,0,0,0,0,0,0,0,0,0,0,0,0,0,0,,Matches
11,Faride Alidou,de GER,"FW,MF",Hellas Verona,23-074,2001,0.7,0,0,0,0,0,0,3,0,0,0,0,0,0,1,0,100.0,Matches
12,Pontus Almqvist,se SWE,FW,Parma,25-082,1999,1.4,0,0,0,3,2,0,0,5,3,0,0,0,10,3,1,75.0,Matches
13,Giorgio Altare,it ITA,DF,Venezia,26-052,1998,2.2,1,0,0,5,1,0,3,4,4,0,0,1,6,8,4,66.7,Matches
14,Sofyan Amrabat,ma MAR,MF,Fiorentina,28-040,1996,2.0,0,0,0,4,1,0,3,0,2,0,0,0,7,1,1,50.0,Matches
15,Angeliño,es ESP,DF,Roma,27-270,1997,6.0,0,0,0,5,5,1,19,6,3,0,0,0,24,11,5,68.8,Matches
16,Lorenzo Anghelè,it ITA,FW,Juventus,19-217,2005,0.1,0,0,0,0,0,0,0,0,0,0,0,0,0,0,2,0.0,Matches
17,Faustino Anjorin,eng ENG,MF,Empoli,22-312,2001,1.7,0,0,0,2,6,0,2,0,0,0,0,0,4,2,3,40.0,Matches
18,Marko Arnautović,at AUT,FW,Inter,35-164,1989,0.4,0,0,0,0,0,3,1,0,2,0,0,0,0,0,0,,Matches
19,Kristjan Asllani,al ALB,MF,Inter,22-205,2002,1.6,2,0,0,2,3,0,4,1,0,0,0,0,13,1,3,25.0,Matches
20,Arthur Atta,fr FRA,MF,Udinese,21-260,2003,0.2,0,0,0,0,0,0,0,0,1,0,0,0,0,0,1,0.0,Matches
21,Emil Audero,it ITA,GK,Como,27-256,1997,3.0,0,0,0,0,1,0,0,0,0,0,0,0,4,1,1,50.0,Matches
22,Tommaso Augello,it ITA,DF,Cagliari,30-031,1994,4.5,0,0,0,3,2,0,31,5,5,0,0,0,24,6,2,75.0,Matches
23,Carlos Augusto,br BRA,DF,Inter,25-267,1999,2.1,0,0,0,4,1,0,3,1,2,0,0,0,8,5,5,50.0,Matches
24,Yann Aurel Bisseck,de GER,DF,Inter,23-306,2000,2.0,0,0,0,3,3,0,2,3,1,0,1,0,7,9,3,75.0,Matches
25,Paulo Azzi,br BRA,DF,Cagliari,30-077,1994,3.7,1,0,0,3,3,0,21,4,7,0,0,0,18,4,5,44.4,Matches
Rk,Player,Nation,Pos,Squad,Age,Born,90s,CrdY,CrdR,2CrdY,Fls,Fld,Off,Crs,Int,TklW,PKwon,PKcon,OG,Recov,Won,Lost,Won%,Matches
26,Milan Badelj,hr CRO,MF,Genoa,35-218,1989,4.4,0,0,0,2,7,0,2,3,3,0,0,0,17,6,2,75.0,Matches
27,Mitchel Bakker,nl NED,MF,Atalanta,24-102,2000,0.2,0,0,0,1,0,0,1,0,0,0,0,0,2,1,1,50.0,Matches
28,Tommaso Baldanzi,it ITA,"MF,FW",Roma,21-191,2003,1.7,0,0,0,0,5,0,1,1,1,0,0,0,12,1,0,100.0,Matches
29,Botond Balogh,hu HUN,DF,Parma,22-116,2002,4.8,1,0,0,3,3,0,0,6,2,0,0,0,10,4,5,44.4,Matches
30,Lameck Banda,zm ZAM,"FW,MF",Lecce,23-245,2001,2.7,1,0,0,5,6,2,10,1,2,0,0,0,14,0,6,0.0,Matches
31,Daniel Bandeira,pt POR,MF,Hellas Verona,24-172,2000,2.5,0,0,0,0,3,0,8,6,0,0,0,0,23,5,3,62.5,Matches
32,Mattia Bani,it ITA,DF,Genoa,30-295,1993,3.5,1,0,0,2,1,0,0,8,1,0,0,0,6,6,9,40.0,Matches
33,Antonín Barák,cz CZE,MF,Fiorentina,29-302,1994,0.6,0,0,0,0,0,0,1,0,0,0,0,0,2,0,1,0.0,Matches
34,Federico Barba,it ITA,DF,Como,31-029,1993,2.0,0,0,0,2,1,0,0,3,0,0,0,0,7,3,6,33.3,Matches
35,Nicolò Barella,it ITA,MF,Inter,27-236,1997,3.5,0,0,0,3,4,0,5,1,3,0,0,0,18,1,3,25.0,Matches
36,Davide Bartesaghi,it ITA,DF,Milan,18-276,2005,0.1,0,1,0,1,0,0,0,0,0,0,0,0,0,0,0,,Matches
37,Federico Baschirotto,it ITA,DF,Lecce,28-010,1996,6.0,1,0,0,6,0,0,0,8,5,0,0,0,8,10,7,58.8,Matches
38,Daniele Baselli,it ITA,MF,Como,32-202,1992,0.2,0,0,0,0,1,0,0,1,0,0,0,0,0,0,1,0.0,Matches
39,Alessandro Bastoni,it ITA,DF,Inter,25-170,1999,4.4,0,0,0,5,5,0,12,5,4,0,0,0,16,7,5,58.3,Matches
40,Reda Belahyane,fr FRA,MF,Hellas Verona,20-121,2004,5.8,3,0,0,10,3,0,0,3,8,0,0,0,37,1,2,33.3,Matches
41,Raoul Bellanova,it ITA,DF,Torino,24-136,2000,1.0,0,0,0,1,1,0,5,0,0,0,0,0,4,1,0,100.0,Matches
42,Raoul Bellanova,it ITA,DF,Atalanta,24-136,2000,3.3,1,0,0,0,7,0,21,3,2,0,0,0,12,5,2,71.4,Matches
43,Andrea Belotti,it ITA,FW,Como,30-285,1993,2.2,0,0,0,3,5,2,1,1,2,0,0,0,7,7,8,46.7,Matches
44,Lucas Beltrán,ar ARG,"MF,FW",Fiorentina,23-185,2001,1.0,0,0,0,0,3,1,0,0,0,0,0,0,6,2,4,33.3,Matches
45,Ismaël Bennacer,dz ALG,MF,Milan,26-304,1997,0.6,0,0,0,1,0,0,4,0,1,0,0,0,1,0,0,,Matches
46,Medon Berisha,al ALB,"MF,FW",Lecce,20-345,2003,0.9,0,0,0,2,2,0,7,0,1,0,0,0,3,1,2,33.3,Matches
47,Adrian Bernabe,es ESP,MF,Parma,23-127,2001,4.9,0,0,0,3,12,0,6,4,8,0,0,0,17,4,1,80.0,Matches
48,Sam Beukema,nl NED,DF,Bologna,25-318,1998,5.5,0,0,0,4,8,1,0,5,4,0,0,0,24,13,5,72.2,Matches
49,Alessandro Bianco,it ITA,MF,Monza,21-365,2002,2.1,0,0,0,5,6,1,1,0,6,0,0,0,7,1,1,50.0,Matches
50,Alessandro Bianco,it ITA,MF,Fiorentina,21-365,2002,0.2,0,0,0,0,0,0,0,0,0,0,0,0,3,0,0,,Matches
Rk,Player,Nation,Pos,Squad,Age,Born,90s,CrdY,CrdR,2CrdY,Fls,Fld,Off,Crs,Int,TklW,PKwon,PKcon,OG,Recov,Won,Lost,Won%,Matches
51,Jaka Bijol,si SVN,DF,Udinese,25-238,1999,6.0,1,0,0,8,0,1,0,7,6,0,1,0,12,18,8,69.2,Matches
52,Cristiano Biraghi,it ITA,DF,Fiorentina,32-029,1992,4.5,1,0,0,3,7,0,29,4,4,0,0,0,9,2,2,50.0,Matches
53,Samuele Birindelli,it ITA,DF,Monza,25-073,1999,1.9,0,0,0,3,1,0,10,0,4,0,0,0,6,1,3,25.0,Matches
54,Emil Bohinen,no NOR,MF,Genoa,25-202,1999,0.8,0,0,0,1,2,0,0,1,1,0,0,0,3,1,1,50.0,Matches
55,Warren Bondo,fr FRA,MF,Monza,21-015,2003,5.1,0,0,0,6,13,0,1,2,4,0,0,0,21,2,2,50.0,Matches
56,Ange-Yoan Bonny,fr FRA,FW,Parma,20-341,2003,4.3,0,0,0,6,8,5,0,0,3,1,0,0,13,3,11,21.4,Matches
57,Edoardo Bove,it ITA,MF,Fiorentina,22-137,2002,3.2,1,0,0,6,10,0,0,3,4,0,0,0,13,4,7,36.4,Matches
58,Domagoj Bradarić,hr CRO,MF,Hellas Verona,24-295,1999,0.0,0,0,0,0,0,0,0,0,0,0,0,0,2,0,0,,Matches
59,Matthias Braunöder,at AUT,MF,Como,22-187,2002,1.5,1,0,0,4,1,0,0,0,2,0,0,0,6,0,1,0.0,Matches
60,Iker Bravo,es ESP,MF,Udinese,19-261,2005,0.5,1,0,0,1,1,0,0,0,1,0,0,0,6,1,2,33.3,Matches
61,Gleison Bremer,br BRA,DF,Juventus,27-196,1997,6.0,2,0,0,9,5,0,0,6,7,0,0,0,23,11,7,61.1,Matches
62,Brenner,br BRA,"MF,FW",Udinese,24-258,2000,3.6,0,0,0,0,4,0,6,1,2,0,0,0,10,1,3,25.0,Matches
63,Marco Brescianini,it ITA,MF,Atalanta,24-254,2000,4.1,0,0,0,8,4,1,4,0,1,0,0,0,13,4,3,57.1,Matches
64,Alessandro Buongiorno,it ITA,DF,Napoli,25-116,1999,5.0,0,0,0,2,5,1,0,2,7,0,0,0,22,9,7,56.3,Matches
65,Gianluca Busio,us USA,MF,Venezia,22-125,2002,2.8,0,0,0,2,2,0,2,0,2,1,0,0,15,0,3,0.0,Matches
66,Liberato Cacace,nz NZL,"DF,MF",Empoli,24-003,2000,0.7,1,0,0,3,0,0,5,0,1,0,0,0,5,1,2,33.3,Matches
67,Davide Calabria,it ITA,DF,Milan,27-299,1996,1.6,0,0,0,3,2,0,7,3,2,0,0,0,7,1,0,100.0,Matches
68,Luca Caldirola,it ITA,DF,Monza,33-242,1991,2.1,1,0,0,6,2,0,0,0,0,0,0,0,2,4,1,80.0,Matches
69,Hakan Çalhanoğlu,tr TUR,MF,Inter,30-235,1994,4.1,1,0,0,2,3,0,20,0,6,0,0,0,18,5,3,62.5,Matches
70,Drissa Camara,ci CIV,FW,Parma,22-225,2002,0.3,0,0,0,1,0,0,0,0,0,0,0,0,2,0,2,0.0,Matches
71,Nicolò Cambiaghi,it ITA,FW,Bologna,23-277,2000,0.2,0,0,0,0,0,0,2,0,0,0,0,0,2,0,0,,Matches
72,Andrea Cambiaso,it ITA,"DF,FW",Juventus,24-223,2000,5.1,1,0,0,7,3,1,9,2,5,0,0,0,22,1,1,50.0,Matches
73,Matteo Cancellieri,it ITA,"FW,MF",Parma,22-231,2002,1.7,0,1,0,3,7,1,3,1,3,0,0,0,8,1,4,20.0,Matches
74,Antonio Candela,it ITA,DF,Venezia,24-156,2000,4.9,1,0,0,4,1,0,9,2,5,0,0,0,17,4,5,44.4,Matches
75,Gianluca Caprari,it ITA,MF,Monza,31-062,1993,2.2,0,0,0,1,6,1,12,1,1,0,0,0,3,0,0,,Matches
Rk,Player,Nation,Pos,Squad,Age,Born,90s,CrdY,CrdR,2CrdY,Fls,Fld,Off,Crs,Int,TklW,PKwon,PKcon,OG,Recov,Won,Lost,Won%,Matches
76,Elia Caprile,it ITA,GK,Napoli,23-036,2001,1.6,0,0,0,0,0,0,0,0,0,0,0,0,0,1,0,100.0,Matches
77,Francesco Caputo,it ITA,FW,Empoli,37-055,1987,0.1,0,0,0,0,0,0,0,0,0,0,0,0,1,0,0,,Matches
78,Andrea Carboni,it ITA,DF,Monza,23-239,2001,3.9,1,0,0,5,5,0,2,4,5,0,0,0,7,6,4,60.0,Matches
79,Franco Carboni,it ITA,DF,Venezia,21-179,2003,0.0,0,0,0,0,1,0,0,0,0,0,0,0,1,0,0,,Matches
80,Marco Carnesecchi,it ITA,GK,Atalanta,24-091,2000,5.0,0,0,0,0,1,0,0,0,0,0,0,0,6,1,0,100.0,Matches
81,Nicolò Casale,it ITA,DF,Bologna,26-229,1998,1.8,0,0,0,3,1,0,0,1,1,0,0,1,7,4,9,30.8,Matches
82,Nicolò Casale,it ITA,DF,Lazio,26-229,1998,1.5,0,0,0,2,0,0,0,1,3,0,0,0,1,6,0,100.0,Matches
83,Federico Cassa,it ITA,"MF,FW",Atalanta,18-242,2006,0.2,0,0,0,2,1,0,0,0,0,1,0,0,1,0,0,,Matches
84,Valentín Castellanos,ar ARG,FW,Lazio,25-363,1998,4.6,1,0,0,8,7,5,6,0,2,1,0,0,10,17,10,63.0,Matches
85,Santiago Castro,ar ARG,FW,Bologna,20-001,2004,5.0,1,0,0,8,9,3,1,1,2,0,0,0,12,9,14,39.1,Matches
86,Gaetano Castrovilli,it ITA,MF,Lazio,27-226,1997,1.0,0,0,0,2,1,0,0,2,1,0,0,0,3,0,0,,Matches
87,Danilo Cataldi,it ITA,MF,Fiorentina,30-055,1994,3.3,0,0,0,4,4,0,4,2,6,0,0,0,16,0,2,0.0,Matches
88,Zeki Çelik,tr TUR,DF,Roma,27-226,1997,4.8,0,0,0,5,1,0,10,2,9,0,0,0,13,5,4,55.6,Matches
89,Alberto Cerri,it ITA,FW,Como,28-167,1996,0.7,0,0,0,3,1,1,0,0,0,0,0,0,3,3,1,75.0,Matches
90,Gabriel Charpentier,cg CGO,FW,Parma,25-136,1999,0.2,0,0,0,1,0,0,0,0,1,0,0,0,0,0,3,0.0,Matches
91,Walid Cheddira,ma MAR,FW,Napoli,26-252,1998,0.1,0,0,0,0,0,0,0,0,0,0,0,0,0,0,1,0.0,Matches
92,Leandro Chichizola,ar ARG,GK,Parma,34-187,1990,1.0,0,0,0,0,0,0,0,0,0,0,0,0,0,1,0,100.0,Matches
93,Samuel Chukwueze,ng NGA,FW,Milan,25-131,1999,2.0,0,0,0,1,2,0,9,0,2,0,0,0,9,2,1,66.7,Matches
94,Aaron Ciammaglichella,it ITA,MF,Torino,19-248,2005,0.0,0,0,0,0,0,0,0,0,0,0,0,0,0,0,0,,Matches
95,Alessandro Circati,au AUS,DF,Parma,20-356,2003,4.0,1,0,0,3,2,0,0,2,2,0,0,0,5,5,3,62.5,Matches
96,Alphadjo Cissè,it ITA,MF,Hellas Verona,17-344,2006,0.0,0,0,0,0,0,0,0,0,0,0,0,0,0,0,0,,Matches
97,Saúl Coco,gq EQG,DF,Torino,25-234,1999,5.0,0,0,0,6,3,0,0,10,5,0,0,0,17,9,11,45.0,Matches
98,Lorenzo Colombo,it ITA,"FW,MF",Empoli,22-206,2002,4.7,1,0,0,5,4,2,2,0,3,0,0,0,12,10,20,33.3,Matches
99,Andrea Colpani,it ITA,"MF,FW",Fiorentina,25-142,1999,4.2,0,0,0,6,10,0,5,1,2,0,0,0,8,3,3,50.0,Matches
100,Pietro Comuzzo,it ITA,DF,Fiorentina,19-223,2005,4.5,1,0,0,6,0,0,1,2,5,0,0,0,23,16,11,59.3,Matches
Rk,Player,Nation,Pos,Squad,Age,Born,90s,CrdY,CrdR,2CrdY,Fls,Fld,Off,Crs,Int,TklW,PKwon,PKcon,OG,Recov,Won,Lost,Won%,Matches
101,Francisco Conceição,pt POR,FW,Juventus,21-291,2002,0.8,0,0,0,0,3,1,3,1,1,0,0,0,1,0,0,,Matches
102,Diego Coppola,it ITA,DF,Hellas Verona,20-277,2003,6.0,3,0,0,11,0,0,0,13,4,0,0,0,13,20,19,51.3,Matches
103,Joaquín Correa,ar ARG,"MF,FW",Inter,30-048,1994,0.2,0,0,0,0,1,0,0,0,0,0,0,0,3,1,3,25.0,Matches
104,Lassana Coulibaly,ml MLI,MF,Lecce,28-173,1996,2.8,0,0,0,4,3,0,0,1,4,0,1,0,13,2,4,33.3,Matches
105,Woyo Coulibaly,fr FRA,DF,Parma,25-133,1999,5.0,0,0,0,3,3,0,1,3,4,0,0,0,22,2,5,28.6,Matches
106,Bryan Cristante,it ITA,MF,Roma,29-211,1995,5.6,2,0,0,9,3,0,1,9,6,0,0,0,25,10,11,47.6,Matches
107,Domen Črnigoj,si SVN,MF,Venezia,28-317,1995,0.4,0,0,0,1,2,0,2,1,1,0,0,0,2,1,1,50.0,Matches
108,Juan Cuadrado,co COL,DF,Atalanta,36-127,1988,0.7,0,0,0,0,4,0,5,0,0,0,0,0,1,3,1,75.0,Matches
109,Patrick Cutrone,it ITA,FW,Como,26-271,1998,5.2,0,0,0,4,4,4,12,1,5,0,0,0,13,5,22,18.5,Matches
110,Wylan Cyprien,fr FRA,MF,Parma,29-246,1995,0.3,0,0,0,0,0,0,0,1,0,0,0,0,6,0,0,,Matches
111,Danilo D'Ambrosio,it ITA,DF,Monza,36-021,1988,0.3,0,0,0,0,0,0,0,0,0,0,0,0,3,0,2,0.0,Matches
112,Lucas Da Cunha,fr FRA,"MF,FW",Como,23-113,2001,2.2,0,0,0,1,3,0,7,0,2,0,0,0,12,3,5,37.5,Matches
113,Thijs Dallinga,nl NED,"FW,MF",Bologna,24-058,2000,1.3,0,0,0,3,2,1,0,0,2,0,0,0,6,6,3,66.7,Matches
114,Flavius Daniliuc,at AUT,DF,Hellas Verona,23-156,2001,2.8,0,0,0,1,0,0,2,3,3,0,0,0,7,5,4,55.6,Matches
115,Danilo,br BRA,DF,Juventus,33-077,1991,1.1,0,0,0,3,0,0,1,1,0,0,0,0,2,0,2,0.0,Matches
116,Matteo Darmian,it ITA,DF,Inter,34-303,1989,4.4,0,0,0,7,6,1,8,1,7,0,0,0,4,4,2,66.7,Matches
117,Juan David Cabal,co COL,DF,Juventus,23-266,2001,2.3,0,0,0,1,4,0,4,1,1,0,0,0,8,7,0,100.0,Matches
118,Keinan Davis,eng ENG,FW,Udinese,26-230,1998,1.8,1,0,0,5,5,2,0,1,1,0,0,0,12,5,4,55.6,Matches
119,Paweł Dawidowicz,pl POL,DF,Hellas Verona,29-133,1995,4.2,1,1,0,7,3,0,1,3,6,0,1,0,16,6,5,54.5,Matches
120,Charles De Ketelaere,be BEL,"FW,MF",Atalanta,23-204,2001,4.5,0,0,0,4,11,0,7,0,1,0,0,0,17,9,10,47.4,Matches
121,Mattia De Sciglio,it ITA,DF,Empoli,31-346,1992,0.0,0,0,0,0,0,0,0,0,0,0,0,0,0,0,0,,Matches
122,Lorenzo De Silvestri,it ITA,DF,Bologna,36-130,1988,1.0,0,0,0,2,1,0,3,0,1,0,0,0,2,1,1,50.0,Matches
123,Koni De Winter,be BEL,DF,Genoa,22-110,2002,6.0,4,0,0,10,4,0,1,6,9,0,2,0,24,24,10,70.6,Matches
124,Alessandro Deiola,it ITA,MF,Cagliari,29-060,1995,4.2,1,0,0,6,3,0,4,2,4,0,0,0,15,7,8,46.7,Matches
125,Enrico Del Prato,it ITA,DF,Parma,24-325,1999,3.2,1,0,0,1,0,0,3,2,1,0,0,0,10,2,2,50.0,Matches
Rk,Player,Nation,Pos,Squad,Age,Born,90s,CrdY,CrdR,2CrdY,Fls,Fld,Off,Crs,Int,TklW,PKwon,PKcon,OG,Recov,Won,Lost,Won%,Matches
126,Fisayo Dele-Bashiru,ng NGA,MF,Lazio,23-237,2001,1.8,0,0,0,2,0,0,2,0,2,0,0,0,13,0,2,0.0,Matches
127,Ali Dembélé,fr FRA,DF,Torino,20-269,2004,0.6,2,0,0,1,0,0,0,0,1,0,0,0,1,2,0,100.0,Matches
128,Michele Di Gregorio,it ITA,GK,Juventus,27-065,1997,4.0,0,0,0,0,0,0,0,0,0,0,0,0,3,0,0,,Matches
129,Giovanni Di Lorenzo,it ITA,DF,Napoli,31-057,1993,6.0,0,0,0,11,6,1,9,4,10,0,0,0,12,10,6,62.5,Matches
130,Boulaye Dia,sn SEN,"FW,MF",Lazio,27-319,1996,3.7,0,0,0,6,3,1,0,0,1,0,0,0,7,3,7,30.0,Matches
131,Federico Dimarco,it ITA,DF,Inter,26-325,1997,5.3,1,0,0,4,3,4,47,2,2,0,0,0,15,1,2,33.3,Matches
132,Berat Djimsiti,al ALB,DF,Atalanta,31-224,1993,6.0,1,0,0,6,5,0,2,12,7,0,0,1,21,20,9,69.0,Matches
133,Dodô,br BRA,DF,Fiorentina,25-318,1998,6.0,2,0,0,1,13,0,34,7,6,1,0,0,32,2,2,50.0,Matches
134,Patrick Dorgu,dk DEN,"FW,DF",Lecce,19-340,2004,4.5,1,1,0,4,15,1,6,2,5,0,0,0,18,6,4,60.0,Matches
135,Alberto Dossena,it ITA,DF,Como,25-353,1998,4.7,0,0,0,5,3,0,1,7,6,0,1,0,18,21,9,70.0,Matches
136,Issa Doumbia,ci CIV,MF,Venezia,20-350,2003,1.0,0,0,0,0,1,0,1,1,1,0,0,0,5,1,2,33.3,Matches
137,Artem Dovbyk,ua UKR,FW,Roma,27-101,1997,5.8,0,0,0,7,3,5,0,0,0,0,0,0,10,10,12,45.5,Matches
138,Ondrej Duda,sk SVK,MF,Hellas Verona,29-300,1994,3.4,3,0,0,6,9,0,7,4,2,0,0,0,32,3,3,50.0,Matches
139,Denzel Dumfries,nl NED,DF,Inter,28-165,1996,1.6,1,0,0,6,1,0,5,0,2,0,0,0,4,2,1,66.7,Matches
140,Alfred Duncan,gh GHA,MF,Venezia,31-204,1993,3.7,1,0,0,7,7,0,6,5,3,0,0,0,23,3,3,50.0,Matches
141,Paulo Dybala,ar ARG,"FW,MF",Roma,30-320,1993,3.2,0,0,0,0,10,0,17,1,1,1,0,0,9,0,3,0.0,Matches
142,Éderson,br BRA,MF,Atalanta,25-085,1999,5.8,2,0,0,10,8,0,6,7,2,0,0,0,31,10,6,62.5,Matches
143,Kingsley Ehizibue,nl NED,DF,Udinese,29-128,1995,6.0,2,0,0,11,9,2,13,7,7,0,0,0,23,6,5,54.5,Matches
144,Jeff Ekhator,it ITA,"FW,MF",Genoa,17-324,2006,0.4,0,0,0,0,1,1,1,0,0,0,0,0,2,2,4,33.3,Matches
145,Jurgen Ekkelenkamp,nl NED,MF,Udinese,24-178,2000,2.2,0,0,0,3,1,0,2,1,3,0,0,0,11,0,2,0.0,Matches
146,Emmanuel Ekong,se SWE,"MF,FW",Empoli,22-097,2002,0.4,0,0,0,0,2,0,0,1,1,0,0,0,2,1,1,50.0,Matches
147,Caleb Ekuban,gh GHA,FW,Genoa,30-191,1994,2.3,0,0,0,3,5,3,1,0,1,0,0,0,9,4,6,40.0,Matches
148,Mikael Ellertsson,is ISL,MF,Venezia,22-203,2002,4.4,0,0,0,3,9,0,0,0,1,0,0,0,6,1,4,20.0,Matches
149,Emerson,br BRA,DF,Milan,25-260,1999,4.0,2,0,0,5,8,0,11,4,7,0,0,0,10,6,2,75.0,Matches
150,Yannik Engelhardt,de GER,MF,Como,23-236,2001,0.8,1,0,0,1,0,0,0,0,0,0,0,0,3,0,0,,Matches
Rk,Player,Nation,Pos,Squad,Age,Born,90s,CrdY,CrdR,2CrdY,Fls,Fld,Off,Crs,Int,TklW,PKwon,PKcon,OG,Recov,Won,Lost,Won%,Matches
151,Martin Erlic,hr CRO,DF,Bologna,26-250,1998,1.5,0,0,0,2,2,0,0,0,0,1,0,0,6,2,4,33.3,Matches
152,Sebastiano Esposito,it ITA,"FW,MF",Empoli,22-090,2002,4.1,0,0,0,7,13,3,5,5,8,1,0,0,25,3,10,23.1,Matches
153,Nahuel Estévez,ar ARG,MF,Parma,28-321,1995,1.8,1,0,0,2,0,0,3,2,1,0,0,0,7,1,0,100.0,Matches
154,Giovanni Fabbian,it ITA,MF,Bologna,21-260,2003,2.8,1,0,0,5,4,0,1,1,3,0,0,0,10,3,3,50.0,Matches
155,Alieu Fadera,gm GAM,"FW,MF",Como,22-332,2001,2.8,0,0,0,3,4,1,5,0,11,0,0,0,14,1,2,33.3,Matches
156,Nicolò Fagioli,it ITA,MF,Juventus,23-231,2001,3.3,2,0,0,6,1,0,3,2,4,0,0,0,16,1,0,100.0,Matches
157,Wladimiro Falcone,it ITA,GK,Lecce,29-171,1995,6.0,1,0,0,0,2,0,0,0,0,0,0,0,5,0,0,,Matches
158,Davide Faraoni,it ITA,"MF,DF",Hellas Verona,32-341,1991,0.3,0,0,0,1,0,0,2,0,1,0,0,0,1,0,2,0.0,Matches
159,Jacopo Fazzini,it ITA,MF,Empoli,21-198,2003,2.6,0,0,0,3,5,1,2,1,3,0,0,0,11,4,4,50.0,Matches
160,Mattia Felici,it ITA,DF,Cagliari,23-166,2001,0.3,0,0,0,1,0,0,0,2,0,0,0,0,4,2,1,66.7,Matches
161,Youssouf Fofana,fr FRA,MF,Milan,25-264,1999,3.8,2,0,0,2,5,0,1,2,1,0,0,0,13,1,5,16.7,Matches
162,Michael Folorunsho,it ITA,FW,Napoli,26-236,1998,0.2,0,0,0,1,0,0,0,0,0,0,0,0,2,0,0,,Matches
163,Omari Forson,eng ENG,"MF,FW",Monza,20-072,2004,0.2,0,0,0,0,0,0,1,0,0,0,0,0,0,0,1,0.0,Matches
164,Davide Frattesi,it ITA,MF,Inter,24-344,1999,2.9,0,0,0,1,4,0,0,1,3,0,0,0,10,3,5,37.5,Matches
165,Morten Frendrup,dk DEN,MF,Genoa,23-176,2001,5.8,2,0,0,11,6,0,0,11,9,0,0,0,25,4,8,33.3,Matches
166,Martin Frese,dk DEN,DF,Hellas Verona,26-270,1998,3.7,0,0,0,7,7,0,7,6,7,0,0,0,7,7,7,50.0,Matches
167,Remo Freuler,ch SUI,MF,Bologna,32-168,1992,6.0,1,0,0,6,4,0,2,4,9,0,0,0,18,4,5,44.4,Matches
168,Matteo Gabbia,it ITA,DF,Milan,24-345,1999,3.0,1,0,0,1,0,0,1,2,0,0,0,0,9,6,3,66.7,Matches
169,Alessandro Gabrielloni,it ITA,"FW,MF",Como,30-082,1994,0.6,0,0,0,2,1,0,0,0,0,0,0,0,4,0,6,0.0,Matches
170,Gianluca Gaetano,it ITA,MF,Cagliari,24-148,2000,0.9,0,0,0,4,1,0,1,1,1,0,0,0,3,1,0,100.0,Matches
171,Roberto Gagliardini,it ITA,"MF,DF",Monza,30-176,1994,1.0,1,0,0,3,4,0,1,1,0,0,0,0,2,4,4,50.0,Matches
172,Antonino Gallo,it ITA,DF,Lecce,24-269,2000,5.9,1,0,0,1,4,2,31,4,7,0,0,0,29,3,3,50.0,Matches
173,Gaspar,ao ANG,DF,Lecce,27-003,1997,6.0,1,0,0,2,8,0,0,11,4,0,1,0,16,24,8,75.0,Matches
174,Federico Gatti,it ITA,DF,Juventus,26-098,1998,3.9,0,0,0,3,8,0,0,4,4,0,0,0,20,7,3,70.0,Matches
175,David de Gea,es ESP,GK,Fiorentina,33-328,1990,3.0,0,0,0,0,0,0,0,0,0,0,0,0,2,1,0,100.0,Matches
Rk,Player,Nation,Pos,Squad,Age,Born,90s,CrdY,CrdR,2CrdY,Fls,Fld,Off,Crs,Int,TklW,PKwon,PKcon,OG,Recov,Won,Lost,Won%,Matches
176,Valentin Gendrey,fr FRA,DF,Lecce,24-101,2000,2.0,0,0,0,1,2,0,3,2,2,0,0,0,3,1,3,25.0,Matches
177,Lautaro Gianetti,ar ARG,DF,Udinese,30-322,1993,3.3,3,0,0,3,0,0,0,8,4,0,0,0,10,8,4,66.7,Matches
178,Mario Gila,es ESP,DF,Lazio,24-032,2000,3.0,2,0,0,3,4,0,0,3,1,0,0,0,8,7,9,43.8,Matches
179,Billy Gilmour,sct SCO,MF,Napoli,23-111,2001,0.2,0,0,0,0,1,0,0,0,1,0,0,0,2,0,0,,Matches
180,Gvidas Gineitis,lt LTU,MF,Torino,20-168,2004,0.5,0,0,0,0,0,0,4,0,1,0,0,0,2,0,0,,Matches
181,Ben Godfrey,eng ENG,DF,Atalanta,26-259,1998,0.3,0,0,0,1,0,0,0,0,0,0,0,0,2,0,0,,Matches
182,Saba Goglichidze,ge GEO,DF,Empoli,20-097,2004,4.0,0,0,0,4,2,0,1,6,8,0,0,0,19,6,13,31.6,Matches
183,Edoardo Goldaniga,it ITA,DF,Como,30-333,1993,1.4,1,0,0,0,2,0,0,2,1,0,0,0,6,2,1,66.7,Matches
184,Pierluigi Gollini,it ITA,GK,Genoa,29-196,1995,6.0,1,0,0,0,0,0,0,0,0,0,0,0,5,0,0,,Matches
185,Nicolás González,ar ARG,FW,Juventus,26-177,1998,2.5,0,0,0,2,6,0,4,0,1,0,0,0,5,2,4,33.3,Matches
186,Robin Gosens,de GER,DF,Fiorentina,30-087,1994,4.0,1,0,0,2,4,1,8,1,5,0,0,0,7,12,7,63.2,Matches
187,Alberto Grassi,it ITA,MF,Empoli,29-207,1995,3.3,0,0,0,3,5,0,1,5,4,0,0,0,17,3,3,50.0,Matches
188,Mattéo Guendouzi,fr FRA,MF,Lazio,25-169,1999,6.0,2,0,0,7,6,0,4,9,5,0,1,0,21,2,4,33.3,Matches
189,Frederic Guilbert,fr FRA,DF,Lecce,29-281,1994,2.3,0,1,0,3,2,0,4,5,3,0,0,0,8,5,3,62.5,Matches
190,Albert Guðmundsson,is ISL,MF,Fiorentina,27-107,1997,1.3,0,0,0,1,4,0,1,1,0,1,0,0,6,0,3,0.0,Matches
191,Emmanuel Gyasi,gh GHA,"DF,FW",Empoli,30-263,1994,6.0,1,0,0,11,3,1,4,0,4,0,0,0,24,8,15,34.8,Matches
192,Christian Gytkjær,dk DEN,FW,Venezia,34-147,1990,1.7,0,0,0,1,0,2,0,0,1,0,0,0,3,3,9,25.0,Matches
193,Nicolas Haas,ch SUI,MF,Empoli,28-251,1996,1.1,0,0,0,5,2,0,0,1,2,0,0,0,4,1,2,33.3,Matches
194,Saad El Haddad,ma MAR,MF,Venezia,19-068,2005,0.2,0,0,0,0,0,0,0,0,0,0,0,0,1,0,1,0.0,Matches
195,Antoine Hainaut,fr FRA,"DF,FW",Parma,22-225,2002,0.6,0,0,0,0,1,0,4,2,1,0,0,0,3,2,0,100.0,Matches
196,Mohamed Haj,tn TUN,MF,Parma,19-188,2005,0.3,0,0,0,0,2,0,2,1,0,0,0,0,3,0,0,,Matches
197,Ridgeciano Haps,sr SUR,DF,Venezia,31-110,1993,2.3,1,0,0,0,1,0,4,0,4,0,0,0,11,1,2,33.3,Matches
198,Abdou Harroui,nl NED,"FW,MF",Hellas Verona,26-261,1998,1.9,1,0,0,3,1,0,4,0,2,0,0,0,6,4,3,57.1,Matches
199,Liam Henderson,sct SCO,MF,Empoli,28-158,1996,5.8,1,0,0,15,5,0,18,5,1,0,0,0,12,1,4,20.0,Matches
200,Mario Hermoso,es ESP,DF,Roma,29-104,1995,0.6,0,0,0,1,0,0,1,2,0,0,0,0,3,1,3,25.0,Matches
Rk,Player,Nation,Pos,Squad,Age,Born,90s,CrdY,CrdR,2CrdY,Fls,Fld,Off,Crs,Int,TklW,PKwon,PKcon,OG,Recov,Won,Lost,Won%,Matches
201,Theo Hernández,fr FRA,DF,Milan,26-360,1997,4.4,0,0,0,1,8,0,17,5,2,0,0,0,21,2,1,66.7,Matches
202,Hernani,br BRA,MF,Parma,30-187,1994,1.0,0,0,0,1,1,0,0,0,1,0,0,0,5,1,2,33.3,Matches
203,Isak Hien,se SWE,DF,Atalanta,25-261,1999,2.3,2,0,0,5,2,0,0,6,1,0,0,0,6,6,7,46.2,Matches
204,Emil Holm,se SWE,MF,Bologna,24-140,2000,0.1,0,0,0,0,0,0,1,0,0,0,0,0,0,0,0,,Matches
205,Elseid Hysaj,al ALB,DF,Lazio,30-223,1994,0.1,0,0,0,0,0,0,0,0,1,0,0,0,3,0,0,,Matches
206,Jay Idzes,id IDN,DF,Venezia,24-120,2000,4.7,1,0,0,10,1,0,0,1,1,0,0,0,15,7,8,46.7,Matches
207,Jonathan Ikone,fr FRA,"MF,FW",Fiorentina,26-151,1998,1.2,0,0,0,1,1,0,1,0,1,0,0,0,6,0,3,0.0,Matches
208,Ivan Ilić,rs SRB,MF,Torino,23-197,2001,5.3,2,0,0,4,13,1,17,4,1,0,0,0,14,4,7,36.4,Matches
209,Samuel Iling-Junior,eng ENG,"MF,FW",Bologna,20-362,2003,0.5,0,0,0,0,0,0,4,2,1,0,0,0,2,0,0,,Matches
210,Alessio Iovine,it ITA,DF,Como,33-242,1991,2.5,1,0,0,2,2,0,11,2,0,0,0,0,7,1,2,33.3,Matches
211,Gustav Isaksen,dk DEN,"FW,MF",Lazio,23-164,2001,3.1,2,0,0,2,7,0,22,1,0,0,0,0,4,1,6,14.3,Matches
212,Ardian Ismajli,al ALB,DF,Empoli,28-000,1996,6.0,0,0,0,3,5,0,0,10,4,0,0,0,13,21,18,53.8,Matches
213,Armando Izzo,it ITA,DF,Monza,32-212,1992,5.6,4,0,0,17,7,0,2,12,5,0,0,0,18,7,9,43.8,Matches
214,Ali Jasim,iq IRQ,FW,Como,20-254,2004,0.0,0,0,0,0,0,0,0,0,0,0,0,0,1,0,0,,Matches
215,Gaby Jean,fr FRA,DF,Lecce,24-224,2000,0.2,0,0,0,0,0,0,0,0,0,0,0,0,0,1,2,33.3,Matches
216,Juan Jesus,br BRA,DF,Napoli,33-112,1991,0.9,0,0,0,1,0,0,0,0,0,0,0,0,3,5,0,100.0,Matches
217,Jesse Joronen,fi FIN,GK,Venezia,31-193,1993,6.0,0,0,0,1,0,0,0,0,0,0,1,0,7,1,0,100.0,Matches
218,Luka Jović,rs SRB,FW,Milan,26-282,1997,0.9,1,0,0,1,1,0,1,1,0,0,0,0,1,1,2,33.3,Matches
219,Christian Kabasele,be BEL,DF,Udinese,33-219,1991,3.4,0,0,0,4,2,0,0,5,4,0,0,0,11,12,7,63.2,Matches
220,Pierre Kalulu,fr FRA,DF,Juventus,24-117,2000,3.0,0,0,0,2,2,0,4,2,1,0,0,0,12,3,3,50.0,Matches
221,Hassane Kamara,ci CIV,DF,Udinese,30-209,1994,3.3,2,1,1,3,1,0,12,5,4,0,0,0,7,2,0,100.0,Matches
222,Yann Karamoh,fr FRA,FW,Torino,26-084,1998,0.4,0,0,0,0,0,0,2,0,0,0,0,0,0,1,0,100.0,Matches
223,Jesper Karlsson,se SWE,FW,Bologna,26-067,1998,0.9,0,0,0,0,1,0,0,0,0,0,0,0,2,1,1,50.0,Matches
224,Jesper Karlström,se SWE,MF,Udinese,29-101,1995,5.2,1,0,0,4,2,1,0,8,4,0,0,0,16,4,7,36.4,Matches
225,Lior Kasa,il ISR,MF,Genoa,19-003,2005,0.2,0,0,0,0,1,0,2,1,0,0,0,0,0,0,0,,Matches
Rk,Player,Nation,Pos,Squad,Age,Born,90s,CrdY,CrdR,2CrdY,Fls,Fld,Off,Crs,Int,TklW,PKwon,PKcon,OG,Recov,Won,Lost,Won%,Matches
226,Grigoris Kastanos,cy CYP,"MF,FW",Hellas Verona,26-244,1998,2.8,1,0,0,2,5,0,2,2,1,0,0,0,3,3,7,30.0,Matches
227,Michael Kayode,it ITA,DF,Fiorentina,20-082,2004,0.2,0,0,0,0,0,0,0,0,1,0,0,0,1,1,0,100.0,Matches
228,Moise Kean,it ITA,FW,Fiorentina,24-215,2000,5.9,0,0,0,6,11,9,2,0,2,0,0,0,10,14,10,58.3,Matches
229,Mandela Keita,be BEL,MF,Parma,22-143,2002,0.2,2,1,1,2,0,0,0,0,0,0,0,0,1,0,0,,Matches
230,Marc-Oliver Kempf,de GER,DF,Como,29-246,1995,4.0,0,0,0,1,0,0,0,7,2,0,0,0,14,14,4,77.8,Matches
231,Magnus Kofod Andersen,dk DEN,MF,Venezia,25-143,1999,3.0,0,0,0,1,2,0,8,3,0,0,0,0,16,3,2,60.0,Matches
232,Sead Kolašinac,ba BIH,DF,Atalanta,31-102,1993,2.9,0,0,0,6,3,0,3,1,4,0,0,1,15,10,4,71.4,Matches
233,Manu Koné,fr FRA,MF,Roma,23-136,2001,1.9,0,0,0,3,5,0,0,2,2,0,0,0,8,0,3,0.0,Matches
234,Teun Koopmeiners,nl NED,MF,Juventus,26-215,1998,3.5,0,0,0,4,2,1,16,0,2,0,0,0,9,1,3,25.0,Matches
235,Odilon Kossounou,ci CIV,DF,Atalanta,23-270,2001,1.7,1,0,0,4,2,0,0,1,3,0,0,0,8,4,2,66.7,Matches
236,Christian Kouamé,ci CIV,"MF,FW",Fiorentina,26-299,1997,3.2,0,0,0,6,10,1,4,2,4,0,0,0,11,11,4,73.3,Matches
237,Mateusz Kowalski,pl POL,MF,Parma,19-071,2005,0.6,0,0,0,1,0,0,0,0,0,0,0,0,0,0,3,0.0,Matches
238,Thomas Kristensen,dk DEN,DF,Udinese,22-257,2002,2.1,1,0,0,2,0,0,0,0,1,0,0,0,6,9,2,81.8,Matches
239,Nikola Krstović,me MNE,FW,Lecce,24-178,2000,5.7,0,0,0,7,6,3,0,0,2,0,0,0,13,11,20,35.5,Matches
240,Khvicha Kvaratskhelia,ge GEO,"MF,FW",Napoli,23-231,2001,4.9,1,0,0,5,14,0,10,1,8,0,0,0,19,0,4,0.0,Matches
241,Giorgos Kyriakopoulos,gr GRE,DF,Monza,28-238,1996,6.0,0,0,0,3,9,0,22,7,12,0,0,0,11,5,5,50.0,Matches
242,Mathis Lambourde,fr FRA,"DF,MF",Hellas Verona,18-265,2006,0.1,0,0,0,0,0,0,1,0,0,0,0,0,0,0,0,,Matches
243,Gianluca Lapadula,pe PER,"FW,MF",Cagliari,34-236,1990,1.0,1,0,0,5,0,0,1,0,0,0,0,0,2,3,1,75.0,Matches
244,Valentino Lazaro,at AUT,DF,Torino,28-190,1996,5.6,1,0,0,7,4,2,30,0,2,0,1,0,21,3,4,42.9,Matches
245,Darko Lazović,rs SRB,"MF,DF",Hellas Verona,34-015,1990,4.7,0,0,0,4,3,2,17,2,3,1,0,0,18,2,3,40.0,Matches
246,Manuel Lazzari,it ITA,DF,Lazio,30-306,1993,5.1,0,0,0,3,6,0,35,1,5,0,0,0,16,0,7,0.0,Matches
247,Enzo Le Fée,fr FRA,MF,Roma,24-240,2000,1.0,0,0,0,1,1,0,4,1,2,0,0,0,5,0,1,0.0,Matches
248,Rafael Leão,pt POR,FW,Milan,25-112,1999,4.9,0,0,0,3,7,1,12,2,2,1,0,0,11,4,2,66.7,Matches
249,Nunzio Lella,it ITA,MF,Venezia,24-064,2000,0.1,0,0,0,1,1,0,0,0,0,0,0,0,0,0,0,,Matches
250,Karol Linetty,pl POL,MF,Torino,29-241,1995,3.9,1,0,0,7,3,0,0,3,7,0,0,0,15,2,4,33.3,Matches
Rk,Player,Nation,Pos,Squad,Age,Born,90s,CrdY,CrdR,2CrdY,Fls,Fld,Off,Crs,Int,TklW,PKwon,PKcon,OG,Recov,Won,Lost,Won%,Matches
251,Dailon Livramento,cv CPV,"FW,MF",Hellas Verona,23-149,2001,1.8,1,0,0,2,2,1,3,2,1,0,0,0,7,5,11,31.3,Matches
252,Stanislav Lobotka,sk SVK,MF,Napoli,29-310,1994,5.8,2,0,0,10,6,0,0,4,6,0,0,0,41,1,2,33.3,Matches
253,Manuel Locatelli,it ITA,MF,Juventus,26-266,1998,4.3,1,0,0,6,4,0,0,2,6,0,0,0,22,6,1,85.7,Matches
254,Ruben Loftus-Cheek,eng ENG,MF,Milan,28-251,1996,4.5,1,0,0,6,12,0,5,1,3,0,0,0,14,4,1,80.0,Matches
255,Ademola Lookman,ng NGA,"MF,FW",Atalanta,26-346,1997,2.4,0,0,0,4,2,3,15,0,3,0,0,0,6,3,0,100.0,Matches
256,Sandi Lovrić,si SVN,MF,Udinese,26-186,1998,3.5,0,0,0,9,5,0,8,5,5,0,0,0,16,0,3,0.0,Matches
257,Lorenzo Lucca,it ITA,FW,Udinese,24-020,2000,4.3,2,0,0,12,9,2,0,1,4,0,0,0,8,7,9,43.8,Matches
258,Jhon Lucumí,co COL,DF,Bologna,26-096,1998,3.4,2,1,0,5,0,0,0,3,3,0,0,0,32,3,2,60.0,Matches
259,José Luis Palomino,ar ARG,DF,Cagliari,34-269,1990,0.8,0,0,0,0,1,0,0,0,1,0,0,0,3,2,0,100.0,Matches
260,Douglas Luiz,br BRA,MF,Juventus,26-144,1998,1.7,0,0,0,1,3,0,10,1,2,0,0,0,8,1,1,50.0,Matches
261,Romelu Lukaku,be BEL,FW,Napoli,31-140,1993,2.9,1,0,0,7,8,4,0,0,0,0,0,0,4,1,5,16.7,Matches
262,Sebastiano Luperto,it ITA,DF,Cagliari,28-024,1996,5.0,0,0,0,2,5,0,3,4,6,0,0,0,18,13,11,54.2,Matches
263,Zito Luvumbo,ao ANG,"FW,MF",Cagliari,22-205,2002,4.2,0,0,0,15,8,3,12,0,0,0,0,0,4,2,3,40.0,Matches
264,Charalambos Lykogiannis,gr GRE,DF,Bologna,30-344,1993,3.6,0,0,0,2,2,0,22,3,1,0,0,0,10,6,4,60.0,Matches
265,Giangiacomo Magnani,it ITA,DF,Hellas Verona,28-362,1995,2.3,0,0,0,0,3,0,1,3,2,0,0,0,6,4,4,50.0,Matches
266,Mike Maignan,fr FRA,GK,Milan,29-089,1995,6.0,0,0,0,0,1,0,0,0,0,0,0,0,15,1,0,100.0,Matches
267,Antoine Makoumbou,cg CGO,MF,Cagliari,26-074,1998,0.7,0,0,0,0,2,0,0,0,2,0,0,0,7,0,0,,Matches
268,Daniel Maldini,it ITA,MF,Monza,22-355,2001,4.7,2,0,0,6,17,0,11,2,4,0,0,0,20,6,6,50.0,Matches
269,Youssef Maleh,ma MAR,MF,Empoli,26-039,1998,3.0,1,0,0,5,3,0,1,3,3,0,0,0,17,2,2,50.0,Matches
270,Ruslan Malinovskyi,ua UKR,"MF,FW",Genoa,31-149,1993,2.5,1,0,0,7,2,0,0,1,6,0,0,0,11,5,1,83.3,Matches
271,Dennis Man,ro ROU,FW,Parma,26-035,1998,4.3,0,0,0,1,4,0,11,1,2,0,0,0,17,0,1,0.0,Matches
272,Gianluca Mancini,it ITA,DF,Roma,28-166,1996,5.6,1,0,0,6,8,1,7,5,3,0,0,0,12,8,6,57.1,Matches
273,Rolando Mandragora,it ITA,MF,Fiorentina,27-093,1997,3.0,3,0,0,6,6,0,2,5,0,0,0,0,6,3,0,100.0,Matches
274,Alberto Manzoni,it ITA,MF,Atalanta,19-097,2005,0.1,0,0,0,1,1,0,0,0,0,0,0,0,0,1,0,100.0,Matches
275,Filip Marchwiński,pl POL,MF,Lecce,22-264,2002,0.2,0,0,0,0,1,0,0,0,0,0,0,0,1,0,0,,Matches
Rk,Player,Nation,Pos,Squad,Age,Born,90s,CrdY,CrdR,2CrdY,Fls,Fld,Off,Crs,Int,TklW,PKwon,PKcon,OG,Recov,Won,Lost,Won%,Matches
276,Pablo Marí,es ESP,DF,Monza,31-030,1993,6.0,2,0,0,9,0,0,0,14,5,0,0,0,12,15,7,68.2,Matches
277,Mirko Marić,hr CRO,FW,Monza,29-137,1995,0.1,0,0,0,0,0,0,0,0,0,0,0,0,0,1,0,100.0,Matches
278,Răzvan Marin,ro ROU,MF,Cagliari,28-130,1996,4.6,2,0,0,7,2,0,28,1,5,0,0,0,24,6,4,60.0,Matches
279,Guillermo Maripán,cl CHI,DF,Torino,30-147,1994,1.1,0,0,0,0,0,0,0,1,0,0,0,0,8,6,3,66.7,Matches
280,Aarón Martín,es ESP,DF,Genoa,27-161,1997,5.0,0,0,0,6,5,1,44,4,8,0,0,0,20,4,3,57.1,Matches
281,Lautaro Martínez,ar ARG,FW,Inter,27-039,1997,4.4,0,0,0,11,9,5,1,1,2,0,0,0,11,2,4,33.3,Matches
282,Lucas Martínez Quarta,ar ARG,DF,Fiorentina,28-143,1996,2.4,0,0,0,5,1,0,0,1,5,0,0,0,10,9,9,50.0,Matches
283,Kevin Martins,it ITA,DF,Monza,19-243,2005,0.0,0,0,0,0,0,0,0,0,0,0,0,0,0,1,0,100.0,Matches
284,Adam Marušić,me MNE,DF,Lazio,31-349,1992,2.8,0,0,0,2,2,0,6,3,0,0,0,0,11,3,1,75.0,Matches
285,Adam Masina,ma MAR,DF,Torino,30-272,1994,6.0,0,0,0,6,2,1,6,4,6,0,0,0,22,23,7,76.7,Matches
286,Alan Matturro,uy URU,DF,Genoa,19-355,2004,0.2,0,0,0,0,0,0,0,0,0,0,0,0,0,0,0,,Matches
287,Luca Mazzitelli,it ITA,MF,Como,28-320,1995,1.9,0,0,0,2,2,0,5,2,3,0,0,0,9,1,3,25.0,Matches
288,Pasquale Mazzocchi,it ITA,DF,Napoli,29-065,1995,3.9,1,0,0,4,2,1,7,3,2,0,0,0,16,0,4,0.0,Matches
289,Samuel Mbangula,be BEL,FW,Juventus,20-258,2004,2.5,0,0,0,2,4,0,4,0,5,1,0,0,8,1,1,50.0,Matches
290,Weston McKennie,us USA,MF,Juventus,26-033,1998,1.8,1,0,0,3,2,0,0,0,2,0,0,0,7,1,0,100.0,Matches
291,Scott McTominay,sct SCO,MF,Napoli,27-297,1996,2.2,0,0,0,4,2,0,1,4,3,0,0,0,9,3,2,60.0,Matches
292,Alex Meret,it ITA,GK,Napoli,27-192,1997,4.4,0,0,0,1,1,0,0,0,0,0,1,0,7,1,0,100.0,Matches
293,Junior Messias,br BRA,"MF,FW",Genoa,33-140,1991,2.9,0,0,0,1,5,0,4,3,1,0,0,0,8,3,8,27.3,Matches
294,Valentin Mihaila,ro ROU,"FW,MF",Parma,24-241,2000,4.0,1,0,0,5,11,0,2,0,3,0,0,0,9,1,9,10.0,Matches
295,Vanja Milinković-Savić,rs SRB,GK,Torino,27-223,1997,5.0,1,0,0,0,0,0,0,0,0,0,0,0,8,4,0,100.0,Matches
296,Yerry Mina,co COL,DF,Cagliari,30-007,1994,3.7,1,0,0,6,8,1,0,5,4,0,0,0,23,25,9,73.5,Matches
297,Juan Miranda,es ESP,DF,Bologna,24-255,2000,2.4,0,0,0,3,4,0,22,2,5,0,0,0,13,3,2,60.0,Matches
298,Fabio Miretti,it ITA,MF,Genoa,21-058,2003,0.8,0,0,0,1,1,0,4,1,0,0,0,0,0,0,0,,Matches
299,Henrikh Mkhitaryan,am ARM,MF,Inter,35-253,1989,5.0,2,0,0,3,2,2,3,1,3,0,0,0,21,4,2,66.7,Matches
300,Lorenzo Montipò,it ITA,GK,Hellas Verona,28-223,1996,6.0,0,0,0,0,2,0,0,0,0,0,0,0,8,0,0,,Matches
Rk,Player,Nation,Pos,Squad,Age,Born,90s,CrdY,CrdR,2CrdY,Fls,Fld,Off,Crs,Int,TklW,PKwon,PKcon,OG,Recov,Won,Lost,Won%,Matches
301,Álvaro Morata,es ESP,"MF,FW",Milan,31-343,1992,2.1,1,0,0,3,4,1,2,2,1,0,0,0,6,2,6,25.0,Matches
302,Alberto Moreno,es ESP,DF,Como,32-087,1992,6.0,3,0,0,9,5,0,15,3,4,0,0,0,16,1,6,14.3,Matches
303,Tete Morente,es ESP,"FW,MF",Lecce,27-301,1996,3.4,1,0,0,3,2,0,5,3,3,0,0,0,11,4,4,50.0,Matches
304,Nikola Moro,hr CRO,MF,Bologna,26-202,1998,2.6,0,0,0,4,1,0,9,2,7,0,0,0,11,3,0,100.0,Matches
305,Daniel Mosquera,co COL,"FW,MF",Hellas Verona,24-346,1999,2.2,1,0,0,7,2,1,1,0,0,0,0,0,3,5,14,26.3,Matches
306,Dany Mota,pt POR,MF,Monza,26-151,1998,2.2,1,0,0,2,2,0,7,1,0,0,0,0,7,8,5,61.5,Matches
307,Yunus Musah,us USA,MF,Milan,21-306,2002,1.7,0,0,0,4,1,0,2,1,5,0,0,0,7,0,1,0.0,Matches
308,Juan Musso,ar ARG,GK,Atalanta,30-147,1994,1.0,0,0,0,0,1,0,0,0,0,0,0,0,1,0,0,,Matches
309,Kingstone Mutandwa,zm ZAM,MF,Cagliari,21-269,2003,0.4,0,0,0,2,0,0,1,0,0,0,0,0,1,0,0,,Matches
310,Obite N'Dicka,ci CIV,DF,Roma,25-041,1999,6.0,0,0,0,4,4,0,0,5,7,0,0,0,24,12,6,66.7,Matches
311,Michel Ndary Adopo,fr FRA,MF,Cagliari,24-073,2000,1.1,0,0,0,1,1,0,0,1,1,0,0,0,6,1,2,33.3,Matches
312,Dan Ndoye,ch SUI,"FW,MF",Bologna,23-341,2000,3.7,0,0,0,1,20,2,9,0,1,0,0,0,14,1,1,50.0,Matches
313,David Neres,br BRA,"MF,FW",Napoli,27-211,1997,0.6,0,0,0,1,1,1,8,0,1,0,0,0,1,0,1,0.0,Matches
314,Cyril Ngonge,be BEL,DF,Napoli,24-127,2000,0.1,0,0,0,0,2,0,0,0,1,0,0,0,2,0,0,,Matches
315,Hans Nicolussi Caviglia,it ITA,MF,Venezia,24-104,2000,2.6,2,1,1,8,5,0,5,1,2,0,0,0,8,5,3,62.5,Matches
316,Eybi Nije,se SWE,DF,Torino,19-139,2005,0.3,0,0,0,0,1,0,0,0,0,0,0,0,3,0,0,,Matches
317,Tijjani Noslin,nl NED,"FW,MF",Lazio,25-085,1999,2.6,0,0,0,5,1,0,8,0,1,0,0,0,4,5,8,38.5,Matches
318,Adam Obert,sk SVK,DF,Cagliari,22-038,2002,0.1,0,0,0,0,0,0,0,1,0,0,0,0,0,0,0,,Matches
319,Jens Odgaard,dk DEN,"FW,MF",Bologna,25-183,1999,2.4,0,0,0,8,3,1,3,1,2,0,0,0,10,6,4,60.0,Matches
320,Noah Okafor,ch SUI,FW,Milan,24-129,2000,2.3,0,0,0,3,1,0,7,0,0,0,0,0,3,1,4,20.0,Matches
321,Maduka Okoye,ng NGA,GK,Udinese,25-033,1999,6.0,1,0,0,0,1,0,0,0,0,0,0,0,4,2,0,100.0,Matches
322,Mathías Olivera,uy URU,DF,Napoli,26-335,1997,4.2,0,0,0,8,1,0,3,3,4,0,0,0,7,4,4,50.0,Matches
323,Gaetano Oristanio,it ITA,"MF,FW",Venezia,22-002,2002,4.2,1,0,0,11,11,0,12,2,3,0,0,0,7,2,5,28.6,Matches
324,Riccardo Orsolini,it ITA,"FW,MF",Bologna,27-250,1997,3.7,0,0,0,10,4,3,12,1,2,0,0,0,9,4,5,44.4,Matches
325,Yordan Osorio,ve VEN,DF,Parma,30-143,1994,0.9,0,0,0,3,2,0,0,3,3,0,0,0,3,1,1,50.0,Matches
Rk,Player,Nation,Pos,Squad,Age,Born,90s,CrdY,CrdR,2CrdY,Fls,Fld,Off,Crs,Int,TklW,PKwon,PKcon,OG,Recov,Won,Lost,Won%,Matches
326,Remi Oudin,fr FRA,"MF,FW",Lecce,27-317,1996,0.9,0,0,0,0,0,0,9,1,0,0,0,0,1,0,0,,Matches
327,Alberto Paleari,it ITA,GK,Torino,32-032,1992,1.0,0,0,0,0,1,0,0,0,0,0,0,0,2,0,0,,Matches
328,Marco Palestra,it ITA,DF,Atalanta,19-211,2005,0.4,0,0,0,1,3,0,5,0,1,0,0,0,0,1,1,50.0,Matches
329,Leandro Paredes,ar ARG,MF,Roma,30-093,1994,1.2,0,0,0,1,0,0,3,2,1,0,1,0,4,1,1,50.0,Matches
330,Fabiano Parisi,it ITA,DF,Fiorentina,23-326,2000,1.4,0,0,0,4,4,0,0,1,2,0,0,0,4,1,3,25.0,Matches
331,Mario Pašalić,hr CRO,MF,Atalanta,29-234,1995,3.9,1,0,0,4,0,0,1,2,1,0,0,0,17,6,3,66.7,Matches
332,Patric,es ESP,DF,Lazio,31-166,1993,2.5,2,0,0,2,0,0,2,2,2,0,0,0,13,2,2,50.0,Matches
333,Benjamin Pavard,fr FRA,DF,Inter,28-186,1996,4.0,1,0,0,5,2,1,3,2,2,0,0,0,5,10,11,47.6,Matches
334,Strahinja Pavlović,rs SRB,DF,Milan,23-129,2001,3.0,1,0,0,2,1,0,0,3,7,0,0,0,18,4,2,66.7,Matches
335,Leonardo Pavoletti,it ITA,"FW,MF",Cagliari,35-309,1988,1.1,1,0,0,3,0,0,0,0,0,0,0,0,3,16,17,48.5,Matches
336,Martín Payero,ar ARG,MF,Udinese,26-019,1998,2.4,1,0,0,9,4,0,3,3,2,1,2,0,9,4,7,36.4,Matches
337,Nicolás Paz,ar ARG,"MF,FW",Como,20-022,2004,3.6,0,0,0,4,6,1,11,3,5,0,0,0,16,3,3,50.0,Matches
338,Marcus Pedersen,no NOR,DF,Torino,24-076,2000,1.3,1,0,0,1,0,1,9,0,2,0,0,0,5,2,0,100.0,Matches
339,Pedro,es ESP,"MF,FW",Lazio,37-064,1987,0.3,0,0,0,0,0,0,2,0,0,0,0,0,0,1,0,100.0,Matches
340,Pietro Pellegri,it ITA,"FW,MF",Empoli,23-197,2001,0.8,1,0,0,1,2,0,1,0,0,0,0,0,1,0,4,0.0,Matches
341,Lorenzo Pellegrini,it ITA,MF,Roma,28-103,1996,4.9,1,0,0,8,6,1,15,0,2,0,0,0,13,2,5,28.6,Matches
342,Luca Pellegrini,it ITA,DF,Lazio,25-207,1999,0.3,0,0,0,1,0,0,1,0,2,0,0,0,2,0,0,,Matches
343,Andy Pelmard,fr FRA,DF,Lecce,24-202,2000,0.1,0,0,0,0,0,0,0,0,0,0,0,0,1,0,0,,Matches
344,Pedro Pereira,pt POR,DF,Monza,26-252,1998,3.8,0,0,0,6,1,0,6,4,2,0,0,0,17,0,3,0.0,Matches
345,Nehuén Pérez,ar ARG,DF,Udinese,24-098,2000,2.0,0,0,0,3,2,0,0,1,1,0,0,0,6,3,1,75.0,Matches
346,Mattia Perin,it ITA,GK,Juventus,31-325,1992,2.0,0,0,0,0,0,0,0,0,0,0,0,0,4,0,0,,Matches
347,Máximo Perrone,ar ARG,MF,Como,21-267,2003,4.3,1,0,0,6,2,0,1,6,6,0,0,0,24,4,3,57.1,Matches
348,Matteo Pessina,it ITA,MF,Monza,27-162,1997,5.5,1,0,0,3,8,0,3,8,3,0,0,0,31,6,5,54.5,Matches
349,Andrea Petagna,it ITA,FW,Monza,29-092,1995,2.0,1,0,0,4,4,2,1,1,0,0,0,0,6,6,9,40.0,Matches
350,Giuseppe Pezzella,it ITA,"DF,FW",Empoli,26-306,1997,5.5,1,0,0,12,13,1,30,1,8,0,0,0,13,3,4,42.9,Matches
Rk,Player,Nation,Pos,Squad,Age,Born,90s,CrdY,CrdR,2CrdY,Fls,Fld,Off,Crs,Int,TklW,PKwon,PKcon,OG,Recov,Won,Lost,Won%,Matches
351,Roberto Piccoli,it ITA,FW,Cagliari,23-247,2001,4.4,0,0,0,5,5,2,2,1,0,0,0,0,8,13,22,37.1,Matches
352,Nicholas Pierini,it ITA,MF,Venezia,26-055,1998,0.9,0,0,0,1,2,0,3,0,0,0,0,0,2,1,3,25.0,Matches
353,Santiago Pierotti,ar ARG,"FW,MF",Lecce,23-180,2001,1.4,0,0,0,4,1,1,0,1,3,0,0,0,5,3,6,33.3,Matches
354,Balthazar Pierret,fr FRA,MF,Lecce,24-138,2000,3.9,1,0,0,8,1,0,6,2,4,0,0,0,17,3,6,33.3,Matches
355,Andrea Pinamonti,it ITA,"FW,MF",Genoa,25-134,1999,4.2,1,0,0,2,4,0,1,1,1,0,0,0,2,11,11,50.0,Matches
356,Niccolò Pisilli,it ITA,MF,Roma,20-007,2004,2.5,2,0,0,8,4,0,2,1,2,0,0,0,10,0,3,0.0,Matches
357,Semuel Pizzignacco,it ITA,GK,Monza,23-029,2001,2.0,0,0,0,0,1,0,0,0,0,0,0,0,3,1,0,100.0,Matches
358,Tommaso Pobega,it ITA,MF,Bologna,25-077,1999,1.0,1,0,0,3,2,0,0,0,3,0,0,0,2,1,0,100.0,Matches
359,Joel Pohjanpalo,fi FIN,FW,Venezia,30-017,1994,3.6,0,0,0,2,6,1,0,2,1,0,0,0,5,15,12,55.6,Matches
360,Matteo Politano,it ITA,"MF,FW",Napoli,31-058,1993,5.4,0,0,0,2,8,1,41,1,1,0,0,0,19,1,1,50.0,Matches
361,Marin Pongračić,hr CRO,DF,Fiorentina,27-019,1997,1.0,2,1,1,4,0,0,0,2,1,0,0,0,7,5,0,100.0,Matches
362,Stefan Posch,at AUT,DF,Bologna,27-139,1997,5.1,1,0,0,12,10,1,14,3,11,0,0,0,27,8,4,66.7,Matches
363,Matteo Prati,it ITA,MF,Cagliari,20-277,2003,1.9,1,0,0,4,2,0,2,2,2,0,0,0,6,0,1,0.0,Matches
364,Ivan Provedel,it ITA,GK,Lazio,30-197,1994,6.0,0,0,0,0,0,0,0,0,0,0,0,0,10,3,0,100.0,Matches
365,Christian Pulisic,us USA,"FW,MF",Milan,26-012,1998,5.2,0,0,0,5,1,0,32,0,6,0,0,0,17,0,2,0.0,Matches
366,Hamza Rafia,tn TUN,MF,Lecce,25-181,1999,2.2,2,0,0,9,5,0,6,1,3,0,0,0,12,0,5,0.0,Matches
367,Antonio Raimondo,it ITA,FW,Venezia,20-196,2004,0.8,0,0,0,1,1,1,1,0,1,0,0,0,3,1,5,16.7,Matches
368,Ylber Ramadani,al ALB,MF,Lecce,28-171,1996,5.7,1,0,0,3,6,0,1,6,6,0,0,0,50,4,1,80.0,Matches
369,Luca Ranieri,it ITA,DF,Fiorentina,25-160,1999,4.4,0,0,0,4,1,0,0,5,2,0,0,0,13,10,12,45.5,Matches
370,Giacomo Raspadori,it ITA,"FW,MF",Napoli,24-225,2000,2.2,1,0,0,3,4,0,11,2,0,0,0,0,7,1,2,33.3,Matches
371,Federico Ravaglia,it ITA,GK,Bologna,24-324,1999,1.0,0,0,0,0,1,0,0,0,0,0,0,0,1,0,0,,Matches
372,Ante Rebić,hr CRO,"FW,MF",Lecce,31-009,1993,2.2,0,0,0,3,4,2,14,0,1,0,0,0,8,7,11,38.9,Matches
373,Tijjani Reijnders,nl NED,MF,Milan,26-063,1998,4.8,0,0,0,3,0,0,2,4,0,0,0,0,16,0,3,0.0,Matches
374,Pepe Reina,es ESP,GK,Como,42-030,1982,3.0,0,0,0,0,0,0,0,0,0,0,0,0,4,1,0,100.0,Matches
375,Mateo Retegui,it ITA,FW,Atalanta,25-154,1999,4.4,1,0,0,10,5,1,2,1,3,1,0,0,8,11,17,39.3,Matches
Rk,Player,Nation,Pos,Squad,Age,Born,90s,CrdY,CrdR,2CrdY,Fls,Fld,Off,Crs,Int,TklW,PKwon,PKcon,OG,Recov,Won,Lost,Won%,Matches
376,Samuele Ricci,it ITA,MF,Torino,23-040,2001,5.7,1,0,0,3,17,0,3,3,3,0,0,0,28,4,4,50.0,Matches
377,Amir Richardson,ma MAR,MF,Fiorentina,22-250,2002,1.2,1,0,0,2,0,0,1,0,1,0,0,0,5,2,2,50.0,Matches
378,Sergi Roberto,es ESP,MF,Como,32-236,1992,3.5,2,0,0,4,6,0,5,7,6,0,1,0,29,3,8,27.3,Matches
379,Alessio Romagnoli,it ITA,DF,Lazio,29-262,1995,5.0,1,0,0,7,2,0,0,7,3,0,0,0,14,9,6,60.0,Matches
380,Marten de Roon,nl NED,"DF,MF",Atalanta,33-185,1991,6.0,3,0,0,14,4,0,5,6,11,0,0,0,24,11,4,73.3,Matches
381,Jonas Rouhi,se SWE,DF,Juventus,20-267,2004,1.0,0,0,0,1,0,0,2,1,0,0,0,0,8,0,2,0.0,Matches
382,Nicolò Rovella,it ITA,MF,Lazio,22-301,2001,3.9,2,0,0,10,0,0,5,6,11,0,0,0,22,0,3,0.0,Matches
383,Amir Rrahmani,xk KVX,DF,Napoli,30-219,1994,6.0,1,0,0,1,3,0,0,2,2,0,0,0,22,28,9,75.7,Matches
384,Matteo Ruggeri,it ITA,DF,Atalanta,22-081,2002,4.6,0,0,0,3,2,0,16,5,2,0,0,0,31,4,6,40.0,Matches
385,Stefano Sabelli,it ITA,DF,Genoa,31-261,1993,3.3,0,0,0,1,2,0,18,1,4,0,0,0,12,2,2,50.0,Matches
386,Alexis Saelemaekers,be BEL,"FW,DF",Roma,25-095,1999,1.2,1,0,0,1,1,0,2,0,2,0,0,0,4,0,0,,Matches
387,Alexis Saelemaekers,be BEL,"DF,FW",Milan,25-095,1999,1.0,0,0,0,0,2,0,10,1,1,0,0,0,4,0,0,,Matches
388,Richie Sagrado,be BEL,DF,Venezia,20-244,2004,0.6,1,0,0,1,1,0,0,0,1,0,0,0,1,0,0,,Matches
389,Marco Sala,it ITA,DF,Como,25-118,1999,1.0,1,0,0,1,1,0,2,1,2,0,0,0,1,0,0,,Matches
390,Lazar Samardzic,rs SRB,"MF,FW",Atalanta,22-219,2002,2.2,0,0,0,4,1,0,14,0,2,0,0,0,5,1,2,33.3,Matches
391,Antonio Sanabria,py PAR,"FW,MF",Torino,28-210,1996,2.4,1,0,0,4,4,0,0,0,1,1,0,0,4,3,8,27.3,Matches
392,Amin Sarr,se SWE,FW,Hellas Verona,23-203,2001,0.3,0,0,0,0,0,0,0,0,1,0,0,0,1,2,1,66.7,Matches
393,Nicolò Savona,it ITA,DF,Juventus,21-195,2003,3.5,0,0,0,0,3,1,11,4,4,0,0,0,11,0,2,0.0,Matches
394,Saba Sazonov,ge GEO,DF,Torino,22-242,2002,0.0,0,0,0,0,0,0,0,0,0,0,0,0,0,0,0,,Matches
395,Joël Schingtienne,be BEL,DF,Venezia,22-049,2002,1.0,1,0,0,1,0,0,0,1,4,0,1,0,6,0,1,0.0,Matches
396,Simone Scuffet,it ITA,GK,Cagliari,28-122,1996,5.0,0,0,0,0,1,0,0,0,0,0,0,0,8,2,1,66.7,Matches
397,Suat Serdar,de GER,MF,Hellas Verona,27-172,1997,0.2,0,0,0,1,0,0,0,0,0,0,0,0,1,0,0,,Matches
398,Stephan El Shaarawy,it ITA,DF,Roma,31-339,1992,2.6,0,0,0,0,0,1,6,3,2,0,0,0,12,1,2,33.3,Matches
399,Eldor Shomurodov,uz UZB,"FW,DF",Roma,29-093,1995,0.4,1,0,0,2,0,0,1,0,0,0,0,0,0,2,1,66.7,Matches
400,Giovanni Simeone,ar ARG,FW,Napoli,29-087,1995,1.5,0,0,0,3,5,1,0,1,0,0,0,0,5,3,9,25.0,Matches
Rk,Player,Nation,Pos,Squad,Age,Born,90s,CrdY,CrdR,2CrdY,Fls,Fld,Off,Crs,Int,TklW,PKwon,PKcon,OG,Recov,Won,Lost,Won%,Matches
401,Łukasz Skorupski,pl POL,GK,Bologna,33-148,1991,5.0,1,0,0,1,0,0,0,0,0,0,1,0,13,0,0,,Matches
402,Simon Sohm,ch SUI,MF,Parma,23-172,2001,3.6,0,0,0,2,1,0,2,3,2,0,0,0,9,2,1,66.7,Matches
403,Ola Solbakken,no NOR,"MF,FW",Empoli,26-023,1998,2.2,1,0,0,2,0,0,1,0,2,0,0,0,5,5,4,55.6,Matches
404,Yann Sommer,ch SUI,GK,Inter,35-288,1988,6.0,0,0,0,0,0,0,0,0,0,0,0,0,13,1,0,100.0,Matches
405,Borna Sosa,hr CRO,DF,Torino,26-253,1998,2.8,0,0,0,0,0,0,13,4,3,0,0,0,8,3,6,33.3,Matches
406,Riccardo Sottil,it ITA,"MF,FW",Fiorentina,25-119,1999,0.7,0,0,0,0,3,0,6,0,0,0,0,0,3,0,1,0.0,Matches
407,Matìas Soulé,ar ARG,"FW,MF",Roma,21-168,2003,3.5,0,0,0,2,8,0,22,1,1,0,0,0,19,3,4,42.9,Matches
408,Leonardo Spinazzola,it ITA,DF,Napoli,31-189,1993,1.9,0,0,0,0,0,1,3,0,1,0,0,0,6,1,1,50.0,Matches
409,Petar Stojanović,si SVN,MF,Empoli,28-359,1995,0.0,0,0,0,0,0,0,0,0,0,0,0,0,1,0,0,,Matches
410,Gabriel Strefezza,br BRA,"MF,FW",Como,27-165,1997,5.7,0,0,0,14,18,0,20,2,10,0,0,0,21,1,6,14.3,Matches
411,Ibrahim Sulemana,gh GHA,MF,Atalanta,21-131,2003,0.0,0,0,0,1,0,0,0,0,0,0,0,0,0,0,1,0.0,Matches
412,Tomáš Suslov,sk SVK,"FW,MF",Hellas Verona,22-115,2002,2.7,3,1,1,9,4,0,6,2,6,0,0,0,12,1,1,50.0,Matches
413,Zion Suzuki,jp JPN,GK,Parma,22-040,2002,3.8,2,1,1,2,0,0,0,0,0,0,0,0,2,2,0,100.0,Matches
414,Marin Šverko,hr CRO,DF,Venezia,26-239,1998,3.0,0,0,0,2,1,0,2,7,2,0,1,0,9,7,2,77.8,Matches
415,Mile Svilar,rs SRB,GK,Roma,25-034,1999,6.0,0,0,0,0,0,0,0,0,0,0,0,0,6,1,0,100.0,Matches
416,Michael Svoboda,at AUT,DF,Venezia,25-351,1998,5.3,1,0,0,3,3,0,1,6,6,0,0,0,14,11,7,61.1,Matches
417,Adrien Tameze,cm CMR,"MF,DF",Torino,30-239,1994,2.7,1,0,0,2,1,0,8,8,1,0,0,0,9,1,4,20.0,Matches
418,Mehdi Taremi,ir IRN,"FW,MF",Inter,32-074,1992,1.9,0,0,0,2,1,2,0,0,1,0,0,0,5,4,3,57.1,Matches
419,Nuno Tavares,pt POR,DF,Lazio,24-248,2000,3.7,1,0,0,2,8,1,21,1,5,0,1,0,17,2,0,100.0,Matches
420,Loum Tchaouna,fr FRA,"FW,MF",Lazio,21-022,2003,1.6,0,0,0,1,0,0,8,1,1,0,0,0,4,2,10,16.7,Matches
421,Jackson Tchatchoua,cm CMR,"MF,DF",Hellas Verona,23-016,2001,6.0,3,0,0,5,1,2,12,5,3,0,1,0,11,8,3,72.7,Matches
422,Casper Tengstedt,dk DEN,FW,Hellas Verona,24-121,2000,4.4,2,0,0,2,6,2,2,2,0,0,0,0,10,3,27,10.0,Matches
423,Filippo Terracciano,it ITA,DF,Milan,21-235,2003,1.0,1,0,0,2,1,0,0,2,2,0,0,0,5,2,0,100.0,Matches
424,Pietro Terracciano,it ITA,GK,Fiorentina,34-206,1990,3.0,0,0,0,0,0,0,0,0,0,0,0,0,4,0,0,,Matches
425,Florian Thauvin,fr FRA,"MF,FW",Udinese,31-248,1993,5.0,0,0,0,3,8,1,39,2,5,0,0,0,13,0,2,0.0,Matches
Rk,Player,Nation,Pos,Squad,Age,Born,90s,CrdY,CrdR,2CrdY,Fls,Fld,Off,Crs,Int,TklW,PKwon,PKcon,OG,Recov,Won,Lost,Won%,Matches
426,Malick Thiaw,de GER,DF,Milan,23-053,2001,1.0,0,0,0,1,0,0,0,1,1,0,0,1,4,7,1,87.5,Matches
427,Morten Thorsby,no NOR,"MF,DF",Genoa,28-148,1996,1.5,1,0,0,6,3,1,0,1,1,0,1,0,2,8,8,50.0,Matches
428,Khéphren Thuram,fr FRA,MF,Juventus,23-188,2001,1.3,1,0,0,5,2,0,0,2,1,0,0,0,4,3,0,100.0,Matches
429,Marcus Thuram,fr FRA,FW,Inter,27-055,1997,5.3,0,0,0,6,6,4,3,1,3,1,0,0,14,12,5,70.6,Matches
430,Rafael Tolói,it ITA,DF,Atalanta,33-356,1990,0.4,0,0,0,0,1,0,0,0,1,0,0,0,2,0,0,,Matches
431,Fikayo Tomori,eng ENG,DF,Milan,26-286,1997,5.0,0,0,0,1,1,0,1,7,6,0,0,0,15,11,8,57.9,Matches
432,Souleymane Touré,fr FRA,DF,Udinese,21-186,2003,1.2,0,0,0,1,2,0,0,2,1,0,0,0,1,0,2,0.0,Matches
433,Stefano Turati,it ITA,GK,Monza,23-025,2001,4.0,0,0,0,0,1,0,0,0,0,0,0,0,0,0,0,,Matches
434,Kacper Urbanski,pl POL,"MF,FW",Bologna,20-023,2004,1.5,0,0,0,3,3,0,4,1,2,0,0,0,11,1,3,25.0,Matches
435,Emanuele Valeri,it ITA,DF,Parma,25-298,1998,2.1,0,0,0,3,3,0,2,2,1,0,0,0,8,1,0,100.0,Matches
436,Ignace Van Der Brempt,be BEL,DF,Como,22-182,2002,2.5,1,0,0,3,3,0,4,4,7,0,0,0,11,1,2,33.3,Matches
437,Devis Vásquez,co COL,GK,Empoli,26-141,1998,6.0,1,0,0,0,0,0,0,0,0,0,0,0,6,2,0,100.0,Matches
438,Johan Vásquez,mx MEX,DF,Genoa,25-344,1998,5.3,1,0,0,5,2,0,2,6,1,0,0,0,25,12,11,52.2,Matches
439,Matías Vecino,uy URU,MF,Lazio,33-037,1991,1.7,0,0,0,3,0,0,0,1,2,0,0,0,6,3,6,33.3,Matches
440,Simone Verdi,it ITA,MF,Como,32-080,1992,0.3,1,0,0,1,1,0,2,0,0,0,0,0,1,0,0,,Matches
441,Samuele Vignato,it ITA,MF,Monza,20-219,2004,1.2,0,0,0,1,1,0,5,0,1,0,0,0,3,1,2,33.3,Matches
442,Nicolas Viola,it ITA,"FW,MF",Cagliari,34-354,1989,0.6,0,0,0,2,3,0,9,0,0,0,0,0,1,0,0,,Matches
443,Mattia Viti,it ITA,DF,Empoli,22-250,2002,6.0,0,0,0,7,8,0,0,6,17,0,0,0,23,11,10,52.4,Matches
444,Vitinha,pt POR,FW,Genoa,24-199,2000,4.6,0,0,0,3,11,4,12,4,1,0,0,0,16,7,11,38.9,Matches
445,Dušan Vlahović,rs SRB,FW,Juventus,24-246,2000,5.4,0,0,0,4,3,4,1,0,1,0,0,0,8,9,6,60.0,Matches
446,Vanja Vlahović,rs SRB,MF,Atalanta,20-191,2004,0.2,0,0,0,0,1,0,0,0,0,1,0,0,0,0,2,0.0,Matches
447,Nikola Vlašić,hr CRO,FW,Torino,26-362,1997,0.3,0,0,0,1,0,0,0,1,0,0,0,0,1,0,0,,Matches
448,Alessandro Vogliacco,it ITA,DF,Genoa,26-016,1998,2.7,0,0,0,2,1,0,5,5,2,0,0,0,6,2,2,50.0,Matches
449,Mërgim Vojvoda,xk KVX,DF,Torino,29-242,1995,3.8,2,0,0,6,2,0,5,2,2,0,0,0,8,4,4,50.0,Matches
450,Stefan de Vrij,nl NED,DF,Inter,32-238,1992,1.2,0,0,0,0,0,0,0,0,0,0,0,0,3,2,7,22.2,Matches
Rk,Player,Nation,Pos,Squad,Age,Born,90s,CrdY,CrdR,2CrdY,Fls,Fld,Off,Crs,Int,TklW,PKwon,PKcon,OG,Recov,Won,Lost,Won%,Matches
451,Sebastian Walukiewicz,pl POL,DF,Torino,24-178,2000,1.7,1,0,0,3,0,0,0,4,1,0,0,0,11,5,5,50.0,Matches
452,Sebastian Walukiewicz,pl POL,DF,Empoli,24-178,2000,2.0,0,0,0,4,0,0,2,1,0,0,0,0,6,5,3,62.5,Matches
453,Timothy Weah,us USA,FW,Juventus,24-221,2000,1.3,0,0,0,1,0,0,4,1,1,0,0,0,3,0,0,,Matches
454,Mateusz Wieteska,pl POL,DF,Cagliari,27-232,1997,1.0,0,0,0,0,0,0,0,6,0,0,0,0,3,0,3,0.0,Matches
455,John Yeboah,ec ECU,"MF,FW",Venezia,24-099,2000,0.6,1,0,0,1,2,0,1,0,2,0,0,0,2,0,2,0.0,Matches
456,Kenan Yıldız,tr TUR,"FW,MF",Juventus,19-149,2005,5.5,0,0,0,4,7,0,17,1,7,0,0,0,22,1,5,16.7,Matches
457,Mattia Zaccagni,it ITA,"FW,MF",Lazio,29-106,1995,5.7,2,0,0,9,16,2,39,4,6,0,0,0,11,2,6,25.0,Matches
458,Nicola Zalewski,pl POL,"FW,DF",Roma,22-251,2002,1.6,0,0,0,1,2,0,15,0,2,0,0,0,6,2,2,50.0,Matches
459,Andre-Frank Zambo Anguissa,cm CMR,MF,Napoli,28-319,1995,6.0,1,0,0,12,5,0,0,11,6,0,0,0,39,4,7,36.4,Matches
460,Francesco Zampano,it ITA,DF,Venezia,31-000,1993,6.0,1,0,0,6,4,5,14,4,8,0,0,0,27,4,2,66.7,Matches
461,Nicolò Zaniolo,it ITA,"FW,MF",Atalanta,25-090,1999,0.4,1,0,0,1,2,0,0,0,0,0,0,0,1,1,0,100.0,Matches
462,Alessandro Zanoli,it ITA,DF,Genoa,23-363,2000,2.4,0,0,0,7,2,0,9,0,0,0,0,0,2,2,3,40.0,Matches
463,Duván Zapata,co COL,FW,Torino,33-182,1991,5.6,1,0,0,8,7,1,3,1,4,0,0,0,10,16,22,42.1,Matches
464,Gabriele Zappa,it ITA,DF,Cagliari,24-283,1999,4.5,1,0,0,6,5,0,7,4,4,0,0,0,22,7,5,58.3,Matches
465,Davide Zappacosta,it ITA,DF,Atalanta,32-111,1992,3.5,1,0,0,3,2,0,21,0,2,0,0,0,9,0,2,0.0,Matches
466,Oier Zarraga,es ESP,MF,Udinese,25-270,1999,1.4,0,0,0,1,1,0,3,0,1,0,0,0,3,0,3,0.0,Matches
467,Jordan Zemura,zw ZIM,DF,Udinese,24-321,1999,2.4,1,0,0,8,2,1,6,3,1,0,0,0,11,0,1,0.0,Matches
468,Kevin Zeroli,it ITA,MF,Milan,19-263,2005,0.1,0,0,0,0,0,0,0,0,1,0,0,0,1,0,0,,Matches
469,Piotr Zieliński,pl POL,MF,Inter,30-133,1994,0.6,0,0,0,2,1,0,7,0,3,0,0,0,3,1,0,100.0,Matches
470,Nadir Zortea,it ITA,DF,Cagliari,25-103,1999,1.4,0,0,0,2,3,0,14,0,0,0,0,0,5,1,1,50.0,Matches
471,Milan Đurić,ba BIH,FW,Monza,34-131,1990,3.9,0,0,0,6,4,0,0,1,0,0,0,0,6,39,15,72.2,Matches
