Unnamed: 0_level_0,Unnamed: 1_level_0,Unnamed: 2_level_0,Unnamed: 3_level_0,Unnamed: 4_level_0,Unnamed: 5_level_0,Unnamed: 6_level_0,Unnamed: 7_level_0,Standard,Standard,Standard,Standard,Standard,Standard,Standard,Standard,Standard,Standard,Standard,Standard,Expected,Expected,Expected,Expected,Expected,Unnamed: 25_level_0
Rk,Player,Nation,Pos,Squad,Age,Born,90s,Gls,Sh,SoT,SoT%,Sh/90,SoT/90,G/Sh,G/SoT,Dist,FK,PK,PKatt,xG,npxG,npxG/Sh,G-xG,np:G-xG,Matches
1,Keyliane Abdallah,fr FRA,FW,Marseille,18-178,2006,0.0,0,0,0,,0.00,0.00,,,,0,0,0,0.0,0.0,,0.0,0.0,Matches
2,Yunis Abdelhamid,ma MAR,DF,Saint-Étienne,37-002,1987,5.0,0,2,1,50.0,0.40,0.20,0.00,0.00,10.8,0,0,0,0.2,0.2,0.12,-0.2,-0.2,Matches
3,Himad Abdelli,dz ALG,"MF,FW",Angers,24-318,1999,5.9,2,7,1,14.3,1.19,0.17,0.00,0.00,26.2,0,2,2,1.8,0.3,0.04,+0.2,-0.3,Matches
4,Mohamed Abdelmoneim,eg EGY,DF,Nice,25-242,1999,1.8,0,0,0,,0.00,0.00,,,,0,0,0,0.0,0.0,,0.0,0.0,Matches
5,Ali Abdi,tn TUN,"DF,MF",Nice,30-285,1993,1.5,0,2,0,0.0,1.36,0.00,0.00,,12.7,0,0,0,0.5,0.5,0.24,-0.5,-0.5,Matches
6,Matthis Abline,fr FRA,FW,Nantes,21-186,2003,5.3,1,19,6,31.6,3.59,1.13,0.05,0.17,14.7,0,0,0,1.3,1.3,0.07,-0.3,-0.3,Matches
7,Abner,br BRA,DF,Lyon,24-126,2000,5.1,0,4,2,50.0,0.79,0.39,0.00,0.00,18.4,0,0,0,0.1,0.1,0.04,-0.1,-0.1,Matches
8,Zakaria Aboukhlal,ma MAR,"MF,FW",Toulouse,24-225,2000,4.6,0,14,6,42.9,3.05,1.31,0.00,0.00,13.9,0,0,1,3.0,2.3,0.16,-3.0,-2.3,Matches
9,Akor Adams,ng NGA,FW,Montpellier,24-245,2000,5.1,3,14,8,57.1,2.73,1.56,0.21,0.38,14.8,0,0,0,2.6,2.6,0.19,+0.4,+0.4,Matches
10,Martin Adeline,fr FRA,MF,Reims,20-303,2003,0.3,0,0,0,,0.00,0.00,,,,0,0,0,0.0,0.0,,0.0,0.0,Matches
11,Adryelson,br BRA,DF,Lyon,26-191,1998,0.0,0,0,0,,0.00,0.00,,,,0,0,0,0.0,0.0,,0.0,0.0,Matches
12,Emmanuel Agbadou,ci CIV,DF,Reims,27-105,1997,6.0,0,7,3,42.9,1.17,0.50,0.00,0.00,28.1,1,0,0,0.4,0.4,0.05,-0.4,-0.4,Matches
13,Ruben Aguilar,fr FRA,DF,Lens,31-157,1993,2.9,0,2,0,0.0,0.70,0.00,0.00,,13.3,0,0,0,0.2,0.2,0.08,-0.2,-0.2,Matches
14,Jean-Eudes Aholou,ci CIV,MF,Angers,30-194,1994,4.1,0,8,0,0.0,1.93,0.00,0.00,,19.4,0,0,0,0.5,0.5,0.07,-0.5,-0.5,Matches
15,Ayman Aiki,fr FRA,"FW,MF",Saint-Étienne,19-097,2005,1.0,0,2,0,0.0,2.07,0.00,0.00,,18.8,0,0,0,0.1,0.1,0.03,-0.1,-0.1,Matches
16,Ludovic Ajorque,fr FRA,FW,Brest,30-218,1994,4.5,1,5,2,40.0,1.12,0.45,0.20,0.50,12.6,0,0,0,0.8,0.8,0.16,+0.2,+0.2,Matches
17,Ümit Akdag,ro ROU,DF,Toulouse,20-360,2003,0.9,0,0,0,,0.00,0.00,,,,0,0,0,0.0,0.0,,0.0,0.0,Matches
18,Sergio Akieme,es ESP,DF,Reims,26-289,1997,4.0,1,4,1,25.0,1.00,0.25,0.25,1.00,18.8,0,0,0,0.2,0.2,0.04,+0.8,+0.8,Matches
19,Maghnes Akliouche,fr FRA,"FW,MF",Monaco,22-218,2002,4.2,0,9,1,11.1,2.13,0.24,0.00,0.00,17.0,0,0,0,1.0,1.0,0.11,-1.0,-1.0,Matches
20,Clément Akpa,ci CIV,DF,Auxerre,22-311,2001,3.8,0,2,0,0.0,0.53,0.00,0.00,,21.4,0,0,0,0.1,0.1,0.04,-0.1,-0.1,Matches
21,Mohamed Ali Cho,fr FRA,FW,Nice,20-255,2004,3.9,2,8,5,62.5,2.05,1.28,0.25,0.40,16.8,0,0,0,1.0,1.0,0.12,+1.0,+1.0,Matches
22,Jim Allevinah,ga GAB,FW,Angers,29-216,1995,2.3,0,4,0,0.0,1.74,0.00,0.00,,19.3,0,0,0,0.2,0.2,0.05,-0.2,-0.2,Matches
23,Jordan Amavi,fr FRA,DF,Brest,30-205,1994,3.8,0,0,0,,0.00,0.00,,,,0,0,0,0.0,0.0,,0.0,0.0,Matches
24,Kelvin Amian,fr FRA,DF,Nantes,26-235,1998,4.2,0,1,0,0.0,0.24,0.00,0.00,,27.6,0,0,0,0.0,0.0,0.03,0.0,0.0,Matches
25,Michael Amir Murillo,pa PAN,DF,Marseille,28-232,1996,6.0,0,2,0,0.0,0.33,0.00,0.00,,24.9,1,0,0,0.1,0.1,0.04,-0.1,-0.1,Matches
Rk,Player,Nation,Pos,Squad,Age,Born,90s,Gls,Sh,SoT,SoT%,Sh/90,SoT/90,G/Sh,G/SoT,Dist,FK,PK,PKatt,xG,npxG,npxG/Sh,G-xG,np:G-xG,Matches
26,Mathis Amougou,fr FRA,MF,Saint-Étienne,18-256,2006,5.1,0,3,1,33.3,0.59,0.20,0.00,0.00,20.1,0,0,0,0.2,0.2,0.06,-0.2,-0.2,Matches
27,Benjamin André,fr FRA,MF,Lille,34-058,1990,4.9,0,4,1,25.0,0.81,0.20,0.00,0.00,15.2,0,0,0,0.2,0.2,0.06,-0.2,-0.2,Matches
28,Dennis Appiah,fr FRA,DF,Saint-Étienne,32-113,1992,3.9,0,1,0,0.0,0.26,0.00,0.00,,16.0,0,0,0,0.0,0.0,0.02,0.0,0.0,Matches
29,Carlens Arcus,ht HAI,DF,Angers,28-094,1996,4.8,0,0,0,,0.00,0.00,,,,0,0,0,0.0,0.0,,0.0,0.0,Matches
30,Hákon Arnar Haraldsson,is ISL,MF,Lille,21-173,2003,1.9,0,6,1,16.7,3.21,0.54,0.00,0.00,19.8,2,0,0,0.5,0.5,0.08,-0.5,-0.5,Matches
31,Marco Asensio,es ESP,"FW,MF",Paris S-G,28-253,1996,2.9,1,10,5,50.0,3.40,1.70,0.10,0.20,17.0,2,0,0,2.5,2.5,0.26,-1.5,-1.5,Matches
32,Lorenz Assignon,tg TOG,"DF,MF",Rennes,24-100,2000,4.3,0,0,0,,0.00,0.00,,,,0,0,0,0.0,0.0,,0.0,0.0,Matches
33,Dehmaine Assoumani,fr FRA,"MF,FW",Nantes,19-166,2005,0.3,0,0,0,,0.00,0.00,,,,0,0,0,0.0,0.0,,0.0,0.0,Matches
34,Valentin Atangana Edoa,fr FRA,MF,Reims,19-036,2005,5.6,0,7,1,14.3,1.24,0.18,0.00,0.00,27.5,0,0,0,0.1,0.1,0.02,-0.1,-0.1,Matches
35,Florian Ayé,fr FRA,FW,Auxerre,27-255,1997,1.6,0,2,0,0.0,1.25,0.00,0.00,,9.6,0,0,0,0.3,0.3,0.13,-0.3,-0.3,Matches
36,Neil El Aynaoui,fr FRA,MF,Lens,23-090,2001,0.1,0,0,0,,0.00,0.00,,,,0,0,0,0.0,0.0,,0.0,0.0,Matches
37,Shavy Babicka,ga GAB,MF,Toulouse,24-121,2000,2.7,3,5,4,80.0,1.87,1.49,0.60,0.75,17.1,0,0,0,1.4,1.4,0.29,+1.6,+1.6,Matches
38,Theo Bair,ca CAN,FW,Auxerre,25-034,1999,2.1,0,2,1,50.0,0.95,0.47,0.00,0.00,9.9,0,0,0,0.2,0.2,0.10,-0.2,-0.2,Matches
39,Mitchel Bakker,nl NED,DF,Lille,24-102,2000,0.6,0,3,2,66.7,5.40,3.60,0.00,0.00,15.6,0,0,0,0.8,0.8,0.27,-0.8,-0.8,Matches
40,Dilane Bakwa,fr FRA,"MF,DF",Strasbourg,22-035,2002,5.8,0,12,5,41.7,2.05,0.86,0.00,0.00,23.5,3,0,0,1.0,1.0,0.08,-1.0,-1.0,Matches
41,Leonardo Balerdi,ar ARG,DF,Marseille,25-248,1999,2.0,0,0,0,,0.00,0.00,,,,0,0,0,0.0,0.0,,0.0,0.0,Matches
42,Folarin Balogun,us USA,FW,Monaco,23-089,2001,3.8,2,20,5,25.0,5.31,1.33,0.10,0.40,12.4,0,0,0,3.4,3.4,0.17,-1.4,-1.4,Matches
43,Abdoulaye Bamba,ci CIV,DF,Angers,34-158,1990,2.7,0,0,0,,0.00,0.00,,,,0,0,0,0.0,0.0,,0.0,0.0,Matches
44,Bradley Barcola,fr FRA,FW,Paris S-G,22-028,2002,4.2,6,17,8,47.1,4.09,1.93,0.35,0.75,13.6,0,0,0,3.5,3.5,0.20,+2.5,+2.5,Matches
45,Melvin Bard,fr FRA,"MF,DF",Nice,23-329,2000,3.7,0,2,1,50.0,0.54,0.27,0.00,0.00,11.2,0,0,0,0.1,0.1,0.03,-0.1,-0.1,Matches
46,Gabriel Bares,ch SUI,MF,Montpellier,24-032,2000,0.1,0,0,0,,0.00,0.00,,,,0,0,0,0.0,0.0,,0.0,0.0,Matches
47,Dylan Batubinsika,cd COD,DF,Saint-Étienne,28-228,1996,6.0,0,2,0,0.0,0.33,0.00,0.00,,17.2,0,0,0,0.1,0.1,0.04,-0.1,-0.1,Matches
48,Haris Belkebla,dz ALG,MF,Angers,30-246,1994,2.9,0,1,0,0.0,0.35,0.00,0.00,,29.9,0,0,0,0.0,0.0,0.01,0.0,0.0,Matches
49,Yassin Belkhdim,fr FRA,MF,Angers,22-229,2002,3.1,0,3,2,66.7,0.97,0.65,0.00,0.00,14.2,0,0,0,0.1,0.1,0.05,-0.1,-0.1,Matches
50,Eliesse Ben Seghir,ma MAR,"FW,MF",Monaco,19-227,2005,4.4,2,18,7,38.9,4.11,1.60,0.11,0.29,21.5,1,0,0,1.0,1.0,0.05,+1.0,+1.0,Matches
Rk,Player,Nation,Pos,Squad,Age,Born,90s,Gls,Sh,SoT,SoT%,Sh/90,SoT/90,G/Sh,G/SoT,Dist,FK,PK,PKatt,xG,npxG,npxG/Sh,G-xG,np:G-xG,Matches
51,Saïd Benrahma,dz ALG,"FW,MF",Lyon,29-051,1995,2.9,0,3,0,0.0,1.04,0.00,0.00,,20.1,0,0,0,0.1,0.1,0.04,-0.1,-0.1,Matches
52,Lucas Beraldo,br BRA,DF,Paris S-G,20-311,2003,4.9,0,0,0,,0.00,0.00,,,,0,0,0,0.0,0.0,,0.0,0.0,Matches
53,Dimitry Bertaud,cd COD,GK,Montpellier,26-116,1998,2.0,0,0,0,,0.00,0.00,,,,0,0,0,0.0,0.0,,0.0,0.0,Matches
54,Emmanuel Biumla,fr FRA,DF,Angers,19-145,2005,3.1,0,0,0,,0.00,0.00,,,,0,0,0,0.0,0.0,,0.0,0.0,Matches
55,Marco Bizot,nl NED,GK,Brest,33-204,1991,6.0,0,0,0,,0.00,0.00,,,,0,0,0,0.0,0.0,,0.0,0.0,Matches
56,Ludovic Blas,fr FRA,"MF,FW",Rennes,26-274,1997,5.6,2,19,8,42.1,3.39,1.43,0.11,0.25,15.9,0,0,0,1.8,1.8,0.09,+0.2,+0.2,Matches
57,Augustine Boakye,gh GHA,"MF,FW",Saint-Étienne,23-332,2000,0.6,0,1,0,0.0,1.67,0.00,0.00,,21.6,1,0,0,0.0,0.0,0.04,0.0,0.0,Matches
58,Jeremie Boga,ci CIV,"FW,MF",Nice,27-271,1997,1.9,0,5,2,40.0,2.63,1.05,0.00,0.00,18.4,2,0,0,0.3,0.3,0.06,-0.3,-0.3,Matches
59,Moïse Bombito,ca CAN,DF,Nice,24-184,2000,3.7,0,1,1,100.0,0.27,0.27,0.00,0.00,9.4,0,0,0,0.0,0.0,0.02,0.0,0.0,Matches
60,Ayyoub Bouaddi,fr FRA,MF,Lille,16-364,2007,1.0,0,0,0,,0.00,0.00,,,,0,0,0,0.0,0.0,,0.0,0.0,Matches
61,Badredine Bouanani,dz ALG,"FW,MF",Nice,19-297,2004,2.9,0,11,5,45.5,3.85,1.75,0.00,0.00,21.9,1,0,0,0.7,0.7,0.07,-0.7,-0.7,Matches
62,Benjamin Bouchouari,ma MAR,MF,Saint-Étienne,22-322,2001,0.3,0,0,0,,0.00,0.00,,,,0,0,0,0.0,0.0,,0.0,0.0,Matches
63,Hicham Boudaoui,dz ALG,MF,Nice,25-007,1999,4.0,1,5,3,60.0,1.25,0.75,0.20,0.33,18.5,0,0,0,0.4,0.4,0.09,+0.6,+0.6,Matches
64,Benjamin Bourigeaud,fr FRA,MF,Rennes,30-260,1994,0.9,1,2,1,50.0,2.25,1.13,0.50,1.00,16.1,1,0,0,0.2,0.2,0.08,+0.8,+0.8,Matches
65,Bilal Brahimi,dz ALG,MF,Nice,24-200,2000,0.8,0,1,1,100.0,1.18,1.18,0.00,0.00,23.0,1,0,0,0.0,0.0,0.04,0.0,0.0,Matches
66,Lilian Brassier,fr FRA,DF,Marseille,24-333,1999,4.9,0,3,1,33.3,0.61,0.20,0.00,0.00,12.4,0,0,0,0.1,0.1,0.03,-0.1,-0.1,Matches
67,Aurélio Buta,pt POR,DF,Reims,27-233,1997,3.7,0,2,0,0.0,0.54,0.00,0.00,,17.1,0,0,0,0.0,0.0,0.02,0.0,0.0,Matches
68,Marcin Bułka,pl POL,GK,Nice,24-362,1999,6.0,0,0,0,,0.00,0.00,,,,0,0,0,0.0,0.0,,0.0,0.0,Matches
69,Rémy Cabella,fr FRA,"MF,FW",Lille,34-206,1990,2.9,0,7,2,28.6,2.42,0.69,0.00,0.00,15.6,0,0,0,0.8,0.8,0.11,-0.8,-0.8,Matches
70,Mathieu Cafaro,fr FRA,"MF,FW",Saint-Étienne,27-189,1997,4.4,1,15,9,60.0,3.40,2.04,0.07,0.11,20.0,1,0,0,0.8,0.8,0.06,+0.2,+0.2,Matches
71,Duje Ćaleta-Car,hr CRO,DF,Lyon,28-013,1996,6.0,1,3,1,33.3,0.50,0.17,0.33,1.00,8.7,0,0,0,0.7,0.7,0.22,+0.3,+0.3,Matches
72,Issiaga Camara,gn GUI,MF,Nice,19-241,2005,0.0,0,0,0,,0.00,0.00,,,,0,0,0,0.0,0.0,,0.0,0.0,Matches
73,Lamine Camara,sn SEN,MF,Monaco,20-273,2004,3.7,2,6,3,50.0,1.60,0.80,0.33,0.67,18.0,0,0,0,0.6,0.6,0.11,+1.4,+1.4,Matches
74,Mahdi Camara,fr FRA,MF,Brest,26-092,1998,5.1,2,9,6,66.7,1.78,1.18,0.22,0.33,18.9,0,0,0,0.6,0.6,0.06,+1.4,+1.4,Matches
75,Axel Camblan,fr FRA,"MF,FW",Brest,21-031,2003,0.3,0,1,0,0.0,3.46,0.00,0.00,,16.0,0,0,0,0.0,0.0,0.05,0.0,0.0,Matches
Rk,Player,Nation,Pos,Squad,Age,Born,90s,Gls,Sh,SoT,SoT%,Sh/90,SoT/90,G/Sh,G/SoT,Dist,FK,PK,PKatt,xG,npxG,npxG/Sh,G-xG,np:G-xG,Matches
76,Jaydee Canvot,fr FRA,DF,Toulouse,18-063,2006,0.1,0,0,0,,0.00,0.00,,,,0,0,0,0.0,0.0,,0.0,0.0,Matches
77,Pierrick Capelle,fr FRA,MF,Angers,37-168,1987,2.0,0,1,0,0.0,0.49,0.00,0.00,,15.9,0,0,0,0.0,0.0,0.04,0.0,0.0,Matches
78,Maxence Caqueret,fr FRA,MF,Lyon,24-228,2000,5.1,0,4,0,0.0,0.79,0.00,0.00,,19.4,0,0,0,0.3,0.3,0.07,-0.3,-0.3,Matches
79,Valentin Carboni,ar ARG,"MF,FW",Marseille,19-209,2005,0.6,0,1,1,100.0,1.55,1.55,0.00,0.00,17.7,0,0,0,0.0,0.0,0.03,0.0,0.0,Matches
80,Josué Casimir,fr FRA,"FW,DF",Le Havre,23-006,2001,4.5,0,5,1,20.0,1.11,0.22,0.00,0.00,15.1,0,0,0,0.6,0.6,0.13,-0.6,-0.6,Matches
81,Cristian Cásseres Jr.,ve VEN,MF,Toulouse,24-254,2000,4.7,0,5,1,20.0,1.05,0.21,0.00,0.00,22.5,1,0,0,0.2,0.2,0.05,-0.2,-0.2,Matches
82,Jean-Charles Castelletto,cm CMR,DF,Nantes,29-248,1995,5.0,0,2,1,50.0,0.40,0.20,0.00,0.00,20.4,0,0,0,0.1,0.1,0.06,-0.1,-0.1,Matches
83,Brendan Chardonnet,fr FRA,DF,Brest,29-283,1994,5.0,0,4,0,0.0,0.80,0.00,0.00,,14.1,0,0,0,0.1,0.1,0.03,-0.1,-0.1,Matches
84,Jhoanner Chávez,ec ECU,DF,Lens,22-158,2002,3.4,1,2,1,50.0,0.60,0.30,0.50,1.00,12.0,0,0,0,0.1,0.1,0.06,+0.9,+0.9,Matches
85,Théo Chennahi,fr FRA,DF,Montpellier,19-237,2005,0.0,0,0,0,,0.00,0.00,,,,0,0,0,0.0,0.0,,0.0,0.0,Matches
86,Sidiki Cherif,fr FRA,FW,Angers,17-290,2006,3.1,0,4,2,50.0,1.28,0.64,0.00,0.00,21.3,0,0,0,0.4,0.4,0.11,-0.4,-0.4,Matches
87,Rayan Cherki,fr FRA,MF,Lyon,21-044,2003,0.5,1,2,1,50.0,3.91,1.96,0.50,1.00,6.9,0,0,0,0.2,0.2,0.11,+0.8,+0.8,Matches
88,Lucas Chevalier,fr FRA,GK,Lille,22-329,2001,6.0,0,0,0,,0.00,0.00,,,,0,0,0,0.0,0.0,,0.0,0.0,Matches
89,Pedro Chirivella,es ESP,MF,Nantes,27-130,1997,5.8,0,1,0,0.0,0.17,0.00,0.00,,26.2,0,0,0,0.1,0.1,0.05,-0.1,-0.1,Matches
90,Joris Chotard,fr FRA,MF,Montpellier,23-006,2001,2.4,0,1,0,0.0,0.41,0.00,0.00,,27.4,1,0,0,0.1,0.1,0.08,-0.1,-0.1,Matches
91,Jonathan Clauss,fr FRA,"MF,DF",Nice,32-005,1992,5.0,1,7,2,28.6,1.41,0.40,0.14,0.50,21.0,2,0,0,0.6,0.6,0.09,+0.4,+0.4,Matches
92,Marcus Coco,fr FRA,DF,Nantes,28-098,1996,3.1,0,1,0,0.0,0.32,0.00,0.00,,27.5,0,0,0,0.0,0.0,0.03,0.0,0.0,Matches
93,Derek Cornelius,ca CAN,DF,Marseille,26-310,1997,3.8,0,1,0,0.0,0.26,0.00,0.00,,11.2,0,0,0,0.1,0.1,0.06,-0.1,-0.1,Matches
94,Pierre Cornud,fr FRA,DF,Saint-Étienne,27-293,1996,2.3,0,0,0,,0.00,0.00,,,,0,0,0,0.0,0.0,,0.0,0.0,Matches
95,David Costa,pt POR,MF,Lens,23-269,2001,1.5,0,3,1,33.3,2.01,0.67,0.00,0.00,19.6,0,0,0,0.6,0.6,0.19,-0.6,-0.6,Matches
96,Logan Costa,cv CPV,DF,Toulouse,23-182,2001,1.0,0,0,0,,0.00,0.00,,,,0,0,0,0.0,0.0,,0.0,0.0,Matches
97,Lasso Coulibaly,gh GHA,"FW,MF",Auxerre,21-347,2002,0.4,1,2,1,50.0,4.74,2.37,0.50,1.00,11.8,0,0,0,0.2,0.2,0.11,+0.8,+0.8,Matches
98,Soumaïla Coulibaly,fr FRA,DF,Brest,20-352,2003,1.2,0,1,0,0.0,0.84,0.00,0.00,,13.1,0,0,0,0.0,0.0,0.03,0.0,0.0,Matches
99,Tanguy Coulibaly,fr FRA,FW,Montpellier,23-225,2001,3.2,0,4,1,25.0,1.27,0.32,0.00,0.00,17.5,0,0,0,0.2,0.2,0.06,-0.2,-0.2,Matches
100,Nicolas Cozza,fr FRA,DF,Nantes,25-266,1999,1.3,0,0,0,,0.00,0.00,,,,0,0,0,0.0,0.0,,0.0,0.0,Matches
Rk,Player,Nation,Pos,Squad,Age,Born,90s,Gls,Sh,SoT,SoT%,Sh/90,SoT/90,G/Sh,G/SoT,Dist,FK,PK,PKatt,xG,npxG,npxG/Sh,G-xG,np:G-xG,Matches
101,Charlie Cresswell,eng ENG,DF,Toulouse,22-044,2002,3.6,0,4,1,25.0,1.10,0.27,0.00,0.00,8.2,0,0,0,0.9,0.9,0.22,-0.9,-0.9,Matches
102,Kévin Danois,fr FRA,"MF,DF",Auxerre,20-094,2004,2.5,0,3,0,0.0,1.22,0.00,0.00,,13.3,0,0,0,0.3,0.3,0.11,-0.3,-0.3,Matches
103,Kevin Danso,at AUT,DF,Lens,26-011,1998,2.0,0,1,1,100.0,0.50,0.50,0.00,0.00,12.1,0,0,0,0.0,0.0,0.03,0.0,0.0,Matches
104,Dante,br BRA,DF,Nice,40-348,1983,5.3,0,1,0,0.0,0.19,0.00,0.00,,10.9,0,0,0,0.0,0.0,0.01,0.0,0.0,Matches
105,Pape Daouda Diongue,sn SEN,MF,Strasbourg,,,0.5,0,4,1,25.0,8.00,2.00,0.00,0.00,14.3,0,0,0,0.2,0.2,0.04,-0.2,-0.2,Matches
106,Mohammed Daramy,dk DEN,FW,Reims,22-267,2002,0.1,0,0,0,,0.00,0.00,,,,0,0,0,0.0,0.0,,0.0,0.0,Matches
107,Jonathan David,ca CAN,FW,Lille,24-260,2000,4.1,5,11,7,63.6,2.65,1.69,0.36,0.57,13.6,0,1,1,2.9,2.1,0.19,+2.1,+1.9,Matches
108,Zuriko Davitashvili,ge GEO,"MF,FW",Saint-Étienne,23-228,2001,5.7,0,5,1,20.0,0.88,0.18,0.00,0.00,18.5,0,0,0,0.3,0.3,0.07,-0.3,-0.3,Matches
109,Thibault De Smet,be BEL,DF,Reims,26-117,1998,0.1,0,0,0,,0.00,0.00,,,,0,0,0,0.0,0.0,,0.0,0.0,Matches
110,Romain Del Castillo,fr FRA,FW,Brest,28-185,1996,4.5,2,5,2,40.0,1.11,0.45,0.00,0.00,26.3,0,2,3,2.7,0.4,0.07,-0.7,-0.4,Matches
111,Ousmane Dembélé,fr FRA,FW,Paris S-G,27-138,1997,3.8,4,19,10,52.6,5.03,2.65,0.21,0.40,14.6,0,0,0,2.5,2.5,0.13,+1.5,+1.5,Matches
112,Arthur Desmas,fr FRA,GK,Le Havre,30-176,1994,6.0,0,0,0,,0.00,0.00,,,,0,0,0,0.0,0.0,,0.0,0.0,Matches
113,Mamadou Diakhon,fr FRA,"FW,MF",Reims,19-008,2005,0.5,0,2,2,100.0,4.29,4.29,0.00,0.00,17.8,0,0,0,0.1,0.1,0.03,-0.1,-0.1,Matches
114,Bafodé Diakité,fr FRA,DF,Lille,23-268,2001,6.0,1,4,2,50.0,0.67,0.33,0.25,0.50,8.1,0,0,0,0.9,0.9,0.22,+0.1,+0.1,Matches
115,Oumar Diakité,ci CIV,FW,Reims,20-285,2003,4.7,1,6,3,50.0,1.27,0.64,0.17,0.33,10.7,0,0,0,1.0,1.0,0.16,0.0,0.0,Matches
116,Habib Diarra,sn SEN,"MF,FW",Strasbourg,20-271,2004,5.3,1,8,4,50.0,1.51,0.75,0.13,0.25,20.6,0,0,0,0.7,0.7,0.08,+0.3,+0.3,Matches
117,Krépin Diatta,sn SEN,DF,Monaco,25-218,1999,0.1,0,0,0,,0.00,0.00,,,,0,0,0,0.0,0.0,,0.0,0.0,Matches
118,Kandet Diawara,gn GUI,FW,Le Havre,24-233,2000,0.0,0,0,0,,0.00,0.00,,,,0,0,0,0.0,0.0,,0.0,0.0,Matches
119,Mahamadou Diawara,fr FRA,MF,Lyon,19-226,2005,0.2,0,0,0,,0.00,0.00,,,,0,0,0,0.0,0.0,,0.0,0.0,Matches
120,Bamba Dieng,sn SEN,FW,Angers,24-191,2000,2.3,1,4,2,50.0,1.71,0.86,0.25,0.50,20.8,1,0,0,0.6,0.6,0.14,+0.4,+0.4,Matches
121,Sinaly Diomande,ci CIV,DF,Auxerre,23-174,2001,3.3,0,0,0,,0.00,0.00,,,,0,0,0,0.0,0.0,,0.0,0.0,Matches
122,Lois Diony,fr FRA,FW,Angers,31-285,1992,0.2,0,0,0,,0.00,0.00,,,,0,0,0,0.0,0.0,,0.0,0.0,Matches
123,Sofiane Diop,fr FRA,"FW,MF",Nice,24-113,2000,0.4,1,1,1,100.0,2.65,2.65,1.00,1.00,2.5,0,0,0,0.9,0.9,0.93,+0.1,+0.1,Matches
124,Andy Diouf,fr FRA,MF,Lens,21-136,2003,5.1,0,6,0,0.0,1.17,0.00,0.00,,26.5,0,0,0,0.2,0.2,0.04,-0.2,-0.2,Matches
125,Yehvann Diouf,fr FRA,GK,Reims,24-319,1999,6.0,0,0,0,,0.00,0.00,,,,0,0,0,0.0,0.0,,0.0,0.0,Matches
Rk,Player,Nation,Pos,Squad,Age,Born,90s,Gls,Sh,SoT,SoT%,Sh/90,SoT/90,G/Sh,G/SoT,Dist,FK,PK,PKatt,xG,npxG,npxG/Sh,G-xG,np:G-xG,Matches
126,Assane Dioussé,sn SEN,MF,Auxerre,27-010,1997,0.1,0,1,1,100.0,15.00,15.00,0.00,0.00,28.9,0,0,0,0.0,0.0,0.00,0.0,0.0,Matches
127,Gianluigi Donnarumma,it ITA,GK,Paris S-G,25-218,1999,4.0,0,0,0,,0.00,0.00,,,,0,0,0,0.0,0.0,,0.0,0.0,Matches
128,Désiré Doué,fr FRA,FW,Paris S-G,19-119,2005,1.6,0,9,4,44.4,5.51,2.45,0.00,0.00,19.6,0,0,0,0.5,0.5,0.05,-0.5,-0.5,Matches
129,Guela Doué,ci CIV,DF,Strasbourg,21-349,2002,6.0,0,3,1,33.3,0.50,0.17,0.00,0.00,9.1,0,0,0,0.2,0.2,0.07,-0.2,-0.2,Matches
130,Douglas,br BRA,MF,Nantes,27-261,1997,4.6,1,10,3,30.0,2.17,0.65,0.10,0.33,13.7,0,0,0,1.1,1.1,0.11,-0.1,-0.1,Matches
131,Ismaël Doukouré,fr FRA,MF,Strasbourg,21-068,2003,5.5,0,1,0,0.0,0.18,0.00,0.00,,22.5,0,0,0,0.1,0.1,0.07,-0.1,-0.1,Matches
132,Kamory Doumbia,ml MLI,MF,Brest,21-225,2003,1.3,0,2,1,50.0,1.54,0.77,0.00,0.00,27.2,0,0,0,0.1,0.1,0.03,-0.1,-0.1,Matches
133,Jean-Kevin Duverne,ht HAI,DF,Nantes,27-080,1997,3.6,0,2,0,0.0,0.55,0.00,0.00,,17.2,0,0,0,0.1,0.1,0.07,-0.1,-0.1,Matches
134,Stefan Džodić,rs SRB,DF,Montpellier,19-199,2005,1.0,0,1,0,0.0,1.00,0.00,0.00,,31.5,0,0,0,0.0,0.0,0.01,0.0,0.0,Matches
135,Aron Dønnum,no NOR,"DF,MF",Toulouse,26-163,1998,4.1,0,1,0,0.0,0.24,0.00,0.00,,30.1,0,0,0,0.0,0.0,0.02,0.0,0.0,Matches
136,Jacques Ekomie,ga GAB,DF,Angers,21-042,2003,2.5,0,1,0,0.0,0.41,0.00,0.00,,15.3,0,0,0,0.0,0.0,0.02,0.0,0.0,Matches
137,Pierre Ekwah Elimby,fr FRA,MF,Saint-Étienne,22-259,2002,3.0,0,1,0,0.0,0.33,0.00,0.00,,24.4,0,0,0,0.0,0.0,0.02,0.0,0.0,Matches
138,Breel Embolo,ch SUI,FW,Monaco,27-229,1997,3.7,0,12,2,16.7,3.25,0.54,0.00,0.00,10.1,0,0,0,2.5,2.5,0.21,-2.5,-2.5,Matches
139,Emanuel Emegha,nl NED,FW,Strasbourg,21-240,2003,5.6,3,15,12,80.0,2.68,2.15,0.20,0.25,13.2,0,0,0,3.8,3.8,0.25,-0.8,-0.8,Matches
140,Romain Faivre,fr FRA,"MF,FW",Brest,26-078,1998,2.9,1,5,1,20.0,1.70,0.34,0.20,1.00,15.1,0,0,0,0.6,0.6,0.12,+0.4,+0.4,Matches
141,Khalil Fayad,fr FRA,"MF,FW",Montpellier,20-113,2004,2.8,0,3,1,33.3,1.06,0.35,0.00,0.00,23.1,0,0,0,0.2,0.2,0.05,-0.2,-0.2,Matches
142,Zinedine Ferhat,dz ALG,"FW,MF",Angers,31-213,1993,1.8,1,5,3,60.0,2.78,1.67,0.20,0.33,20.2,1,0,0,0.3,0.3,0.06,+0.7,+0.7,Matches
143,Edimilson Fernandes,ch SUI,MF,Brest,28-168,1996,1.6,0,0,0,,0.00,0.00,,,,0,0,0,0.0,0.0,,0.0,0.0,Matches
144,Matias Fernandez-Pardo,be BEL,FW,Lille,19-240,2005,0.3,0,0,0,,0.00,0.00,,,,0,0,0,0.0,0.0,,0.0,0.0,Matches
145,Jordan Ferri,fr FRA,MF,Montpellier,32-202,1992,3.0,0,1,1,100.0,0.33,0.33,0.00,0.00,34.1,0,0,0,0.0,0.0,0.02,0.0,0.0,Matches
146,Karol Fila,pl POL,MF,Strasbourg,26-109,1998,0.1,0,0,0,,0.00,0.00,,,,0,0,0,0.0,0.0,,0.0,0.0,Matches
147,Malick Fofana,be BEL,"FW,DF",Lyon,19-183,2005,2.1,1,2,2,100.0,0.94,0.94,0.50,0.50,10.6,0,0,0,0.1,0.1,0.07,+0.9,+0.9,Matches
148,Yahia Fofana,ci CIV,GK,Angers,24-040,2000,6.0,0,0,0,,0.00,0.00,,,,0,0,0,0.0,0.0,,0.0,0.0,Matches
149,Lamine Fomba,fr FRA,MF,Saint-Étienne,26-248,1998,0.8,0,1,0,0.0,1.32,0.00,0.00,,27.0,0,0,0,0.0,0.0,0.02,0.0,0.0,Matches
150,Przemysław Frankowski,pl POL,DF,Lens,29-171,1995,3.2,1,2,0,0.0,0.63,0.00,0.00,,27.0,0,1,1,0.9,0.1,0.04,+0.1,-0.1,Matches
Rk,Player,Nation,Pos,Squad,Age,Born,90s,Gls,Sh,SoT,SoT%,Sh/90,SoT/90,G/Sh,G/SoT,Dist,FK,PK,PKatt,xG,npxG,npxG/Sh,G-xG,np:G-xG,Matches
151,Angelo Fulgini,fr FRA,"MF,FW",Lens,28-041,1996,1.9,0,6,1,16.7,3.14,0.52,0.00,0.00,18.3,2,0,0,0.4,0.4,0.06,-0.4,-0.4,Matches
152,Ignatius Ganago,cm CMR,FW,Nantes,25-227,1999,0.3,0,2,0,0.0,7.83,0.00,0.00,,8.8,0,0,0,0.1,0.1,0.03,-0.1,-0.1,Matches
153,Ulisses Garcia,ch SUI,"DF,MF",Marseille,28-263,1996,0.5,1,1,1,100.0,2.20,2.20,1.00,1.00,15.3,0,0,0,0.1,0.1,0.08,+0.9,+0.9,Matches
154,Jean-Philippe Gbamin,ci CIV,MF,Nantes,29-005,1995,0.2,0,1,0,0.0,6.43,0.00,0.00,,11.1,0,0,0,0.1,0.1,0.07,-0.1,-0.1,Matches
155,Yann Gboho,fr FRA,"FW,MF",Toulouse,23-260,2001,5.8,2,14,6,42.9,2.40,1.03,0.14,0.33,15.9,0,0,0,1.6,1.6,0.11,+0.4,+0.4,Matches
156,Denis Genreau,au AUS,MF,Toulouse,25-132,1999,0.0,0,2,0,0.0,180.00,0.00,0.00,,24.1,0,0,0,0.1,0.1,0.03,-0.1,-0.1,Matches
157,Aleksandr Golovin,ru RUS,MF,Monaco,28-123,1996,2.8,0,6,0,0.0,2.14,0.00,0.00,,21.7,0,0,0,0.6,0.6,0.10,-0.6,-0.6,Matches
158,André Gomes,pt POR,MF,Lille,31-062,1993,1.7,0,0,0,,0.00,0.00,,,,0,0,0,0.0,0.0,,0.0,0.0,Matches
159,Angel Gomes,eng ENG,MF,Lille,24-030,2000,3.2,0,1,0,0.0,0.31,0.00,0.00,,33.8,0,0,1,0.8,0.0,0.00,-0.8,0.0,Matches
160,Carlos Gómez,co COL,MF,Rennes,22-018,2002,0.3,0,0,0,,0.00,0.00,,,,0,0,0,0.0,0.0,,0.0,0.0,Matches
161,Amine Gouiri,dz ALG,"FW,MF",Rennes,24-227,2000,4.3,1,14,7,50.0,3.26,1.63,0.07,0.14,15.7,0,0,0,2.0,2.0,0.14,-1.0,-1.0,Matches
162,Jonathan Gradit,fr FRA,DF,Lens,31-311,1992,5.8,0,7,2,28.6,1.20,0.34,0.00,0.00,18.2,0,0,0,0.3,0.3,0.04,-0.3,-0.3,Matches
163,Samuel Grandsir,fr FRA,"MF,FW",Le Havre,28-047,1996,0.5,0,0,0,,0.00,0.00,,,,0,0,0,0.0,0.0,,0.0,0.0,Matches
164,Mason Greenwood,eng ENG,FW,Marseille,22-365,2001,5.9,5,19,8,42.1,3.24,1.37,0.21,0.50,21.2,0,1,1,2.2,1.4,0.07,+2.8,+2.6,Matches
165,Albert Grønbaek,dk DEN,"MF,FW",Rennes,23-130,2001,4.4,1,9,7,77.8,2.06,1.60,0.11,0.14,19.6,1,0,0,0.5,0.5,0.06,+0.5,+0.5,Matches
166,Gabriel Gudmundsson,se SWE,DF,Lille,25-154,1999,4.5,0,4,0,0.0,0.88,0.00,0.00,,23.1,0,0,0,0.1,0.1,0.04,-0.1,-0.1,Matches
167,Evann Guessand,ci CIV,FW,Nice,23-091,2001,5.5,3,14,5,35.7,2.56,0.91,0.21,0.60,11.1,0,0,0,3.2,3.2,0.23,-0.2,-0.2,Matches
168,Herba Guirassy,fr FRA,FW,Nantes,18-032,2006,0.1,1,1,1,100.0,8.18,8.18,1.00,1.00,17.5,0,0,0,0.4,0.4,0.37,+0.6,+0.6,Matches
169,Massadio Haïdara,ml MLI,DF,Brest,31-303,1992,1.9,0,0,0,,0.00,0.00,,,,0,0,0,0.0,0.0,,0.0,0.0,Matches
170,Achraf Hakimi,ma MAR,DF,Paris S-G,25-331,1998,4.9,1,7,2,28.6,1.42,0.41,0.14,0.50,17.0,2,0,0,0.9,0.9,0.12,+0.1,+0.1,Matches
171,Florent Hanin,dz ALG,DF,Angers,34-239,1990,3.5,0,1,0,0.0,0.29,0.00,0.00,,29.6,0,0,0,0.0,0.0,0.00,0.0,0.0,Matches
172,Amine Harit,ma MAR,MF,Marseille,27-104,1997,4.1,1,3,2,66.7,0.73,0.48,0.33,0.50,18.3,0,0,0,0.3,0.3,0.10,+0.7,+0.7,Matches
173,Hans Hateboer,nl NED,DF,Rennes,30-265,1994,3.7,0,5,0,0.0,1.35,0.00,0.00,,13.0,0,0,0,0.3,0.3,0.06,-0.3,-0.3,Matches
174,Luis Henrique,br BRA,FW,Marseille,22-291,2001,5.2,3,7,4,57.1,1.34,0.76,0.43,0.75,17.4,0,0,0,0.8,0.8,0.12,+2.2,+2.2,Matches
175,Ki-Jana Hoever,nl NED,DF,Auxerre,22-256,2002,3.2,0,1,0,0.0,0.31,0.00,0.00,,28.7,0,0,0,0.0,0.0,0.02,0.0,0.0,Matches
Rk,Player,Nation,Pos,Squad,Age,Born,90s,Gls,Sh,SoT,SoT%,Sh/90,SoT/90,G/Sh,G/SoT,Dist,FK,PK,PKatt,xG,npxG,npxG/Sh,G-xG,np:G-xG,Matches
176,Cédric Hountondji,bj BEN,DF,Angers,30-255,1994,3.0,0,0,0,,0.00,0.00,,,,0,0,0,0.0,0.0,,0.0,0.0,Matches
177,Ilyes Housni,fr FRA,MF,Le Havre,19-139,2005,0.1,0,0,0,,0.00,0.00,,,,0,0,0,0.0,0.0,,0.0,0.0,Matches
178,Pierre Højbjerg,dk DEN,"MF,DF",Marseille,29-056,1995,5.9,0,4,2,50.0,0.67,0.34,0.00,0.00,22.4,1,0,0,0.2,0.2,0.05,-0.2,-0.2,Matches
179,George Ilenikhena,fr FRA,"FW,MF",Monaco,18-045,2006,2.2,0,3,0,0.0,1.35,0.00,0.00,,10.0,0,0,0,0.7,0.7,0.24,-0.7,-0.7,Matches
180,Ismaily,br BRA,DF,Lille,34-263,1990,0.9,0,1,1,100.0,1.10,1.10,0.00,0.00,14.0,0,0,0,0.1,0.1,0.05,-0.1,-0.1,Matches
181,Yanis Issoufou,fr FRA,"FW,MF",Montpellier,17-338,2006,0.8,0,1,0,0.0,1.23,0.00,0.00,,9.8,0,0,0,0.0,0.0,0.03,0.0,0.0,Matches
182,Junya Ito,jp JPN,FW,Reims,31-205,1993,5.8,2,3,2,66.7,0.52,0.35,0.67,1.00,8.3,0,0,0,0.7,0.7,0.23,+1.3,+1.3,Matches
183,Ismail Jakobs,sn SEN,DF,Monaco,25-044,1999,2.0,0,0,0,,0.00,0.00,,,,0,0,0,0.0,0.0,,0.0,0.0,Matches
184,Jordan James,wls WAL,MF,Rennes,20-090,2004,0.3,0,2,1,50.0,6.00,3.00,0.00,0.00,21.2,0,0,0,0.1,0.1,0.04,-0.1,-0.1,Matches
185,Karl-Johan Johnsson,se SWE,GK,Strasbourg,34-246,1990,3.0,0,0,0,,0.00,0.00,,,,0,0,0,0.0,0.0,,0.0,0.0,Matches
186,Paul Joly,fr FRA,DF,Auxerre,24-115,2000,4.1,0,1,1,100.0,0.25,0.25,0.00,0.00,15.7,0,0,0,0.0,0.0,0.02,0.0,0.0,Matches
187,Jota,pt POR,FW,Rennes,25-184,1999,0.3,0,0,0,,0.00,0.00,,,,0,0,0,0.0,0.0,,0.0,0.0,Matches
188,Antoine Joujou,fr FRA,"MF,FW",Le Havre,21-202,2003,3.3,0,6,1,16.7,1.81,0.30,0.00,0.00,21.3,0,0,0,0.3,0.3,0.05,-0.3,-0.3,Matches
189,Jubal,br BRA,DF,Auxerre,31-032,1993,5.4,1,4,1,25.0,0.74,0.18,0.00,0.00,10.4,0,1,1,1.2,0.4,0.09,-0.2,-0.4,Matches
190,Hamed Junior Traorè,ci CIV,MF,Auxerre,24-227,2000,3.6,2,11,5,45.5,3.07,1.40,0.18,0.40,17.9,1,0,0,1.3,1.3,0.12,+0.7,+0.7,Matches
191,Yaya Kader Fofana,ml MLI,"MF,FW",Reims,20-110,2004,4.1,1,6,2,33.3,1.47,0.49,0.17,0.50,21.6,0,0,0,0.3,0.3,0.05,+0.7,+0.7,Matches
192,Tino Kadewere,zw ZIM,"MF,FW",Nantes,28-269,1996,3.5,0,3,2,66.7,0.86,0.57,0.00,0.00,15.6,0,0,0,0.6,0.6,0.19,-0.6,-0.6,Matches
193,Arnaud Kalimuendo,fr FRA,FW,Rennes,22-254,2002,3.6,3,9,3,33.3,2.52,0.84,0.11,0.33,19.7,0,2,2,2.4,0.8,0.09,+0.6,+0.2,Matches
194,Waren Kamanzi,no NOR,"DF,MF",Toulouse,23-324,2000,4.3,0,0,0,,0.00,0.00,,,,0,0,0,0.0,0.0,,0.0,0.0,Matches
195,Glen Kamara,fi FIN,MF,Rennes,28-338,1995,3.2,0,0,0,,0.00,0.00,,,,0,0,0,0.0,0.0,,0.0,0.0,Matches
196,Nordine Kandil,fr FRA,MF,Strasbourg,22-335,2001,0.1,0,0,0,,0.00,0.00,,,,0,0,0,0.0,0.0,,0.0,0.0,Matches
197,Lee Kang-in,kr KOR,"MF,FW",Paris S-G,23-224,2001,4.2,3,11,4,36.4,2.62,0.95,0.27,0.75,16.9,0,0,0,1.1,1.1,0.10,+1.9,+1.9,Matches
198,Yassine Kechta,ma MAR,"FW,MF",Le Havre,22-218,2002,5.2,0,9,4,44.4,1.73,0.77,0.00,0.00,29.0,0,0,0,0.3,0.3,0.03,-0.3,-0.3,Matches
199,Thilo Kehrer,de GER,DF,Monaco,28-009,1996,4.0,1,2,2,100.0,0.50,0.50,0.50,0.50,6.3,0,0,0,0.1,0.1,0.07,+0.9,+0.9,Matches
200,Reda Khadra,de GER,"MF,FW",Reims,23-088,2001,0.9,0,0,0,,0.00,0.00,,,,0,0,0,0.0,0.0,,0.0,0.0,Matches
Rk,Player,Nation,Pos,Squad,Age,Born,90s,Gls,Sh,SoT,SoT%,Sh/90,SoT/90,G/Sh,G/SoT,Dist,FK,PK,PKatt,xG,npxG,npxG/Sh,G-xG,np:G-xG,Matches
201,Wahbi Khazri,tn TUN,FW,Montpellier,33-235,1991,1.3,0,4,1,25.0,3.00,0.75,0.00,0.00,19.7,0,0,0,0.2,0.2,0.05,-0.2,-0.2,Matches
202,Abdukodir Khusanov,uz UZB,DF,Lens,20-214,2004,4.2,0,3,1,33.3,0.72,0.24,0.00,0.00,18.9,0,0,0,0.1,0.1,0.03,-0.1,-0.1,Matches
203,Joshua King,no NOR,"MF,FW",Toulouse,32-259,1992,1.4,0,4,1,25.0,2.88,0.72,0.00,0.00,14.3,0,0,0,0.3,0.3,0.08,-0.3,-0.3,Matches
204,Cédric Kipré,ci CIV,DF,Reims,27-296,1996,3.1,0,0,0,,0.00,0.00,,,,0,0,0,0.0,0.0,,0.0,0.0,Matches
205,Philipp Köhn,ch SUI,GK,Monaco,26-181,1998,6.0,0,0,0,,0.00,0.00,,,,0,0,0,0.0,0.0,,0.0,0.0,Matches
206,Randal Kolo Muani,fr FRA,FW,Paris S-G,25-300,1998,2.8,2,9,4,44.4,3.25,1.45,0.11,0.25,12.3,0,1,1,2.9,2.1,0.24,-0.9,-1.1,Matches
207,Geoffrey Kondogbia,cf CTA,"MF,DF",Marseille,31-228,1993,4.9,0,3,0,0.0,0.61,0.00,0.00,,17.8,0,0,0,0.2,0.2,0.08,-0.2,-0.2,Matches
208,Abdoul Koné,fr FRA,DF,Reims,19-161,2005,0.7,0,0,0,,0.00,0.00,,,,0,0,0,0.0,0.0,,0.0,0.0,Matches
209,Amadou Koné,ml MLI,MF,Reims,19-139,2005,0.2,0,0,0,,0.00,0.00,,,,0,0,0,0.0,0.0,,0.0,0.0,Matches
210,Ismaël Koné,ca CAN,MF,Marseille,22-116,2002,1.6,0,2,0,0.0,1.23,0.00,0.00,,20.2,0,0,0,0.2,0.2,0.10,-0.2,-0.2,Matches
211,Boubakar Kouyaté,ml MLI,DF,Montpellier,27-168,1997,1.2,0,1,0,0.0,0.81,0.00,0.00,,6.5,0,0,0,0.2,0.2,0.15,-0.2,-0.2,Matches
212,Sael Kumbedi,fr FRA,DF,Lyon,19-188,2005,1.0,0,0,0,,0.00,0.00,,,,0,0,0,0.0,0.0,,0.0,0.0,Matches
213,Daler Kuzyaev,ru RUS,MF,Le Havre,31-259,1993,3.2,1,4,3,75.0,1.23,0.92,0.25,0.33,22.3,0,0,0,0.2,0.2,0.05,+0.8,+0.8,Matches
214,Rémy Labeau Lascary,gp GLP,FW,Lens,21-211,2003,2.7,0,8,2,25.0,2.93,0.73,0.00,0.00,11.8,0,0,0,1.5,1.5,0.19,-1.5,-1.5,Matches
215,Gaëtan Laborde,fr FRA,FW,Nice,30-150,1994,0.9,0,1,0,0.0,1.15,0.00,0.00,,18.5,0,0,0,0.0,0.0,0.04,0.0,0.0,Matches
216,Alexandre Lacazette,fr FRA,FW,Lyon,33-125,1991,4.0,0,8,4,50.0,2.01,1.00,0.00,0.00,17.2,0,0,1,2.1,1.2,0.15,-2.1,-1.2,Matches
217,Alban Lafont,fr FRA,GK,Nantes,25-251,1999,6.0,0,0,0,,0.00,0.00,,,,0,0,0,0.0,0.0,,0.0,0.0,Matches
218,Kenny Lala,mg MAD,DF,Brest,32-363,1991,5.0,1,2,2,100.0,0.40,0.40,0.00,0.00,22.4,1,1,1,1.2,0.4,0.20,-0.2,-0.4,Matches
219,Mohamed Lamine Bayo,gn GUI,FW,Lille,26-118,1998,2.1,1,7,2,28.6,3.41,0.97,0.14,0.50,12.2,0,0,0,1.7,1.7,0.25,-0.7,-0.7,Matches
220,Gautier Larsonneur,fr FRA,GK,Saint-Étienne,27-220,1997,6.0,0,0,0,,0.00,0.00,,,,0,0,0,0.0,0.0,,0.0,0.0,Matches
221,Julien Le Cardinal,fr FRA,DF,Brest,27-058,1997,4.8,0,5,3,60.0,1.04,0.62,0.00,0.00,11.1,0,0,0,0.2,0.2,0.05,-0.2,-0.2,Matches
222,Jérémy Le Douaron,fr FRA,FW,Brest,26-162,1998,1.1,0,2,1,50.0,1.76,0.88,0.00,0.00,11.3,0,0,0,0.2,0.2,0.08,-0.2,-0.2,Matches
223,Benjamin Lecomte,fr FRA,GK,Montpellier,33-157,1991,4.0,0,0,0,,0.00,0.00,,,,0,0,0,0.0,0.0,,0.0,0.0,Matches
224,Jordan Lefort,fr FRA,DF,Angers,31-052,1993,6.0,0,1,0,0.0,0.17,0.00,0.00,,15.3,0,0,0,0.0,0.0,0.04,0.0,0.0,Matches
225,Félix Lemaréchal,fr FRA,"MF,FW",Strasbourg,21-054,2003,0.8,0,0,0,,0.00,0.00,,,,0,0,0,0.0,0.0,,0.0,0.0,Matches
Rk,Player,Nation,Pos,Squad,Age,Born,90s,Gls,Sh,SoT,SoT%,Sh/90,SoT/90,G/Sh,G/SoT,Dist,FK,PK,PKatt,xG,npxG,npxG/Sh,G-xG,np:G-xG,Matches
226,Donovan Léon,gf GUF,GK,Auxerre,31-332,1992,6.0,0,0,0,,0.00,0.00,,,,0,0,0,0.0,0.0,,0.0,0.0,Matches
227,Esteban Lepaul,fr FRA,FW,Angers,24-165,2000,1.3,0,1,0,0.0,0.76,0.00,0.00,,13.1,0,0,0,0.0,0.0,0.05,0.0,0.0,Matches
228,Johann Lepenant,fr FRA,MF,Nantes,21-344,2002,4.9,2,4,2,50.0,0.81,0.41,0.50,1.00,13.4,0,0,0,0.3,0.3,0.07,+1.7,+1.7,Matches
229,Louis Leroux,fr FRA,FW,Nantes,18-251,2006,0.1,0,0,0,,0.00,0.00,,,,0,0,0,0.0,0.0,,0.0,0.0,Matches
230,Pol Lirola,es ESP,"DF,FW",Marseille,27-048,1997,1.5,1,2,1,50.0,1.35,0.68,0.50,1.00,16.3,0,0,0,0.4,0.4,0.18,+0.6,+0.6,Matches
231,Gautier Lloris,fr FRA,DF,Le Havre,29-074,1995,6.0,1,1,1,100.0,0.17,0.17,1.00,1.00,11.9,0,0,0,0.0,0.0,0.04,+1.0,+1.0,Matches
232,Jordan Lotomba,ch SUI,"MF,DF",Nice,26-001,1998,0.4,0,0,0,,0.00,0.00,,,,0,0,0,0.0,0.0,,0.0,0.0,Matches
233,Tom Louchet,fr FRA,MF,Nice,21-149,2003,0.4,0,1,0,0.0,2.73,0.00,0.00,,13.4,0,0,0,0.0,0.0,0.01,0.0,0.0,Matches
234,Othmane Maamma,fr FRA,FW,Montpellier,18-360,2005,0.1,0,0,0,,0.00,0.00,,,,0,0,0,0.0,0.0,,0.0,0.0,Matches
235,Deiver Machado,co COL,DF,Lens,31-028,1993,2.6,0,2,1,50.0,0.78,0.39,0.00,0.00,24.6,0,0,0,0.0,0.0,0.02,0.0,0.0,Matches
236,Yvann Macon,fr FRA,DF,Saint-Étienne,25-365,1998,1.6,0,1,0,0.0,0.61,0.00,0.00,,23.9,0,0,0,0.0,0.0,0.02,0.0,0.0,Matches
237,Eros Maddy,nl NED,DF,Auxerre,23-238,2001,0.1,0,0,0,,0.00,0.00,,,,0,0,0,0.0,0.0,,0.0,0.0,Matches
238,Soungoutou Magassa,fr FRA,MF,Monaco,20-358,2003,1.8,0,2,1,50.0,1.10,0.55,0.00,0.00,24.7,0,0,0,0.1,0.1,0.03,-0.1,-0.1,Matches
239,Hugo Magnetti,fr FRA,MF,Brest,26-123,1998,4.3,0,1,0,0.0,0.23,0.00,0.00,,29.7,0,0,0,0.0,0.0,0.02,0.0,0.0,Matches
240,Frank Magri,cm CMR,FW,Toulouse,25-026,1999,2.8,0,5,1,20.0,1.79,0.36,0.00,0.00,12.2,0,0,0,0.3,0.3,0.07,-0.3,-0.3,Matches
241,Ainsley Maitland-Niles,eng ENG,"DF,MF",Lyon,27-032,1997,4.1,1,5,2,40.0,1.22,0.49,0.20,0.50,19.8,0,0,0,0.5,0.5,0.09,+0.5,+0.5,Matches
242,Hianga Mananga Mbock,fr FRA,MF,Brest,24-277,1999,0.2,0,1,1,100.0,4.29,4.29,0.00,0.00,36.4,0,0,0,0.0,0.0,0.02,0.0,0.0,Matches
243,Steve Mandanda,fr FRA,GK,Rennes,39-186,1985,6.0,0,0,0,,0.00,0.00,,,,0,0,0,0.0,0.0,,0.0,0.0,Matches
244,Aïssa Mandi,dz ALG,DF,Lille,32-344,1991,3.5,0,1,1,100.0,0.28,0.28,0.00,0.00,8.0,0,0,0,0.0,0.0,0.01,0.0,0.0,Matches
245,Orel Mangala,be BEL,MF,Lyon,26-196,1998,0.7,0,1,0,0.0,1.34,0.00,0.00,,21.5,0,0,0,0.1,0.1,0.05,-0.1,-0.1,Matches
246,Sekou Mara,fr FRA,FW,Strasbourg,22-062,2002,0.8,0,2,0,0.0,2.40,0.00,0.00,,10.8,0,0,0,0.1,0.1,0.05,-0.1,-0.1,Matches
247,Marquinhos,br BRA,DF,Paris S-G,30-139,1994,4.0,0,1,0,0.0,0.25,0.00,0.00,,7.7,0,0,0,0.1,0.1,0.12,-0.1,-0.1,Matches
248,Jonas Martin,fr FRA,"MF,FW",Brest,34-174,1990,2.8,0,1,0,0.0,0.36,0.00,0.00,,4.7,0,0,0,0.1,0.1,0.12,-0.1,-0.1,Matches
249,Clinton Mata,ao ANG,DF,Lyon,31-328,1992,6.0,0,3,0,0.0,0.50,0.00,0.00,,20.3,0,0,0,0.1,0.1,0.03,-0.1,-0.1,Matches
250,Eliot Matazo,be BEL,MF,Monaco,22-228,2002,0.0,0,0,0,,0.00,0.00,,,,0,0,0,0.0,0.0,,0.0,0.0,Matches
Rk,Player,Nation,Pos,Squad,Age,Born,90s,Gls,Sh,SoT,SoT%,Sh/90,SoT/90,G/Sh,G/SoT,Dist,FK,PK,PKatt,xG,npxG,npxG/Sh,G-xG,np:G-xG,Matches
251,Nemanja Matić,rs SRB,MF,Lyon,36-060,1988,4.0,0,0,0,,0.00,0.00,,,,0,0,0,0.0,0.0,,0.0,0.0,Matches
252,Azor Matusiwa,nl NED,MF,Rennes,26-155,1998,5.8,0,4,0,0.0,0.69,0.00,0.00,,23.8,0,0,0,0.2,0.2,0.05,-0.2,-0.2,Matches
253,Neal Maupay,fr FRA,FW,Marseille,28-047,1996,1.4,1,3,2,66.7,2.14,1.43,0.33,0.50,10.1,0,0,0,0.3,0.3,0.11,+0.7,+0.7,Matches
254,Christian Mawissa,fr FRA,DF,Monaco,19-165,2005,0.9,0,0,0,,0.00,0.00,,,,0,0,0,0.0,0.0,,0.0,0.0,Matches
255,Senny Mayulu,fr FRA,"MF,DF",Paris S-G,18-136,2006,0.5,0,2,0,0.0,3.75,0.00,0.00,,18.8,0,0,0,0.1,0.1,0.06,-0.1,-0.1,Matches
256,Ethan Mbappé,fr FRA,"MF,FW",Lille,17-276,2006,0.9,0,4,2,50.0,4.68,2.34,0.00,0.00,16.7,0,0,0,0.7,0.7,0.18,-0.7,-0.7,Matches
257,Ibrahim Mbaye,fr FRA,"FW,MF",Paris S-G,16-250,2008,0.9,0,2,2,100.0,2.31,2.31,0.00,0.00,12.1,0,0,0,0.3,0.3,0.13,-0.3,-0.3,Matches
258,Mark McKenzie,us USA,DF,Toulouse,25-218,1999,3.7,0,0,0,,0.00,0.00,,,,0,0,0,0.0,0.0,,0.0,0.0,Matches
259,Facundo Medina,ar ARG,"DF,MF",Lens,25-125,1999,6.0,0,6,2,33.3,1.00,0.33,0.00,0.00,20.8,0,0,0,0.3,0.3,0.04,-0.3,-0.3,Matches
260,Henrik Meister,dk DEN,FW,Rennes,20-318,2003,0.7,1,2,1,50.0,2.86,1.43,0.50,1.00,17.4,0,0,0,0.1,0.1,0.03,+0.9,+0.9,Matches
261,Bamo Meïté,ci CIV,"DF,MF",Marseille,22-302,2001,0.3,0,0,0,,0.00,0.00,,,,0,0,0,0.0,0.0,,0.0,0.0,Matches
262,Farid El Melali,dz ALG,FW,Angers,27-148,1997,3.4,0,8,4,50.0,2.37,1.18,0.00,0.00,22.9,0,0,0,0.5,0.5,0.06,-0.5,-0.5,Matches
263,Nuno Mendes,pt POR,DF,Paris S-G,22-103,2002,1.8,0,1,1,100.0,0.56,0.56,0.00,0.00,6.0,0,0,0,0.1,0.1,0.11,-0.1,-0.1,Matches
264,Antoine Mendy,fr FRA,"DF,MF",Nice,20-126,2004,2.8,0,2,0,0.0,0.72,0.00,0.00,,10.0,0,0,0,0.4,0.4,0.20,-0.4,-0.4,Matches
265,Nampalys Mendy,sn SEN,MF,Lens,32-099,1992,0.8,0,0,0,,0.00,0.00,,,,0,0,0,0.0,0.0,,0.0,0.0,Matches
266,Gideon Mensah,gh GHA,DF,Auxerre,26-074,1998,0.3,0,0,0,,0.00,0.00,,,,0,0,0,0.0,0.0,,0.0,0.0,Matches
267,Quentin Merlin,fr FRA,"DF,MF",Marseille,22-137,2002,3.0,0,3,2,66.7,1.00,0.67,0.00,0.00,17.7,0,0,0,0.1,0.1,0.03,-0.1,-0.1,Matches
268,Thomas Meunier,be BEL,DF,Lille,33-018,1991,3.2,1,7,3,42.9,2.20,0.94,0.14,0.33,18.3,0,0,0,0.5,0.5,0.07,+0.5,+0.5,Matches
269,Georges Mikautadze,ge GEO,FW,Lyon,23-335,2000,3.8,0,14,4,28.6,3.72,1.06,0.00,0.00,14.7,0,0,1,2.5,1.6,0.11,-2.5,-1.6,Matches
270,Takumi Minamino,jp JPN,MF,Monaco,29-258,1995,3.9,1,7,4,57.1,1.79,1.02,0.14,0.25,18.2,0,0,0,1.1,1.1,0.16,-0.1,-0.1,Matches
271,Lucas Mincarelli,fr FRA,DF,Montpellier,20-269,2004,1.5,0,0,0,,0.00,0.00,,,,0,0,0,0.0,0.0,,0.0,0.0,Matches
272,Mostafa Mohamed,eg EGY,FW,Nantes,26-307,1997,1.0,1,3,1,33.3,3.07,1.02,0.33,1.00,10.2,0,0,0,0.5,0.5,0.16,+0.5,+0.5,Matches
273,Florent Mollet,fr FRA,MF,Nantes,32-316,1991,0.0,0,1,1,100.0,30.00,30.00,0.00,0.00,12.4,0,0,0,0.1,0.1,0.09,-0.1,-0.1,Matches
274,Diego Moreira,pt POR,"DF,FW",Strasbourg,20-055,2004,4.2,1,5,3,60.0,1.20,0.72,0.20,0.33,14.6,0,0,0,0.3,0.3,0.07,+0.7,+0.7,Matches
275,Aimen Moueffek,fr FRA,MF,Saint-Étienne,23-174,2001,2.6,0,1,0,0.0,0.39,0.00,0.00,,31.6,0,0,0,0.0,0.0,0.01,0.0,0.0,Matches
Rk,Player,Nation,Pos,Squad,Age,Born,90s,Gls,Sh,SoT,SoT%,Sh/90,SoT/90,G/Sh,G/SoT,Dist,FK,PK,PKatt,xG,npxG,npxG/Sh,G-xG,np:G-xG,Matches
276,Youssoufa Moukoko,de GER,"FW,MF",Nice,19-315,2004,1.1,2,5,2,40.0,4.64,1.86,0.40,1.00,9.0,0,0,0,2.2,2.2,0.44,-0.2,-0.2,Matches
277,Louis Mouton,fr FRA,MF,Saint-Étienne,22-119,2002,0.4,0,1,1,100.0,2.31,2.31,0.00,0.00,29.6,0,0,0,0.0,0.0,0.02,0.0,0.0,Matches
278,Ngal'Ayel Mukau,,MF,Lille,19-305,2004,1.4,0,1,0,0.0,0.69,0.00,0.00,,26.3,0,0,0,0.0,0.0,0.01,0.0,0.0,Matches
279,Marshall Munetsi,zw ZIM,MF,Reims,28-100,1996,6.0,2,11,4,36.4,1.83,0.67,0.18,0.50,13.0,0,0,0,1.9,1.9,0.17,+0.1,+0.1,Matches
280,Junior Mwanga,fr FRA,MF,Strasbourg,21-142,2003,1.7,0,0,0,,0.00,0.00,,,,0,0,0,0.0,0.0,,0.0,0.0,Matches
281,Mickael Nade,fr FRA,DF,Saint-Étienne,25-210,1999,1.6,0,0,0,,0.00,0.00,,,,0,0,0,0.0,0.0,,0.0,0.0,Matches
282,Mahamadou Nagida,cm CMR,"DF,MF",Rennes,19-094,2005,0.2,0,2,1,50.0,8.18,4.09,0.00,0.00,20.6,0,0,0,0.0,0.0,0.02,0.0,0.0,Matches
283,Keito Nakamura,jp JPN,FW,Reims,24-064,2000,4.5,3,14,5,35.7,3.14,1.12,0.21,0.60,17.1,0,0,0,1.2,1.2,0.09,+1.8,+1.8,Matches
284,Sebastian Nanasi,se SWE,"MF,FW",Strasbourg,22-137,2002,3.6,3,6,5,83.3,1.65,1.37,0.50,0.60,11.4,0,0,0,2.8,2.8,0.47,+0.2,+0.2,Matches
285,Youssouf Ndayishimiye,bi BDI,DF,Nice,25-339,1998,4.0,1,3,1,33.3,0.75,0.25,0.33,1.00,10.5,0,0,0,0.2,0.2,0.06,+0.8,+0.8,Matches
286,Rassoul Ndiaye,sn SEN,MF,Le Havre,22-294,2001,2.7,1,6,2,33.3,2.26,0.75,0.17,0.50,15.1,0,0,0,0.9,0.9,0.15,+0.1,+0.1,Matches
287,Tanguy Ndombele,fr FRA,MF,Nice,27-277,1996,4.7,1,3,1,33.3,0.63,0.21,0.33,1.00,16.7,0,0,0,0.4,0.4,0.13,+0.6,+0.6,Matches
288,Loïc Nego,hu HUN,DF,Le Havre,33-259,1991,4.8,0,3,0,0.0,0.62,0.00,0.00,,13.4,0,0,0,0.2,0.2,0.07,-0.2,-0.2,Matches
289,João Neves,pt POR,MF,Paris S-G,20-003,2004,4.8,0,8,1,12.5,1.66,0.21,0.00,0.00,14.9,0,0,0,0.5,0.5,0.06,-0.5,-0.5,Matches
290,Mikayil Ngor Faye,sn SEN,DF,Rennes,20-078,2004,0.3,0,0,0,,0.00,0.00,,,,0,0,0,0.0,0.0,,0.0,0.0,Matches
291,Steve Ngoura,fr FRA,FW,Le Havre,19-221,2005,0.7,0,3,1,33.3,4.50,1.50,0.00,0.00,16.5,0,0,0,0.3,0.3,0.10,-0.3,-0.3,Matches
292,Moussa Niakhate,sn SEN,DF,Lyon,28-206,1996,4.0,0,1,1,100.0,0.25,0.25,0.00,0.00,6.9,0,0,0,0.0,0.0,0.03,0.0,0.0,Matches
293,Abdoulaye Niakhate Ndiaye,sn SEN,DF,Brest,22-173,2002,1.0,0,0,0,,0.00,0.00,,,,0,0,0,0.0,0.0,,0.0,0.0,Matches
294,Ibrahima Niane,sn SEN,"FW,MF",Angers,25-203,1999,0.4,0,6,2,33.3,14.59,4.86,0.00,0.00,12.8,0,0,0,0.6,0.6,0.09,-0.6,-0.6,Matches
295,Rasmus Nicolaisen,dk DEN,DF,Toulouse,27-198,1997,6.0,0,5,0,0.0,0.83,0.00,0.00,,8.7,0,0,0,0.4,0.4,0.09,-0.4,-0.4,Matches
296,Arnaud Nordin,fr FRA,FW,Montpellier,26-105,1998,4.5,0,6,2,33.3,1.33,0.44,0.00,0.00,16.7,0,0,0,0.4,0.4,0.07,-0.4,-0.4,Matches
297,Ernest Nuamah,gh GHA,"FW,DF",Lyon,20-334,2003,1.2,0,2,0,0.0,1.68,0.00,0.00,,19.0,0,0,0,0.1,0.1,0.04,-0.1,-0.1,Matches
298,Rabby Nzingoula,cg CGO,MF,Montpellier,18-310,2005,3.3,1,4,2,50.0,1.23,0.61,0.25,0.50,21.9,0,0,0,0.5,0.5,0.13,+0.5,+0.5,Matches
299,M'Bala Nzola,ao ANG,FW,Lens,28-043,1996,1.2,1,5,2,40.0,4.02,1.61,0.20,0.50,9.4,0,0,0,1.0,1.0,0.21,0.0,0.0,Matches
300,Marwann Nzuzi,fr FRA,DF,Saint-Étienne,20-137,2004,1.4,0,2,1,50.0,1.44,0.72,0.00,0.00,24.9,0,0,0,0.0,0.0,0.02,0.0,0.0,Matches
Rk,Player,Nation,Pos,Squad,Age,Born,90s,Gls,Sh,SoT,SoT%,Sh/90,SoT/90,G/Sh,G/SoT,Dist,FK,PK,PKatt,xG,npxG,npxG/Sh,G-xG,np:G-xG,Matches
301,Hamzat Ojediran,ng NGA,MF,Lens,20-321,2003,1.2,0,2,1,50.0,1.71,0.86,0.00,0.00,17.0,0,0,0,0.1,0.1,0.06,-0.1,-0.1,Matches
302,Joseph Okumu,ke KEN,DF,Reims,27-127,1997,3.0,0,0,0,,0.00,0.00,,,,0,0,0,0.0,0.0,,0.0,0.0,Matches
303,Ben Old,nz NZL,"MF,FW",Saint-Étienne,22-048,2002,3.4,0,5,1,20.0,1.47,0.29,0.00,0.00,20.8,0,0,0,0.3,0.3,0.05,-0.3,-0.3,Matches
304,Becir Omeragic,ch SUI,DF,Montpellier,22-254,2002,4.8,0,0,0,,0.00,0.00,,,,0,0,0,0.0,0.0,,0.0,0.0,Matches
305,Ado Onaiwu,jp JPN,"FW,MF",Auxerre,28-327,1995,3.0,1,10,5,50.0,3.36,1.68,0.10,0.20,13.3,0,0,0,1.8,1.8,0.19,-0.8,-0.8,Matches
306,Christopher Operi,ci CIV,DF,Le Havre,27-154,1997,5.0,0,2,1,50.0,0.40,0.20,0.00,0.00,25.6,1,0,0,0.1,0.1,0.03,-0.1,-0.1,Matches
307,Victor Orakpo,ng NGA,FW,Nice,18-108,2006,0.3,0,2,0,0.0,6.21,0.00,0.00,,10.4,0,0,0,0.3,0.3,0.16,-0.3,-0.3,Matches
308,Gift Orban,ng NGA,"FW,DF",Lyon,22-075,2002,2.1,2,4,3,75.0,1.94,1.45,0.50,0.67,8.7,0,0,0,1.2,1.2,0.30,+0.8,+0.8,Matches
309,Gabriel Osho,ng NGA,DF,Auxerre,26-047,1998,5.7,0,1,0,0.0,0.17,0.00,0.00,,5.2,0,0,0,0.4,0.4,0.41,-0.4,-0.4,Matches
310,Jibril Othman,tn TUN,FW,Saint-Étienne,20-157,2004,0.1,0,0,0,,0.00,0.00,,,,0,0,0,0.0,0.0,,0.0,0.0,Matches
311,Kassoum Ouattara,fr FRA,"DF,FW",Monaco,19-352,2004,1.0,0,2,1,50.0,1.96,0.98,0.00,0.00,21.2,0,0,0,0.2,0.2,0.08,-0.2,-0.2,Matches
312,Zinédine Ould Khaled,fr FRA,MF,Angers,24-260,2000,0.6,0,0,0,,0.00,0.00,,,,0,0,0,0.0,0.0,,0.0,0.0,Matches
313,Beres Owusu,fr FRA,DF,Saint-Étienne,21-011,2003,1.0,0,0,0,,0.00,0.00,,,,0,0,0,0.0,0.0,,0.0,0.0,Matches
314,Elisha Owusu,gh GHA,MF,Auxerre,26-328,1997,5.7,1,2,1,50.0,0.35,0.17,0.50,1.00,22.0,0,0,0,0.2,0.2,0.12,+0.8,+0.8,Matches
315,Willian Pacho,ec ECU,DF,Paris S-G,22-350,2001,5.3,0,1,0,0.0,0.19,0.00,0.00,,9.9,0,0,0,0.1,0.1,0.06,-0.1,-0.1,Matches
316,Nicolas Pallois,fr FRA,DF,Nantes,37-011,1987,3.0,0,0,0,,0.00,0.00,,,,0,0,0,0.0,0.0,,0.0,0.0,Matches
317,Kévin Pedro,fr FRA,DF,Saint-Étienne,18-222,2006,0.1,0,0,0,,0.00,0.00,,,,0,0,0,0.0,0.0,,0.0,0.0,Matches
318,Théo Pellenard,fr FRA,DF,Auxerre,30-210,1994,0.5,0,0,0,,0.00,0.00,,,,0,0,0,0.0,0.0,,0.0,0.0,Matches
319,Faris Pemi Moumbagna,cm CMR,FW,Marseille,24-091,2000,0.1,0,0,0,,0.00,0.00,,,,0,0,0,0.0,0.0,,0.0,0.0,Matches
320,Mathias Pereira Lage,pt POR,"MF,FW",Brest,27-305,1996,2.5,0,3,1,33.3,1.22,0.41,0.00,0.00,20.3,0,0,0,0.1,0.1,0.05,-0.1,-0.1,Matches
321,Lucas Perri,br BRA,GK,Lyon,26-295,1997,6.0,0,0,0,,0.00,0.00,,,,0,0,0,0.0,0.0,,0.0,0.0,Matches
322,Gaëtan Perrin,fr FRA,"MF,FW",Auxerre,28-115,1996,3.7,1,8,2,25.0,2.16,0.54,0.13,0.50,24.7,1,0,0,0.3,0.3,0.04,+0.7,+0.7,Matches
323,Léo Pétrot,fr FRA,DF,Saint-Étienne,27-168,1997,1.7,0,0,0,,0.00,0.00,,,,0,0,0,0.0,0.0,,0.0,0.0,Matches
324,Đorđe Petrović,rs SRB,GK,Strasbourg,24-358,1999,3.0,0,0,0,,0.00,0.00,,,,0,0,0,0.0,0.0,,0.0,0.0,Matches
325,Adrien Rabiot,fr FRA,MF,Marseille,29-180,1995,0.3,0,0,0,,0.00,0.00,,,,0,0,0,0.0,0.0,,0.0,0.0,Matches
Rk,Player,Nation,Pos,Squad,Age,Born,90s,Gls,Sh,SoT,SoT%,Sh/90,SoT/90,G/Sh,G/SoT,Dist,FK,PK,PKatt,xG,npxG,npxG/Sh,G-xG,np:G-xG,Matches
326,Gonçalo Ramos,pt POR,FW,Paris S-G,23-102,2001,0.2,0,0,0,,0.00,0.00,,,,0,0,0,0.0,0.0,,0.0,0.0,Matches
327,Lilian Raolisoa,fr FRA,DF,Angers,24-106,2000,0.9,0,1,0,0.0,1.15,0.00,0.00,,26.5,0,0,0,0.0,0.0,0.05,0.0,0.0,Matches
328,Rayan Raveloson,mg MAD,"MF,DF",Auxerre,27-258,1997,4.3,1,10,4,40.0,2.33,0.93,0.10,0.25,21.8,1,0,0,0.6,0.6,0.06,+0.4,+0.4,Matches
329,Guillaume Restes,fr FRA,GK,Toulouse,19-203,2005,6.0,0,0,0,,0.00,0.00,,,,0,0,0,0.0,0.0,,0.0,0.0,Matches
330,Alexsandro Ribeiro,br BRA,DF,Lille,25-052,1999,5.0,0,3,1,33.3,0.60,0.20,0.00,0.00,13.8,0,0,0,0.2,0.2,0.08,-0.2,-0.2,Matches
331,Valentin Rongier,fr FRA,"DF,MF",Marseille,29-298,1994,1.8,0,1,1,100.0,0.56,0.56,0.00,0.00,15.2,0,0,0,0.3,0.3,0.27,-0.3,-0.3,Matches
332,Pablo Rosario,nl NED,"MF,DF",Nice,27-267,1997,4.9,1,3,2,66.7,0.61,0.41,0.00,0.00,13.9,0,1,1,1.6,0.8,0.26,-0.6,-0.8,Matches
333,Jon Rowe,eng ENG,FW,Marseille,21-153,2003,1.2,1,7,2,28.6,5.78,1.65,0.14,0.50,18.2,0,0,0,0.7,0.7,0.10,+0.3,+0.3,Matches
334,Fabián Ruiz Peña,es ESP,MF,Paris S-G,28-180,1996,2.5,1,7,2,28.6,2.76,0.79,0.14,0.50,18.3,0,0,0,0.5,0.5,0.08,+0.5,+0.5,Matches
335,Gerónimo Rulli,ar ARG,GK,Marseille,32-133,1992,6.0,0,0,0,,0.00,0.00,,,,0,0,0,0.0,0.0,,0.0,0.0,Matches
336,Emmanuel Sabbi,us USA,"MF,FW",Le Havre,26-281,1997,1.4,0,3,1,33.3,2.11,0.70,0.00,0.00,20.4,0,0,0,0.3,0.3,0.10,-0.3,-0.3,Matches
337,Falaye Sacko,ml MLI,DF,Montpellier,29-152,1995,5.5,0,0,0,,0.00,0.00,,,,0,0,0,0.0,0.0,,0.0,0.0,Matches
338,Matvei Safonov,ru RUS,GK,Paris S-G,25-218,1999,2.0,0,0,0,,0.00,0.00,,,,0,0,0,0.0,0.0,,0.0,0.0,Matches
339,Modibo Sagnan,ml MLI,DF,Montpellier,25-169,1999,6.0,1,7,2,28.6,1.17,0.33,0.14,0.50,11.6,0,0,0,0.5,0.5,0.07,+0.5,+0.5,Matches
340,Osame Sahraoui,no NOR,"MF,FW",Lille,23-111,2001,3.9,0,7,2,28.6,1.77,0.51,0.00,0.00,17.8,0,0,0,0.4,0.4,0.05,-0.4,-0.4,Matches
341,Wesley Saïd,fr FRA,"FW,MF",Lens,29-164,1995,3.1,1,7,3,42.9,2.27,0.97,0.14,0.33,12.2,0,0,0,1.9,1.9,0.27,-0.9,-0.9,Matches
342,Ibrahim Salah,ma MAR,FW,Brest,23-031,2001,1.0,0,3,1,33.3,2.87,0.96,0.00,0.00,20.5,0,0,0,0.1,0.1,0.05,-0.1,-0.1,Matches
343,Amine Salama,fr FRA,"FW,MF",Reims,24-074,2000,0.9,0,1,1,100.0,1.06,1.06,0.00,0.00,13.2,0,0,0,0.0,0.0,0.02,0.0,0.0,Matches
344,Mohammed Salisu,gh GHA,DF,Monaco,25-166,1999,4.0,0,4,1,25.0,1.00,0.25,0.00,0.00,9.3,0,0,0,0.3,0.3,0.07,-0.3,-0.3,Matches
345,Yoann Salmier,gf GUF,DF,Le Havre,31-314,1992,2.9,0,0,0,,0.00,0.00,,,,0,0,0,0.0,0.0,,0.0,0.0,Matches
346,Mama Samba Baldé,gw GNB,FW,Lyon,28-329,1995,0.4,0,1,0,0.0,2.73,0.00,0.00,,8.7,0,0,0,0.1,0.1,0.11,-0.1,-0.1,Matches
347,Mama Samba Baldé,gw GNB,FW,Brest,28-329,1995,1.3,1,4,1,25.0,3.05,0.76,0.25,1.00,14.2,0,0,0,0.4,0.4,0.09,+0.6,+0.6,Matches
348,Brice Samba,fr FRA,GK,Lens,30-158,1994,6.0,0,0,0,,0.00,0.00,,,,0,0,0,0.0,0.0,,0.0,0.0,Matches
349,Arouna Sangante,sn SEN,DF,Le Havre,22-171,2002,4.8,1,3,2,66.7,0.63,0.42,0.33,0.50,10.3,0,0,0,0.2,0.2,0.07,+0.8,+0.8,Matches
350,Nhoa Sangui,fr FRA,DF,Reims,18-216,2006,3.8,0,2,0,0.0,0.52,0.00,0.00,,24.4,0,0,0,0.1,0.1,0.05,-0.1,-0.1,Matches
Rk,Player,Nation,Pos,Squad,Age,Born,90s,Gls,Sh,SoT,SoT%,Sh/90,SoT/90,G/Sh,G/SoT,Dist,FK,PK,PKatt,xG,npxG,npxG/Sh,G-xG,np:G-xG,Matches
351,Baptiste Santamaria,fr FRA,MF,Rennes,29-205,1995,3.0,0,3,1,33.3,0.99,0.33,0.00,0.00,23.0,0,0,0,0.1,0.1,0.03,-0.1,-0.1,Matches
352,Andrey Santos,br BRA,MF,Strasbourg,20-150,2004,4.8,3,8,4,50.0,1.67,0.83,0.38,0.75,10.4,0,0,0,1.9,1.9,0.24,+1.1,+1.1,Matches
353,Tiago Santos,pt POR,DF,Lille,22-069,2002,4.0,0,8,4,50.0,2.01,1.00,0.00,0.00,20.9,0,0,0,0.4,0.4,0.05,-0.4,-0.4,Matches
354,Mamadou Sarr,fr FRA,DF,Strasbourg,19-032,2005,1.8,0,0,0,,0.00,0.00,,,,0,0,0,0.0,0.0,,0.0,0.0,Matches
355,Martin Satriano,uy URU,"FW,DF",Lens,23-223,2001,0.5,0,3,0,0.0,6.59,0.00,0.00,,8.6,0,0,0,0.3,0.3,0.11,-0.3,-0.3,Matches
356,Téji Savanier,fr FRA,MF,Montpellier,32-283,1991,5.9,1,9,3,33.3,1.53,0.51,0.00,0.00,28.7,3,1,1,1.1,0.3,0.03,-0.1,-0.3,Matches
357,Niklas Schmidt,de GER,MF,Toulouse,26-213,1998,1.6,0,2,1,50.0,1.24,0.62,0.00,0.00,28.6,0,0,0,0.1,0.1,0.03,-0.1,-0.1,Matches
358,Jérémy Sebas,mq MTQ,"FW,MF",Strasbourg,21-169,2003,0.2,0,1,1,100.0,5.29,5.29,0.00,0.00,16.8,0,0,0,0.0,0.0,0.04,0.0,0.0,Matches
359,Alidu Seidu,gh GHA,DF,Rennes,24-118,2000,4.9,0,2,0,0.0,0.41,0.00,0.00,,19.9,0,0,0,0.1,0.1,0.05,-0.1,-0.1,Matches
360,Marvin Senaya,tg TOG,DF,Strasbourg,23-246,2001,1.2,0,1,0,0.0,0.87,0.00,0.00,,22.5,0,0,0,0.0,0.0,0.01,0.0,0.0,Matches
361,Djibril Sidibé,fr FRA,DF,Toulouse,32-063,1992,3.3,0,2,0,0.0,0.61,0.00,0.00,,7.7,0,0,0,0.2,0.2,0.09,-0.2,-0.2,Matches
362,Vincent Sierro,ch SUI,MF,Toulouse,28-358,1995,5.2,0,2,0,0.0,0.39,0.00,0.00,,23.7,0,0,0,0.1,0.1,0.03,-0.1,-0.1,Matches
363,Caio Henrique Oliveira Silva,br BRA,DF,Monaco,27-061,1997,3.1,0,0,0,,0.00,0.00,,,,0,0,0,0.0,0.0,,0.0,0.0,Matches
364,Abdallah Sima,sn SEN,"FW,MF",Brest,23-105,2001,2.6,0,6,3,50.0,2.31,1.15,0.00,0.00,16.0,0,0,0,0.3,0.3,0.05,-0.3,-0.3,Matches
365,Moses Simon,ng NGA,FW,Nantes,29-080,1995,5.6,2,13,4,30.8,2.32,0.71,0.08,0.25,20.9,1,1,1,1.6,0.8,0.06,+0.4,+0.2,Matches
366,Lassine Sinayoko,ml MLI,"FW,MF",Auxerre,24-297,1999,5.7,0,13,2,15.4,2.29,0.35,0.00,0.00,18.3,0,0,0,1.0,1.0,0.08,-1.0,-1.0,Matches
367,Wilfried Singo,ci CIV,DF,Monaco,23-280,2000,3.1,0,2,0,0.0,0.65,0.00,0.00,,12.6,0,0,0,0.1,0.1,0.06,-0.1,-0.1,Matches
368,Ibrahim Sissoko,ml MLI,FW,Saint-Étienne,28-308,1995,4.3,2,9,2,22.2,2.11,0.47,0.11,0.50,15.3,0,1,1,1.3,0.5,0.06,+0.7,+0.5,Matches
369,Leo Skiri Østigård,no NOR,DF,Rennes,24-307,1999,3.7,1,2,1,50.0,0.54,0.27,0.50,1.00,5.9,0,0,0,0.3,0.3,0.15,+0.7,+0.7,Matches
370,Milan Škriniar,sk SVK,DF,Paris S-G,29-232,1995,1.2,0,0,0,,0.00,0.00,,,,0,0,0,0.0,0.0,,0.0,0.0,Matches
371,Naatan Skyttä,fi FIN,FW,Toulouse,22-146,2002,0.1,0,0,0,,0.00,0.00,,,,0,0,0,0.0,0.0,,0.0,0.0,Matches
372,Florian Sotoca,fr FRA,FW,Lens,33-341,1990,4.4,0,14,7,50.0,3.17,1.59,0.00,0.00,15.2,0,0,0,1.8,1.8,0.13,-1.8,-1.8,Matches
373,Issa Soumaré,sn SEN,"FW,MF",Le Havre,23-356,2000,2.8,0,5,2,40.0,1.78,0.71,0.00,0.00,17.8,0,0,0,0.7,0.7,0.14,-0.7,-0.7,Matches
374,Saidou Sow,gn GUI,DF,Strasbourg,22-088,2002,5.8,0,3,1,33.3,0.52,0.17,0.00,0.00,11.3,0,0,0,0.3,0.3,0.09,-0.3,-0.3,Matches
375,Lucas Stassin,be BEL,FW,Saint-Étienne,19-307,2004,1.5,0,2,1,50.0,1.30,0.65,0.00,0.00,15.8,0,0,0,0.7,0.7,0.33,-0.7,-0.7,Matches
Rk,Player,Nation,Pos,Squad,Age,Born,90s,Gls,Sh,SoT,SoT%,Sh/90,SoT/90,G/Sh,G/SoT,Dist,FK,PK,PKatt,xG,npxG,npxG/Sh,G-xG,np:G-xG,Matches
376,Enzo Sternal,fr FRA,FW,Marseille,17-125,2007,0.1,0,0,0,,0.00,0.00,,,,0,0,0,0.0,0.0,,0.0,0.0,Matches
377,Gabriel Suazo,cl CHI,"DF,MF",Toulouse,27-052,1997,3.0,0,0,0,,0.00,0.00,,,,0,0,0,0.0,0.0,,0.0,0.0,Matches
378,Abakar Sylla,ci CIV,DF,Strasbourg,21-280,2002,3.9,0,3,0,0.0,0.78,0.00,0.00,,9.7,0,0,0,0.2,0.2,0.07,-0.2,-0.2,Matches
379,Issiaga Sylla,gn GUI,"FW,DF",Montpellier,30-273,1994,0.1,0,0,0,,0.00,0.00,,,,0,0,0,0.0,0.0,,0.0,0.0,Matches
380,Musa Al-Taamari,jo JOR,FW,Montpellier,27-112,1997,1.9,0,3,1,33.3,1.54,0.51,0.00,0.00,18.1,0,0,0,0.2,0.2,0.05,-0.2,-0.2,Matches
381,Nicolás Tagliafico,ar ARG,DF,Lyon,32-030,1992,1.0,0,2,1,50.0,2.00,1.00,0.00,0.00,22.5,0,0,0,0.0,0.0,0.02,0.0,0.0,Matches
382,Florian Tardieu,fr FRA,MF,Saint-Étienne,32-161,1992,1.8,0,1,0,0.0,0.56,0.00,0.00,,22.2,0,0,0,0.0,0.0,0.02,0.0,0.0,Matches
383,Oussama Targhalline,ma MAR,MF,Le Havre,22-133,2002,2.9,0,2,0,0.0,0.69,0.00,0.00,,28.5,0,0,0,0.1,0.1,0.04,-0.1,-0.1,Matches
384,Enzo Tchato,cm CMR,DF,Montpellier,21-312,2002,4.9,0,0,0,,0.00,0.00,,,,0,0,0,0.0,0.0,,0.0,0.0,Matches
385,Tanner Tessmann,us USA,MF,Lyon,23-006,2001,0.8,0,0,0,,0.00,0.00,,,,0,0,0,0.0,0.0,,0.0,0.0,Matches
386,Teddy Teuma,mt MLT,MF,Reims,31-000,1993,1.2,0,1,1,100.0,0.82,0.82,0.00,0.00,12.2,0,0,0,0.2,0.2,0.18,-0.2,-0.2,Matches
387,Jordan Teze,nl NED,DF,Monaco,25-000,1999,1.8,1,2,1,50.0,1.08,0.54,0.50,1.00,6.3,0,0,0,1.0,1.0,0.51,0.0,0.0,Matches
388,Sorba Thomas,wls WAL,FW,Nantes,25-039,1999,4.1,1,6,1,16.7,1.47,0.25,0.17,1.00,16.8,0,0,0,1.2,1.2,0.21,-0.2,-0.2,Matches
389,Adrien Thomasson,fr FRA,MF,Lens,30-295,1993,5.2,0,3,2,66.7,0.57,0.38,0.00,0.00,13.5,0,0,0,0.1,0.1,0.05,-0.1,-0.1,Matches
390,Corentin Tolisso,fr FRA,MF,Lyon,30-058,1994,3.0,1,10,3,30.0,3.37,1.01,0.10,0.33,17.8,0,0,0,0.9,0.9,0.09,+0.1,+0.1,Matches
391,Abdoulaye Touré,gn GUI,MF,Le Havre,30-211,1994,5.3,2,7,2,28.6,1.32,0.38,0.00,0.00,24.9,0,2,2,2.3,0.7,0.10,-0.3,-0.7,Matches
392,Birama Touré,ml MLI,MF,Montpellier,32-116,1992,0.5,0,1,0,0.0,2.09,0.00,0.00,,29.2,0,0,0,0.0,0.0,0.03,0.0,0.0,Matches
393,Adrien Truffert,fr FRA,"DF,MF",Rennes,22-315,2001,4.5,0,5,1,20.0,1.11,0.22,0.00,0.00,23.1,0,0,0,0.1,0.1,0.03,-0.1,-0.1,Matches
394,Vanderson,br BRA,DF,Monaco,23-101,2001,4.0,1,4,3,75.0,0.99,0.75,0.25,0.33,17.3,0,0,0,0.3,0.3,0.09,+0.7,+0.7,Matches
395,Jordan Veretout,fr FRA,MF,Lyon,31-213,1993,1.6,0,0,0,,0.00,0.00,,,,0,0,0,0.0,0.0,,0.0,0.0,Matches
396,Ben Viadere,fr FRA,MF,Auxerre,19-028,2005,0.1,0,0,0,,0.00,0.00,,,,0,0,0,0.0,0.0,,0.0,0.0,Matches
397,Vitinha,pt POR,MF,Paris S-G,24-230,2000,3.8,1,1,0,0.0,0.27,0.00,0.00,,44.6,0,1,1,0.8,0.0,0.02,+0.2,0.0,Matches
398,Ibrahima Wadji,sn SEN,FW,Saint-Étienne,29-148,1995,0.5,0,3,0,0.0,6.00,0.00,0.00,,17.4,0,0,0,0.2,0.2,0.06,-0.2,-0.2,Matches
399,Elye Wahi,fr FRA,FW,Marseille,21-272,2003,3.5,1,5,2,40.0,1.42,0.57,0.00,0.00,14.1,0,1,1,2.4,1.7,0.33,-1.4,-1.7,Matches
400,Caleb Wiley,us USA,"DF,MF",Strasbourg,19-283,2004,2.4,0,1,0,0.0,0.42,0.00,0.00,,27.3,0,0,0,0.0,0.0,0.03,0.0,0.0,Matches
Rk,Player,Nation,Pos,Squad,Age,Born,90s,Gls,Sh,SoT,SoT%,Sh/90,SoT/90,G/Sh,G/SoT,Dist,FK,PK,PKatt,xG,npxG,npxG/Sh,G-xG,np:G-xG,Matches
401,Christopher Wooh,cm CMR,DF,Rennes,23-012,2001,6.0,0,1,1,100.0,0.17,0.17,0.00,0.00,11.2,0,0,0,0.0,0.0,0.02,0.0,0.0,Matches
402,Etienne Youte Kinkoue,fr FRA,DF,Le Havre,22-260,2002,3.0,0,0,0,,0.00,0.00,,,,0,0,0,0.0,0.0,,0.0,0.0,Matches
403,Yoram Zague,fr FRA,DF,Paris S-G,18-138,2006,0.8,0,0,0,,0.00,0.00,,,,0,0,0,0.0,0.0,,0.0,0.0,Matches
404,Wilfried Zaha,ci CIV,FW,Lyon,31-325,1992,0.6,0,0,0,,0.00,0.00,,,,0,0,0,0.0,0.0,,0.0,0.0,Matches
405,Warren Zaïre-Emery,fr FRA,"MF,DF",Paris S-G,18-206,2006,4.9,1,2,2,100.0,0.41,0.41,0.50,0.50,21.4,0,0,0,0.5,0.5,0.25,+0.5,+0.5,Matches
406,Miha Zajc,si SVN,MF,Toulouse,30-091,1994,0.4,0,0,0,,0.00,0.00,,,,0,0,0,0.0,0.0,,0.0,0.0,Matches
407,Denis Zakaria,ch SUI,MF,Monaco,27-315,1996,5.3,2,5,3,60.0,0.95,0.57,0.40,0.67,15.1,0,0,0,1.2,1.2,0.24,+0.8,+0.8,Matches
408,Anass Zaroury,ma MAR,"MF,FW",Lens,23-328,2000,2.2,0,3,1,33.3,1.34,0.45,0.00,0.00,16.3,0,0,0,0.2,0.2,0.08,-0.2,-0.2,Matches
409,Nathan Zeze,fr FRA,DF,Nantes,19-104,2005,4.0,0,0,0,,0.00,0.00,,,,0,0,0,0.0,0.0,,0.0,0.0,Matches
410,Edon Zhegrova,xk KVX,"MF,FW",Lille,25-183,1999,3.9,3,10,4,40.0,2.54,1.02,0.30,0.75,19.8,0,0,0,1.0,1.0,0.10,+2.0,+2.0,Matches
411,Luc Zogbé,ci CIV,DF,Brest,19-190,2005,1.3,0,0,0,,0.00,0.00,,,,0,0,0,0.0,0.0,,0.0,0.0,Matches
412,Aristide Zossou,ci CIV,MF,Auxerre,19-108,2005,0.1,0,0,0,,0.00,0.00,,,,0,0,0,0.0,0.0,,0.0,0.0,Matches
413,Yanis Zouaoui,dz ALG,DF,Le Havre,30-082,1994,0.8,0,0,0,,0.00,0.00,,,,0,0,0,0.0,0.0,,0.0,0.0,Matches
