Unnamed: 0_level_0,Unnamed: 1_level_0,Unnamed: 2_level_0,Unnamed: 3_level_0,Unnamed: 4_level_0,Unnamed: 5_level_0,Unnamed: 6_level_0,Unnamed: 7_level_0,Unnamed: 8_level_0,Pass Types,Pass Types,Pass Types,Pass Types,Pass Types,Pass Types,Pass Types,Pass Types,Corner Kicks,Corner Kicks,Corner Kicks,Outcomes,Outcomes,Outcomes,Unnamed: 23_level_0
Rk,Player,Nation,Pos,Squad,Age,Born,90s,Att,Live,Dead,FK,TB,Sw,Crs,TI,CK,In,Out,Str,Cmp,Off,Blocks,Matches
1,Tosin Adarabioyo,eng ENG,DF,Chelsea,27-006,1997,1.3,97,88,8,5,0,0,0,0,0,0,0,0,87,1,1,Matches
2,Simon Adingra,ci CIV,"FW,MF",Brighton,22-273,2002,1.5,67,66,0,0,0,0,9,0,0,0,0,0,42,1,2,Matches
3,Ola Aina,ng NGA,DF,Nott'ham Forest,27-358,1996,5.6,262,207,54,5,0,0,10,49,0,0,0,0,198,1,7,Matches
4,Rayan Aït-Nouri,dz ALG,"DF,MF",Wolves,23-116,2001,5.3,233,183,47,14,0,1,8,31,2,0,1,0,200,3,3,Matches
5,Kristoffer Ajer,no NOR,DF,Brentford,26-166,1998,5.1,220,195,25,2,0,2,4,23,0,0,0,0,170,0,9,Matches
6,Manuel Akanji,ch SUI,DF,Manchester City,29-073,1995,6.0,546,540,5,1,2,3,5,3,0,0,0,0,515,1,2,Matches
7,Nathan Aké,nl NED,DF,Manchester City,29-225,1995,0.0,7,4,3,1,0,0,0,2,0,0,0,0,6,0,1,Matches
8,Carlos Alcaraz,ar ARG,MF,Southampton,21-305,2002,0.1,13,11,2,0,0,0,1,1,1,0,0,0,13,0,0,Matches
9,Trent Alexander-Arnold,eng ENG,DF,Liverpool,25-359,1998,5.5,366,296,69,13,3,5,29,41,15,10,3,0,260,1,5,Matches
10,Alisson,br BRA,GK,Liverpool,31-364,1992,5.0,176,160,16,6,0,0,0,0,0,0,0,0,148,0,0,Matches
11,Miguel Almirón,py PAR,FW,Newcastle Utd,30-233,1994,0.0,4,4,0,0,0,0,0,0,0,0,0,0,4,0,0,Matches
12,Edson Álvarez,mx MEX,"MF,DF",West Ham,26-342,1997,2.5,127,123,3,2,1,3,0,1,0,0,0,0,113,1,0,Matches
13,Samuel Amo-Ameyaw,eng ENG,DF,Southampton,18-074,2006,0.1,5,4,1,0,0,0,1,0,1,0,0,0,5,0,0,Matches
14,Joachim Andersen,dk DEN,DF,Crystal Palace,28-122,1996,1.0,83,81,2,1,0,0,1,0,1,0,0,0,61,0,0,Matches
15,Joachim Andersen,dk DEN,DF,Fulham,28-122,1996,3.0,207,187,20,17,0,6,0,2,0,0,0,0,175,0,0,Matches
16,Elliot Anderson,eng ENG,"MF,FW",Nott'ham Forest,21-329,2002,4.0,155,136,18,8,0,0,11,0,4,3,1,0,115,1,4,Matches
17,André,br BRA,MF,Wolves,23-076,2001,2.9,118,117,1,1,1,2,0,0,0,0,0,0,113,0,2,Matches
18,Michail Antonio,jm JAM,FW,West Ham,34-186,1990,4.0,75,67,7,0,1,1,10,4,0,0,0,0,43,1,8,Matches
19,Antony,br BRA,FW,Manchester Utd,24-219,2000,0.0,2,2,0,0,0,0,0,0,0,0,0,0,1,0,0,Matches
20,Julian Araujo,mx MEX,DF,Bournemouth,23-048,2001,3.0,129,108,21,0,0,0,3,21,0,0,0,0,100,0,2,Matches
21,Cameron Archer,eng ENG,FW,Southampton,23-071,2001,2.3,34,29,5,0,0,0,1,0,0,0,0,0,28,0,0,Matches
22,Alphonse Areola,fr FRA,GK,West Ham,31-216,1993,5.5,201,140,59,11,0,0,0,0,0,0,0,0,152,2,1,Matches
23,Joe Aribo,ng NGA,MF,Southampton,28-071,1996,2.5,127,125,1,0,0,0,6,1,0,0,0,0,109,1,4,Matches
24,Adam Armstrong,eng ENG,FW,Southampton,27-233,1997,2.4,60,55,5,0,0,1,1,2,0,0,0,0,51,0,5,Matches
25,Harrison Armstrong,eng ENG,MF,Everton,17-255,2007,0.0,4,3,0,0,0,0,1,0,0,0,0,0,1,1,0,Matches
Rk,Player,Nation,Pos,Squad,Age,Born,90s,Att,Live,Dead,FK,TB,Sw,Crs,TI,CK,In,Out,Str,Cmp,Off,Blocks,Matches
26,Kepa Arrizabalaga,es ESP,GK,Bournemouth,29-363,1994,2.0,66,46,20,4,0,0,0,0,0,0,0,0,53,0,0,Matches
27,Taiwo Awoniyi,ng NGA,FW,Nott'ham Forest,27-049,1997,0.9,19,19,0,0,0,0,1,0,0,0,0,0,13,0,1,Matches
28,Yasin Ayari,se SWE,MF,Brighton,20-360,2003,2.2,90,88,2,1,2,0,4,0,1,0,1,0,67,0,3,Matches
29,Jordan Ayew,gh GHA,"FW,MF",Crystal Palace,33-019,1991,0.2,10,8,2,0,0,1,1,0,1,1,0,0,8,0,0,Matches
30,Jordan Ayew,gh GHA,FW,Leicester City,33-019,1991,3.0,72,70,2,1,0,1,9,0,0,0,0,0,54,0,3,Matches
31,Leon Bailey,jm JAM,"FW,MF",Aston Villa,27-052,1997,3.2,103,99,3,0,2,0,7,0,3,3,0,0,71,1,5,Matches
32,Carlos Baleba,cm CMR,MF,Brighton,20-271,2004,3.9,175,173,1,1,1,2,0,0,0,0,0,0,155,1,0,Matches
33,Ross Barkley,eng ENG,MF,Aston Villa,30-300,1993,1.4,96,94,1,1,0,2,0,0,0,0,0,0,89,1,1,Matches
34,Harvey Barnes,eng ENG,FW,Newcastle Utd,26-296,1997,3.6,95,93,1,0,1,0,7,1,0,0,0,0,80,1,1,Matches
35,Calvin Bassey,ng NGA,DF,Fulham,24-274,1999,6.0,345,315,29,9,0,2,0,0,0,0,0,0,308,1,3,Matches
36,Jan Bednarek,pl POL,DF,Southampton,28-171,1996,4.9,463,437,26,8,0,0,0,0,0,0,0,0,437,0,1,Matches
37,Jean-Ricner Bellegarde,fr FRA,"MF,FW",Wolves,26-095,1998,4.3,105,102,3,1,1,1,6,0,0,0,0,0,84,0,7,Matches
38,Rodrigo Bentancur,uy URU,MF,Tottenham,27-097,1997,3.4,228,222,6,6,0,0,0,0,0,0,0,0,213,0,3,Matches
39,Sander Berge,no NOR,MF,Fulham,26-229,1998,1.2,49,47,2,2,0,0,0,0,0,0,0,0,44,0,0,Matches
40,Lucas Bergvall,se SWE,"MF,FW",Tottenham,18-241,2006,0.6,59,52,7,1,0,0,5,2,4,2,2,0,50,0,0,Matches
41,Victor Bernth Kristiansen,dk DEN,DF,Leicester City,21-289,2002,5.9,306,237,66,16,0,1,22,47,3,2,1,0,235,3,2,Matches
42,Beto,gw GNB,FW,Everton,26-243,1998,0.5,8,6,2,0,0,1,0,0,0,0,0,0,3,0,0,Matches
43,Philip Billing,dk DEN,MF,Bournemouth,28-111,1996,0.3,13,10,2,0,0,0,3,1,1,1,0,0,6,1,0,Matches
44,Yves Bissouma,ml MLI,MF,Tottenham,28-031,1996,2.0,154,150,4,4,0,1,0,0,0,0,0,0,143,0,1,Matches
45,Lamare Bogarde,nl NED,DF,Aston Villa,20-269,2004,1.9,99,86,13,6,0,0,0,7,0,0,0,0,86,0,0,Matches
46,Willy Boly,ci CIV,DF,Nott'ham Forest,33-240,1991,1.0,54,54,0,0,0,0,0,0,0,0,0,0,43,0,0,Matches
47,Jarrod Bowen,eng ENG,"FW,MF",West Ham,27-285,1996,5.7,129,107,22,0,0,1,30,0,19,6,13,0,84,0,8,Matches
48,Conor Bradley,nir NIR,DF,Liverpool,21-083,2003,0.9,85,68,17,3,0,1,1,14,0,0,0,0,73,0,1,Matches
49,Jarrad Branthwaite,eng ENG,DF,Everton,22-095,2002,1.0,32,32,0,0,0,0,0,0,0,0,0,0,27,0,1,Matches
50,Ben Brereton,cl CHI,FW,Southampton,25-165,1999,3.8,128,126,2,1,1,0,3,1,0,0,0,0,105,0,3,Matches
Rk,Player,Nation,Pos,Squad,Age,Born,90s,Att,Live,Dead,FK,TB,Sw,Crs,TI,CK,In,Out,Str,Cmp,Off,Blocks,Matches
51,Emi Buendía,ar ARG,"MF,FW",Aston Villa,27-280,1996,0.2,13,13,0,0,1,0,0,0,0,0,0,0,12,0,0,Matches
52,Santiago Bueno,uy URU,DF,Wolves,25-326,1998,0.9,55,53,2,0,0,0,0,0,0,0,0,0,50,0,0,Matches
53,Facundo Buonanotte,ar ARG,"MF,FW",Leicester City,19-282,2004,3.2,97,87,9,4,2,1,6,3,2,2,0,0,72,1,1,Matches
54,Dan Burn,eng ENG,DF,Newcastle Utd,32-144,1992,6.0,289,282,7,5,0,1,0,1,0,0,0,0,264,0,1,Matches
55,Wes Burns,wls WAL,FW,Ipswich Town,29-312,1994,2.3,55,52,3,1,0,0,8,2,0,0,0,0,38,0,2,Matches
56,Moisés Caicedo,ec ECU,MF,Chelsea,22-333,2001,5.8,319,311,7,6,3,1,3,1,0,0,0,0,279,1,2,Matches
57,Tom Cairney,sct SCO,MF,Fulham,33-254,1991,0.8,45,45,0,0,0,0,2,0,0,0,0,0,41,0,2,Matches
58,Jens Cajuste,se SWE,MF,Ipswich Town,25-051,1999,0.9,35,33,2,1,0,0,1,1,0,0,0,0,31,0,0,Matches
59,Riccardo Calafiori,it ITA,DF,Arsenal,22-134,2002,2.3,108,99,9,0,0,0,1,9,0,0,0,0,94,0,1,Matches
60,Dominic Calvert-Lewin,eng ENG,FW,Everton,27-198,1997,5.6,83,83,0,0,0,1,1,0,0,0,0,0,51,0,4,Matches
61,Diego Carlos,br BRA,DF,Aston Villa,31-199,1993,2.0,136,129,6,5,0,1,0,0,0,0,0,0,120,1,0,Matches
62,Fabio Carvalho,pt POR,"FW,MF",Brentford,22-031,2002,2.6,83,73,9,2,0,0,6,0,5,2,0,0,56,1,4,Matches
63,Casemiro,br BRA,MF,Manchester Utd,32-220,1992,3.0,205,198,5,5,4,1,7,0,0,0,0,0,161,2,4,Matches
64,Matty Cash,pl POL,DF,Aston Villa,27-054,1997,1.1,49,37,12,4,0,0,2,8,0,0,0,0,38,0,1,Matches
65,Conor Chaplin,eng ENG,"MF,FW",Ipswich Town,27-227,1997,1.0,36,32,4,1,1,0,0,0,0,0,0,0,25,0,1,Matches
66,Federico Chiesa,it ITA,FW,Liverpool,26-341,1997,0.2,8,8,0,0,0,0,0,0,0,0,0,0,7,0,0,Matches
67,Chiquinho,pt POR,MF,Wolves,24-238,2000,0.1,3,3,0,0,0,0,1,0,0,0,0,0,3,0,0,Matches
68,Hamza Choudhury,eng ENG,MF,Leicester City,26-365,1997,0.2,3,3,0,0,0,0,1,0,0,0,0,0,0,0,1,Matches
69,Ryan Christie,sct SCO,MF,Bournemouth,29-221,1995,3.2,135,131,3,2,0,0,3,1,0,0,0,0,112,1,1,Matches
70,Jack Clarke,eng ENG,FW,Ipswich Town,23-312,2000,1.8,51,46,4,0,0,1,5,1,3,3,0,0,37,1,1,Matches
71,Nathaniel Clyne,eng ENG,DF,Crystal Palace,33-178,1991,1.7,74,74,0,0,0,1,0,0,0,0,0,0,57,0,4,Matches
72,Conor Coady,eng ENG,DF,Leicester City,31-218,1993,0.1,2,2,0,0,0,0,0,0,0,0,0,0,1,0,0,Matches
73,Séamus Coleman,ie IRL,DF,Everton,35-355,1988,1.0,43,32,11,0,0,0,1,11,0,0,0,0,32,0,0,Matches
74,Nathan Collins,ie IRL,DF,Brentford,23-153,2001,6.0,323,308,15,10,0,2,1,5,0,0,0,0,282,0,1,Matches
75,Toby Collyer,eng ENG,MF,Manchester Utd,20-271,2004,0.5,19,19,0,0,0,0,0,0,0,0,0,0,15,0,2,Matches
Rk,Player,Nation,Pos,Squad,Age,Born,90s,Att,Live,Dead,FK,TB,Sw,Crs,TI,CK,In,Out,Str,Cmp,Off,Blocks,Matches
76,Levi Colwill,eng ENG,DF,Chelsea,21-217,2003,6.0,411,380,29,12,3,0,0,0,0,0,0,0,371,2,4,Matches
77,Lewis Cook,eng ENG,MF,Bournemouth,27-240,1997,4.9,224,189,35,15,1,1,23,1,19,16,1,0,165,0,5,Matches
78,Maxwel Cornet,ci CIV,FW,Southampton,28-003,1996,0.3,10,10,0,0,0,0,1,0,0,0,0,0,8,0,0,Matches
79,Vladimír Coufal,cz CZE,DF,West Ham,32-039,1992,2.2,97,70,27,2,0,0,5,25,0,0,0,0,72,0,3,Matches
80,Aaron Cresswell,eng ENG,DF,West Ham,34-290,1989,0.2,22,21,1,1,0,0,2,0,0,0,0,0,16,0,1,Matches
81,Marc Cucurella,es ESP,DF,Chelsea,26-070,1998,5.6,317,273,44,6,1,0,7,38,0,0,0,0,278,0,1,Matches
82,Matheus Cunha,br BRA,"MF,FW",Wolves,25-126,1999,5.1,168,134,33,8,3,2,29,4,14,7,5,0,122,1,6,Matches
83,Diogo Dalot,pt POR,DF,Manchester Utd,25-196,1999,6.0,386,337,48,8,2,1,6,40,0,0,0,0,331,1,8,Matches
84,Mikkel Damsgaard,dk DEN,MF,Brentford,24-089,2000,4.2,184,173,10,2,3,1,11,2,1,1,0,0,137,1,2,Matches
85,Danilo,br BRA,MF,Nott'ham Forest,23-154,2001,0.2,3,3,0,0,0,0,0,0,0,0,0,0,3,0,0,Matches
86,Leif Davis,eng ENG,DF,Ipswich Town,24-262,2000,6.0,244,175,67,14,3,0,35,29,24,14,5,0,171,2,6,Matches
87,Craig Dawson,eng ENG,DF,Wolves,34-147,1990,3.3,178,160,18,9,1,5,0,0,0,0,0,0,150,0,0,Matches
88,Kevin De Bruyne,be BEL,MF,Manchester City,33-094,1991,4.0,321,276,44,4,3,4,29,11,24,6,4,1,259,1,10,Matches
89,Liam Delap,eng ENG,FW,Ipswich Town,21-235,2003,5.0,48,47,0,0,2,1,0,0,0,0,0,0,26,1,2,Matches
90,Sepp van den Berg,nl NED,DF,Brentford,22-285,2001,3.2,175,160,15,1,0,0,1,14,0,0,0,0,149,0,2,Matches
91,Kiernan Dewsbury-Hall,eng ENG,MF,Chelsea,26-024,1998,0.5,37,37,0,0,0,0,0,0,0,0,0,0,29,0,0,Matches
92,Amad Diallo,ci CIV,FW,Manchester Utd,22-081,2002,3.8,204,183,18,1,1,0,10,7,10,6,0,1,168,3,6,Matches
93,Rúben Dias,pt POR,DF,Manchester City,27-139,1997,5.1,483,464,19,9,0,1,2,1,0,0,0,0,448,0,5,Matches
94,Luis Díaz,co COL,FW,Liverpool,27-261,1997,4.8,168,162,5,1,0,0,2,4,0,0,0,0,149,1,2,Matches
95,Tyler Dibling,eng ENG,"FW,MF",Southampton,18-202,2006,2.3,94,87,6,2,2,1,5,1,3,2,0,0,78,1,1,Matches
96,Lucas Digne,fr FRA,DF,Aston Villa,31-072,1993,4.8,256,203,53,11,1,1,24,34,8,7,0,0,203,0,9,Matches
97,Issa Diop,fr FRA,DF,Fulham,27-265,1997,3.1,145,134,11,11,0,1,0,0,0,0,0,0,120,0,1,Matches
98,Axel Disasi,fr FRA,DF,Chelsea,26-203,1998,1.0,74,60,14,6,0,0,0,8,0,0,0,0,64,0,1,Matches
99,Roman Dixon,eng ENG,DF,Everton,19-279,2004,1.0,19,16,3,0,0,0,0,3,0,0,0,0,11,0,0,Matches
100,Matt Doherty,ie IRL,DF,Wolves,32-258,1992,2.3,105,80,25,4,0,1,2,21,0,0,0,0,74,0,2,Matches
Rk,Player,Nation,Pos,Squad,Age,Born,90s,Att,Live,Dead,FK,TB,Sw,Crs,TI,CK,In,Out,Str,Cmp,Off,Blocks,Matches
101,Jeremy Doku,be BEL,FW,Manchester City,22-126,2002,3.4,148,145,2,0,2,0,14,0,2,0,0,0,125,1,4,Matches
102,Nicolás Domínguez,ar ARG,"FW,MF",Nott'ham Forest,26-094,1998,1.8,79,77,0,0,0,0,0,0,0,0,0,0,56,2,0,Matches
103,Abdoulaye Doucouré,ml MLI,MF,Everton,31-273,1993,3.4,112,104,7,0,0,0,5,0,0,0,0,0,86,1,3,Matches
104,Cheick Doucouré,ml MLI,MF,Crystal Palace,24-266,2000,1.0,49,49,0,0,0,0,0,0,0,0,0,0,45,0,1,Matches
105,Flynn Downes,eng ENG,MF,Southampton,25-254,1999,5.0,318,304,14,14,3,0,1,0,0,0,0,0,294,0,2,Matches
106,Tommy Doyle,eng ENG,MF,Wolves,22-349,2001,0.8,70,61,7,5,0,1,3,0,2,1,1,0,52,2,2,Matches
107,Radu Drăgușin,ro ROU,DF,Tottenham,22-240,2002,1.1,57,51,6,5,0,0,0,1,0,0,0,0,48,0,1,Matches
108,Lewis Dunk,eng ENG,DF,Brighton,32-314,1991,5.8,565,515,50,21,1,2,2,6,0,0,0,0,516,0,2,Matches
109,Jhon Durán,co COL,FW,Aston Villa,20-292,2003,1.8,41,38,2,0,2,0,0,0,0,0,0,0,28,1,0,Matches
110,Ederson,br BRA,GK,Manchester City,31-044,1993,6.0,221,199,22,9,0,0,0,0,0,0,0,0,184,0,1,Matches
111,George Edmundson,eng ENG,DF,Ipswich Town,27-030,1997,0.0,2,2,0,0,0,0,0,0,0,0,0,0,1,0,1,Matches
112,Odsonne Édouard,fr FRA,"MF,FW",Crystal Palace,26-258,1998,1.3,28,28,0,0,0,0,1,0,0,0,0,0,17,0,2,Matches
113,Odsonne Édouard,fr FRA,"FW,MF",Leicester City,26-258,1998,0.1,3,3,0,0,0,0,0,0,0,0,0,0,2,0,1,Matches
114,Samuel Edozie,eng ENG,"DF,FW",Southampton,21-246,2003,0.7,33,33,0,0,0,0,4,0,0,0,0,0,25,0,2,Matches
115,Anthony Elanga,se SWE,FW,Nott'ham Forest,22-156,2002,3.9,103,89,14,2,0,0,19,0,12,6,6,0,78,0,2,Matches
116,Harvey Elliott,eng ENG,FW,Liverpool,21-179,2003,0.1,14,12,1,0,0,0,0,1,0,0,0,0,12,1,0,Matches
117,Yunus Emre Konak,tr TUR,"MF,FW",Brentford,18-264,2006,0.2,13,12,1,0,0,0,0,1,0,0,0,0,10,0,1,Matches
118,Julio Enciso,py PAR,"MF,FW",Brighton,20-251,2004,0.7,47,39,8,3,0,0,10,0,5,2,1,0,33,0,1,Matches
119,Wataru Endo,jp JPN,MF,Liverpool,31-234,1993,0.0,1,1,0,0,0,0,0,0,0,0,0,0,1,0,0,Matches
120,Christian Eriksen,dk DEN,MF,Manchester Utd,32-229,1992,1.9,142,118,24,5,2,2,18,2,16,6,1,5,117,0,2,Matches
121,Pervis Estupiñán,ec ECU,DF,Brighton,26-253,1998,2.1,155,124,31,4,0,0,24,17,10,5,5,0,126,0,3,Matches
122,Evanilson,br BRA,FW,Bournemouth,24-360,1999,3.1,37,36,1,0,1,0,0,0,0,0,0,0,25,0,3,Matches
123,Jonny Evans,nir NIR,DF,Manchester Utd,36-271,1988,0.3,24,20,4,1,0,0,0,2,0,0,0,0,22,0,0,Matches
124,Eberechi Eze,eng ENG,"MF,FW",Crystal Palace,26-093,1998,6.0,258,214,40,17,2,3,15,2,10,5,2,0,207,4,6,Matches
125,Łukasz Fabiański,pl POL,GK,West Ham,39-165,1985,0.5,8,6,2,0,0,0,0,0,0,0,0,0,5,0,0,Matches
Rk,Player,Nation,Pos,Squad,Age,Born,90s,Att,Live,Dead,FK,TB,Sw,Crs,TI,CK,In,Out,Str,Cmp,Off,Blocks,Matches
126,Wout Faes,be BEL,DF,Leicester City,26-180,1998,6.0,271,259,12,7,1,1,0,0,0,0,0,0,237,0,4,Matches
127,Abdul Fatawu Issahaku,gh GHA,FW,Leicester City,20-206,2004,3.0,73,70,3,0,2,1,6,3,0,0,0,0,47,0,4,Matches
128,João Félix,pt POR,"MF,FW",Chelsea,24-325,1999,1.2,62,60,1,0,0,0,0,1,0,0,0,0,50,1,1,Matches
129,Evan Ferguson,ie IRL,FW,Brighton,19-347,2004,0.3,5,5,0,0,0,0,0,0,0,0,0,0,4,0,0,Matches
130,Bruno Fernandes,pt POR,"MF,FW",Manchester Utd,30-022,1994,5.3,311,283,27,5,2,1,29,3,10,4,2,1,229,1,13,Matches
131,Mateus Fernandes,pt POR,MF,Southampton,20-082,2004,2.5,105,101,4,2,3,0,2,0,1,0,0,0,85,0,2,Matches
132,Enzo Fernández,ar ARG,MF,Chelsea,23-257,2001,4.8,273,252,20,7,3,4,10,1,11,9,0,0,221,1,5,Matches
133,Mark Flekken,nl NED,GK,Brentford,31-109,1993,6.0,334,283,50,27,0,5,0,0,0,0,0,0,259,1,0,Matches
134,Phil Foden,eng ENG,"MF,FW",Manchester City,24-125,2000,1.0,74,72,2,1,0,0,2,0,1,0,1,0,62,0,2,Matches
135,Wesley Fofana,fr FRA,DF,Chelsea,23-288,2000,5.6,350,332,17,11,0,0,1,5,0,0,0,0,313,1,3,Matches
136,Carlos Forbs,pt POR,MF,Wolves,20-195,2004,0.5,20,20,0,0,0,0,3,0,0,0,0,0,9,0,5,Matches
137,Ryan Fraser,sct SCO,FW,Southampton,30-219,1994,0.9,24,23,1,0,0,0,2,1,0,0,0,0,20,0,0,Matches
138,Niclas Füllkrug,de GER,FW,West Ham,31-234,1993,0.7,14,13,1,0,0,0,0,0,0,0,0,0,13,0,0,Matches
139,Cody Gakpo,nl NED,FW,Liverpool,25-146,1999,1.4,49,49,0,0,0,1,5,0,0,0,0,0,37,0,0,Matches
140,Idrissa Gana Gueye,sn SEN,MF,Everton,35-004,1989,3.8,118,114,4,1,1,0,0,0,0,0,0,0,102,0,1,Matches
141,Alejandro Garnacho,ar ARG,FW,Manchester Utd,20-091,2004,3.6,113,108,4,0,1,3,9,3,1,1,0,0,90,1,6,Matches
142,James Garner,eng ENG,"DF,MF",Everton,23-201,2001,1.8,68,51,16,0,0,0,4,16,0,0,0,0,46,1,3,Matches
143,Morgan Gibbs-White,eng ENG,MF,Nott'ham Forest,24-247,2000,4.8,181,178,1,1,1,3,3,0,0,0,0,0,135,2,7,Matches
144,Billy Gilmour,sct SCO,MF,Brighton,23-111,2001,1.1,67,65,2,1,1,2,1,0,1,1,0,0,58,0,0,Matches
145,João Gomes,br BRA,MF,Wolves,23-231,2001,5.5,240,234,6,3,1,2,4,2,0,0,0,0,209,0,3,Matches
146,Rodrigo Gomes,pt POR,"FW,MF",Wolves,21-085,2003,1.3,30,27,3,0,1,0,5,2,1,0,1,0,15,0,0,Matches
147,Toti Gomes,pt POR,DF,Wolves,25-258,1999,4.0,189,175,13,5,0,0,0,6,0,0,0,0,166,1,4,Matches
148,Joe Gomez,eng ENG,DF,Liverpool,27-130,1997,0.0,3,3,0,0,0,0,0,0,0,0,0,0,3,0,0,Matches
149,Anthony Gordon,eng ENG,FW,Newcastle Utd,23-219,2001,5.6,177,149,27,5,1,0,29,8,12,7,3,0,129,1,7,Matches
150,Ryan Gravenberch,nl NED,MF,Liverpool,22-137,2002,6.0,399,391,8,7,2,0,1,1,0,0,0,0,355,0,5,Matches
Rk,Player,Nation,Pos,Squad,Age,Born,90s,Att,Live,Dead,FK,TB,Sw,Crs,TI,CK,In,Out,Str,Cmp,Off,Blocks,Matches
151,Archie Gray,eng ENG,"MF,DF",Tottenham,18-202,2006,0.4,40,35,5,3,0,0,0,2,0,0,0,0,35,0,3,Matches
152,Jack Grealish,eng ENG,FW,Manchester City,29-020,1995,3.0,147,143,4,0,0,0,5,2,2,0,0,0,129,0,4,Matches
153,Jacob Greaves,eng ENG,DF,Ipswich Town,24-018,2000,6.0,258,239,17,13,0,0,0,2,0,0,0,0,226,2,1,Matches
154,Gonçalo Guedes,pt POR,"FW,MF",Wolves,27-306,1996,0.5,11,7,3,0,0,0,0,1,0,0,0,0,6,1,0,Matches
155,Marc Guéhi,eng ENG,DF,Crystal Palace,24-079,2000,6.0,368,348,18,17,0,2,0,1,0,0,0,0,318,2,2,Matches
156,Bruno Guimarães,br BRA,MF,Newcastle Utd,26-319,1997,6.0,288,259,28,27,3,2,4,1,0,0,0,0,234,1,8,Matches
157,Marc Guiu,es ESP,FW,Chelsea,18-270,2006,0.3,4,3,1,0,0,0,0,0,0,0,0,0,3,0,0,Matches
158,İlkay Gündoğan,de GER,MF,Manchester City,33-342,1990,3.2,186,175,10,1,3,0,9,0,6,1,2,0,167,1,2,Matches
159,Malo Gusto,fr FRA,DF,Chelsea,21-134,2003,3.8,179,154,25,8,0,1,7,17,0,0,0,0,153,0,6,Matches
160,Joško Gvardiol,hr CRO,DF,Manchester City,22-251,2002,5.5,363,325,37,6,1,0,2,31,0,0,0,0,335,1,5,Matches
161,Erling Haaland,no NOR,FW,Manchester City,24-071,2000,6.0,63,62,1,0,0,0,0,0,0,0,0,0,38,0,2,Matches
162,Lewis Hall,eng ENG,DF,Newcastle Utd,20-022,2004,3.8,238,202,35,7,1,0,14,22,6,5,0,0,192,1,4,Matches
163,Ali Al Hamadi,iq IRQ,FW,Ipswich Town,22-213,2002,0.4,4,4,0,0,0,0,0,0,0,0,0,0,3,0,0,Matches
164,Marcus Harness,eng ENG,MF,Ipswich Town,28-219,1996,0.5,16,16,0,0,0,0,0,0,0,0,0,0,10,0,1,Matches
165,Jack Harrison,eng ENG,FW,Everton,27-315,1996,4.1,99,96,1,0,0,0,11,1,0,0,0,0,72,2,3,Matches
166,Taylor Harwood-Bellis,eng ENG,DF,Southampton,22-244,2002,3.6,317,305,11,8,1,0,1,1,0,0,0,0,280,1,2,Matches
167,Kai Havertz,de GER,"FW,MF",Arsenal,25-111,1999,6.0,128,126,2,0,1,0,1,2,0,0,0,0,96,0,1,Matches
168,Jan Paul van Hecke,nl NED,DF,Brighton,24-114,2000,5.0,426,406,20,18,0,1,1,0,0,0,0,0,390,0,3,Matches
169,Hwang Hee-chan,kr KOR,"FW,MF",Wolves,28-248,1996,2.5,55,51,4,0,0,0,4,4,0,0,0,0,45,0,3,Matches
170,Dean Henderson,eng ENG,GK,Crystal Palace,27-202,1997,6.0,182,124,58,7,0,0,0,0,0,0,0,0,125,0,0,Matches
171,Mads Hermansen,dk DEN,GK,Leicester City,24-081,2000,6.0,212,155,55,18,0,1,0,0,0,0,0,0,146,2,0,Matches
172,Son Heung-min,kr KOR,FW,Tottenham,32-084,1992,5.0,214,205,9,2,0,2,8,4,0,0,0,0,179,0,8,Matches
173,Jack Hinshelwood,eng ENG,"DF,MF",Brighton,19-172,2005,5.7,333,280,53,13,0,6,18,30,7,4,1,1,267,0,4,Matches
174,George Hirst,eng ENG,FW,Ipswich Town,25-228,1999,0.6,9,9,0,0,0,0,1,0,0,0,0,0,6,0,1,Matches
175,Mason Holgate,eng ENG,"FW,DF",Everton,27-344,1996,0.1,2,0,2,0,0,0,0,2,0,0,0,0,2,0,0,Matches
Rk,Player,Nation,Pos,Squad,Age,Born,90s,Att,Live,Dead,FK,TB,Sw,Crs,TI,CK,In,Out,Str,Cmp,Off,Blocks,Matches
176,Callum Hudson-Odoi,eng ENG,FW,Nott'ham Forest,23-328,2000,4.4,143,138,4,1,1,0,15,0,3,3,0,0,108,1,8,Matches
177,Will Hughes,eng ENG,MF,Crystal Palace,29-166,1995,2.3,124,116,5,1,0,0,6,0,3,2,1,0,102,3,2,Matches
178,Dean Huijsen,es ESP,DF,Bournemouth,19-169,2005,2.2,132,131,1,1,0,1,0,0,0,0,0,0,113,0,1,Matches
179,Omari Hutchinson,eng ENG,"MF,FW",Ipswich Town,20-336,2003,5.9,160,146,11,0,2,1,9,0,0,0,0,0,122,3,11,Matches
180,Rasmus Højlund,dk DEN,FW,Manchester Utd,21-239,2003,0.4,5,5,0,0,0,0,1,0,0,0,0,0,3,0,0,Matches
181,Igor,br BRA,DF,Brighton,26-236,1998,0.4,37,34,3,1,0,0,0,0,0,0,0,0,36,0,0,Matches
182,Danny Ings,eng ENG,"FW,MF",West Ham,32-069,1992,0.3,13,13,0,0,0,0,2,0,0,0,0,0,4,0,2,Matches
183,Tim Iroegbunam,eng ENG,MF,Everton,21-092,2003,4.0,94,92,0,0,0,0,0,0,0,0,0,0,67,2,4,Matches
184,Andy Irving,sct SCO,MF,West Ham,24-140,2000,0.2,22,22,0,0,0,0,0,0,0,0,0,0,22,0,0,Matches
185,Alexander Isak,se SWE,FW,Newcastle Utd,25-009,1999,4.5,70,59,10,0,1,0,1,0,0,0,0,0,50,1,5,Matches
186,Alex Iwobi,ng NGA,FW,Fulham,28-150,1996,5.7,231,223,6,0,3,3,17,4,2,0,1,0,175,2,9,Matches
187,Nicolas Jackson,sn SEN,FW,Chelsea,23-102,2001,4.9,87,78,8,1,0,0,0,1,0,0,0,0,64,1,2,Matches
188,Vitaly Janelt,de GER,"MF,DF",Brentford,26-143,1998,5.2,219,210,8,2,0,4,4,6,0,0,0,0,190,1,2,Matches
189,Daniel Jebbison,eng ENG,FW,Bournemouth,21-048,2003,0.3,5,5,0,0,0,0,1,0,0,0,0,0,3,0,0,Matches
190,Mathias Jensen,dk DEN,MF,Brentford,28-273,1996,2.6,113,88,25,5,0,2,11,15,4,3,0,0,80,0,2,Matches
191,Gabriel Jesus,br BRA,"FW,MF",Arsenal,27-180,1997,0.2,6,6,0,0,0,0,0,0,0,0,0,0,6,0,0,Matches
192,Raúl Jiménez,mx MEX,FW,Fulham,33-148,1991,2.9,51,51,0,0,1,1,1,0,0,0,0,0,38,0,2,Matches
193,João Pedro,br BRA,"MF,FW",Brighton,23-004,2001,3.1,99,92,7,1,0,1,4,3,1,0,0,0,75,0,2,Matches
194,Joelinton,br BRA,MF,Newcastle Utd,28-047,1996,5.3,198,192,5,3,1,1,1,2,0,0,0,0,159,1,5,Matches
195,Ben Johnson,eng ENG,"DF,FW",Ipswich Town,24-250,2000,1.5,37,32,5,0,1,0,3,4,1,1,0,0,25,0,2,Matches
196,Brennan Johnson,wls WAL,FW,Tottenham,23-130,2001,4.7,139,138,1,0,0,0,11,1,0,0,0,0,103,0,7,Matches
197,Sam Johnstone,eng ENG,GK,Wolves,31-189,1993,4.0,157,130,27,12,0,0,0,0,0,0,0,0,109,0,2,Matches
198,Curtis Jones,eng ENG,MF,Liverpool,23-244,2001,0.7,35,34,1,0,0,0,1,1,0,0,0,0,31,0,0,Matches
199,Jorginho,it ITA,MF,Arsenal,32-285,1991,1.0,24,23,1,0,0,0,0,0,0,0,0,0,19,0,1,Matches
200,Diogo Jota,pt POR,FW,Liverpool,27-301,1996,4.1,81,79,1,0,0,2,3,1,0,0,0,0,55,1,5,Matches
Rk,Player,Nation,Pos,Squad,Age,Born,90s,Att,Live,Dead,FK,TB,Sw,Crs,TI,CK,In,Out,Str,Cmp,Off,Blocks,Matches
201,James Justin,eng ENG,DF,Leicester City,26-220,1998,6.0,228,189,38,6,0,0,8,32,0,0,0,0,181,1,3,Matches
202,Ferdi Kadioglu,tr TUR,DF,Brighton,24-359,1999,1.0,56,46,9,1,0,0,2,8,0,0,0,0,46,1,1,Matches
203,Daichi Kamada,jp JPN,MF,Crystal Palace,28-056,1996,4.0,190,184,6,2,1,1,9,1,3,1,0,0,148,0,5,Matches
204,Michael Keane,eng ENG,DF,Everton,31-263,1993,5.0,166,161,1,1,0,6,0,0,0,0,0,0,131,4,3,Matches
205,Caoimhín Kelleher,ie IRL,GK,Liverpool,25-312,1998,1.0,44,42,2,2,0,0,0,0,0,0,0,0,40,0,1,Matches
206,Lloyd Kelly,eng ENG,DF,Newcastle Utd,25-360,1998,2.3,93,75,18,5,0,0,1,13,0,0,0,0,76,0,4,Matches
207,Milos Kerkez,hu HUN,DF,Bournemouth,20-328,2003,4.7,201,165,35,2,0,0,13,33,0,0,0,0,149,1,3,Matches
208,Bilal El Khannouss,ma MAR,MF,Leicester City,20-143,2004,0.9,56,50,5,0,0,0,0,3,0,0,0,0,48,1,0,Matches
209,Max Kilman,eng ENG,DF,West Ham,27-130,1997,6.0,316,307,9,8,0,4,0,0,0,0,0,0,277,0,2,Matches
210,Jakub Kiwior,pl POL,DF,Arsenal,24-228,2000,0.2,2,1,1,0,0,0,0,1,0,0,0,0,2,0,0,Matches
211,Justin Kluivert,nl NED,"MF,FW",Bournemouth,25-148,1999,3.4,92,82,7,0,0,0,9,1,1,0,0,0,61,3,5,Matches
212,Ibrahima Konaté,fr FRA,DF,Liverpool,25-128,1999,5.3,408,401,7,7,0,0,0,0,0,0,0,0,370,0,1,Matches
213,Ezri Konsa,eng ENG,DF,Aston Villa,26-343,1997,6.0,333,310,23,17,4,0,2,6,0,0,0,0,310,0,5,Matches
214,Mateo Kovačić,hr CRO,MF,Manchester City,30-147,1994,4.8,397,389,8,8,1,1,0,0,0,0,0,0,376,0,3,Matches
215,Emil Krafth,se SWE,DF,Newcastle Utd,30-059,1994,2.7,74,71,3,3,0,0,0,0,0,0,0,0,59,0,1,Matches
216,Mohammed Kudus,gh GHA,"FW,MF",West Ham,24-059,2000,5.5,144,141,3,1,1,3,21,1,1,0,0,0,112,0,7,Matches
217,Dejan Kulusevski,se SWE,"MF,FW",Tottenham,24-158,2000,4.9,175,146,29,0,2,0,24,1,26,13,0,0,132,0,7,Matches
218,Maxence Lacroix,fr FRA,DF,Crystal Palace,24-177,2000,3.0,176,173,3,2,0,1,3,1,0,0,0,0,139,0,1,Matches
219,Adam Lallana,eng ENG,MF,Southampton,36-143,1988,1.1,69,68,1,0,0,0,0,0,0,0,0,0,60,0,1,Matches
220,Roméo Lavia,be BEL,MF,Chelsea,20-268,2004,0.9,49,49,0,0,1,0,0,0,0,0,0,0,47,0,0,Matches
221,Mario Lemina,ga GAB,"MF,FW",Wolves,31-029,1993,6.0,210,197,10,1,3,0,7,3,0,0,0,0,170,3,3,Matches
222,Bernd Leno,de GER,GK,Fulham,32-210,1992,6.0,227,181,46,21,0,0,0,0,0,0,0,0,176,0,0,Matches
223,Jefferson Lerma,co COL,"MF,DF",Crystal Palace,29-341,1994,2.4,152,147,5,3,2,0,1,2,0,0,0,0,120,0,0,Matches
224,Rico Lewis,eng ENG,"MF,DF",Manchester City,19-314,2004,4.4,227,205,22,5,0,0,1,17,0,0,0,0,200,0,4,Matches
225,Keane Lewis-Potter,eng ENG,"DF,MF",Brentford,23-221,2001,4.1,113,105,7,1,0,3,6,6,0,0,0,0,87,1,5,Matches
Rk,Player,Nation,Pos,Squad,Age,Born,90s,Att,Live,Dead,FK,TB,Sw,Crs,TI,CK,In,Out,Str,Cmp,Off,Blocks,Matches
226,Myles Lewis-Skelly,eng ENG,DF,Arsenal,18-004,2006,0.0,1,1,0,0,0,0,0,0,0,0,0,0,1,0,0,Matches
227,Matthijs de Ligt,nl NED,DF,Manchester Utd,25-049,1999,4.0,249,239,10,5,0,0,1,0,0,0,0,0,223,0,3,Matches
228,Jesper Lindstrøm,dk DEN,FW,Everton,24-214,2000,1.7,51,42,7,2,0,0,9,1,4,3,1,0,35,2,1,Matches
229,Valentino Livramento,eng ENG,DF,Newcastle Utd,21-323,2002,3.7,145,115,29,2,0,0,2,27,0,0,0,0,112,1,5,Matches
230,Sean Longstaff,eng ENG,MF,Newcastle Utd,26-336,1997,3.2,99,99,0,0,0,1,1,0,0,0,0,0,82,0,5,Matches
231,Saša Lukić,rs SRB,MF,Fulham,28-048,1996,5.1,243,232,11,11,0,0,1,0,0,0,0,0,223,0,2,Matches
232,Massimo Luongo,au AUS,MF,Ipswich Town,32-005,1992,1.6,45,43,1,1,0,0,0,0,0,0,0,0,32,1,1,Matches
233,Ian Maatsen,nl NED,"DF,MF",Aston Villa,22-204,2002,1.3,77,59,18,3,0,0,5,15,0,0,0,0,62,0,5,Matches
234,Alexis Mac Allister,ar ARG,MF,Liverpool,25-281,1998,5.7,303,296,7,4,2,1,2,3,0,0,0,0,268,0,7,Matches
235,James Maddison,eng ENG,MF,Tottenham,27-312,1996,5.3,369,322,47,17,5,3,42,3,26,13,5,0,296,0,5,Matches
236,Noni Madueke,eng ENG,FW,Chelsea,22-204,2002,4.3,99,95,2,0,0,0,6,2,0,0,0,0,76,2,4,Matches
237,Gabriel Magalhães,br BRA,DF,Arsenal,26-286,1997,6.0,316,305,11,7,0,3,0,1,0,0,0,0,280,0,4,Matches
238,Harry Maguire,eng ENG,DF,Manchester Utd,31-209,1993,2.2,152,140,12,5,0,1,1,0,0,0,0,0,134,0,1,Matches
239,Kobbie Mainoo,eng ENG,MF,Manchester Utd,19-164,2005,5.4,248,241,7,3,1,1,1,4,0,0,0,0,219,0,5,Matches
240,Orel Mangala,be BEL,MF,Everton,26-196,1998,2.2,91,90,1,1,0,0,2,0,0,0,0,0,79,0,3,Matches
241,Gabriel Martinelli,br BRA,"MF,FW",Arsenal,23-104,2001,4.5,114,111,3,0,0,0,12,2,1,1,0,0,84,0,6,Matches
242,Emiliano Martínez,ar ARG,GK,Aston Villa,32-028,1992,6.0,205,163,41,12,0,0,0,0,0,0,0,0,167,1,0,Matches
243,Lisandro Martínez,ar ARG,DF,Manchester Utd,26-256,1998,5.8,420,406,14,4,1,0,2,2,0,0,0,0,382,0,1,Matches
244,Pape Matar Sarr,sn SEN,MF,Tottenham,22-016,2002,2.3,148,145,3,2,0,0,2,1,0,0,0,0,123,0,4,Matches
245,Jean-Philippe Mateta,fr FRA,FW,Crystal Palace,27-094,1997,4.8,74,72,2,0,1,0,4,0,0,0,0,0,47,0,4,Matches
246,Stephy Mavididi,eng ENG,FW,Leicester City,26-122,1998,3.4,98,91,6,2,0,0,8,3,1,0,0,0,74,1,4,Matches
247,Konstantinos Mavropanos,gr GRE,DF,West Ham,26-294,1997,5.5,273,258,14,6,0,9,2,8,0,0,0,0,223,1,4,Matches
248,Noussair Mazraoui,ma MAR,DF,Manchester Utd,26-321,1997,5.7,335,283,52,4,2,0,4,48,0,0,0,0,280,0,8,Matches
249,Bryan Mbeumo,cm CMR,FW,Brentford,25-054,1999,6.0,199,170,29,9,3,1,27,2,14,9,1,0,141,0,9,Matches
250,James Mcatee,eng ENG,FW,Manchester City,21-348,2002,0.0,4,4,0,0,0,0,0,0,0,0,0,0,4,0,0,Matches
Rk,Player,Nation,Pos,Squad,Age,Born,90s,Att,Live,Dead,FK,TB,Sw,Crs,TI,CK,In,Out,Str,Cmp,Off,Blocks,Matches
251,Kasey McAteer,ie IRL,"DF,FW",Leicester City,22-313,2001,0.1,13,11,2,0,0,0,1,2,0,0,0,0,7,0,0,Matches
252,Alex McCarthy,eng ENG,GK,Southampton,34-302,1989,2.0,53,47,6,2,0,1,0,0,0,0,0,0,46,0,0,Matches
253,John McGinn,sct SCO,"FW,MF",Aston Villa,29-348,1994,3.9,120,114,6,2,2,0,10,2,2,1,1,0,94,0,4,Matches
254,Dwight McNeil,eng ENG,"MF,FW",Everton,24-313,1999,5.9,233,187,44,16,7,3,47,3,17,10,2,4,166,2,10,Matches
255,Scott McTominay,sct SCO,MF,Manchester Utd,27-297,1996,0.2,10,8,2,0,0,0,0,1,0,0,0,0,10,0,0,Matches
256,Ben Mee,eng ENG,DF,Brentford,35-009,1989,0.0,2,2,0,0,0,0,0,0,0,0,0,0,1,0,0,Matches
257,Nikola Milenković,rs SRB,DF,Nott'ham Forest,26-354,1997,5.0,157,150,5,5,0,0,0,0,0,0,0,0,144,2,0,Matches
258,James Milner,eng ENG,MF,Brighton,38-270,1986,1.9,73,62,11,4,2,0,8,0,6,2,3,0,55,0,1,Matches
259,Yankuba Minteh,gm GAM,"FW,MF",Brighton,20-070,2004,3.6,110,99,10,4,1,0,25,1,5,2,3,0,65,1,7,Matches
260,Tyrick Mitchell,eng ENG,"DF,MF",Crystal Palace,25-029,1999,6.0,305,261,44,1,0,0,27,43,0,0,0,0,221,0,8,Matches
261,Kaoru Mitoma,jp JPN,"FW,MF",Brighton,27-133,1997,5.9,207,205,2,0,1,0,22,2,0,0,0,0,153,0,10,Matches
262,Mikey Moore,eng ENG,FW,Tottenham,17-050,2007,0.2,3,3,0,0,0,0,0,0,0,0,0,0,2,0,0,Matches
263,Morato,br BRA,DF,Nott'ham Forest,23-092,2001,0.3,6,4,1,1,0,0,0,0,0,0,0,0,2,1,0,Matches
264,Álex Moreno,es ESP,DF,Nott'ham Forest,31-114,1993,2.3,81,58,22,0,1,0,3,22,0,0,0,0,48,1,3,Matches
265,Sam Morsy,eg EGY,MF,Ipswich Town,33-020,1991,5.9,282,269,11,10,1,0,3,0,0,0,0,0,247,2,6,Matches
266,Yerson Mosquera,co COL,DF,Wolves,23-151,2001,4.9,240,230,9,4,0,1,2,0,0,0,0,0,205,1,3,Matches
267,Mason Mount,eng ENG,"MF,FW",Manchester Utd,25-264,1999,1.6,44,39,5,3,0,0,4,0,2,2,0,0,32,0,0,Matches
268,Mykhailo Mudryk,ua UKR,FW,Chelsea,23-269,2001,0.9,20,20,0,0,1,0,3,0,0,0,0,0,11,0,1,Matches
269,Rodrigo Muniz,br BRA,FW,Fulham,23-149,2001,3.1,31,31,0,0,0,0,0,0,0,0,0,0,22,0,2,Matches
270,Daniel Muñoz,co COL,"DF,MF",Crystal Palace,28-127,1996,5.9,310,252,57,12,0,0,8,44,1,0,0,0,247,1,7,Matches
271,Arijanet Muric,xk KVX,GK,Ipswich Town,25-328,1998,5.0,175,142,32,10,0,0,0,0,0,0,0,0,129,1,0,Matches
272,Murillo,br BRA,DF,Nott'ham Forest,22-088,2002,6.0,242,203,36,14,2,4,1,0,0,0,0,0,190,3,2,Matches
273,Jacob Murphy,eng ENG,FW,Newcastle Utd,29-219,1995,3.8,131,121,9,3,2,2,8,3,3,0,0,0,92,1,6,Matches
274,Vitaliy Mykolenko,ua UKR,DF,Everton,25-124,1999,4.3,143,104,37,3,0,0,8,34,0,0,0,0,107,2,2,Matches
275,Iliman Ndiaye,sn SEN,FW,Everton,24-208,2000,4.4,115,111,4,0,0,0,5,2,1,1,0,0,95,0,3,Matches
Rk,Player,Nation,Pos,Squad,Age,Born,90s,Att,Live,Dead,FK,TB,Sw,Crs,TI,CK,In,Out,Str,Cmp,Off,Blocks,Matches
276,Wilfred Ndidi,ng NGA,MF,Leicester City,27-289,1996,5.8,228,225,3,1,2,1,7,2,0,0,0,0,181,0,4,Matches
277,Kosta Nedeljković,rs SRB,DF,Aston Villa,18-289,2005,1.1,36,28,8,1,0,0,1,7,0,0,0,0,31,0,0,Matches
278,Reiss Nelson,eng ENG,FW,Arsenal,24-295,1999,0.0,0,0,0,0,0,0,0,0,0,0,0,0,0,0,0,Matches
279,Reiss Nelson,eng ENG,"FW,MF",Fulham,24-295,1999,0.7,28,28,0,0,0,0,2,0,0,0,0,0,20,0,0,Matches
280,Neto,br BRA,GK,Bournemouth,35-073,1989,2.0,62,42,19,4,0,0,0,0,0,0,0,0,40,1,0,Matches
281,Pedro Neto,pt POR,FW,Chelsea,24-205,2000,2.7,106,98,7,1,0,0,14,1,5,2,0,0,83,1,6,Matches
282,Eddie Nketiah,eng ENG,"MF,FW",Crystal Palace,25-123,1999,2.5,65,64,1,0,0,0,2,1,0,0,0,0,50,0,2,Matches
283,Christopher Nkunku,fr FRA,FW,Chelsea,26-321,1997,1.3,57,57,0,0,0,1,1,0,0,0,0,0,54,0,0,Matches
284,Matheus Nunes,pt POR,"FW,MF",Manchester City,26-034,1998,0.2,18,17,1,1,1,0,1,0,0,0,0,0,15,0,0,Matches
285,Darwin Núñez,uy URU,FW,Liverpool,25-098,1999,1.5,30,30,0,0,0,0,0,0,0,0,0,0,22,0,0,Matches
286,Ethan Nwaneri,eng ENG,"MF,FW",Arsenal,17-193,2007,0.1,11,10,0,0,0,0,0,0,0,0,0,0,9,1,0,Matches
287,Christian Nørgaard,dk DEN,MF,Brentford,30-204,1994,4.0,166,161,3,1,0,0,1,2,0,0,0,0,142,2,4,Matches
288,Jake O'Brien,ie IRL,DF,Everton,23-138,2001,0.3,15,11,4,0,0,0,0,4,0,0,0,0,12,0,0,Matches
289,Dara O'Shea,ie IRL,DF,Ipswich Town,25-210,1999,3.0,153,148,5,5,0,2,0,0,0,0,0,0,123,0,0,Matches
290,Wilson Odobert,fr FRA,FW,Tottenham,19-307,2004,1.8,78,74,1,0,0,0,5,1,0,0,0,0,59,3,4,Matches
291,Chiedozie Ogbene,ie IRL,FW,Ipswich Town,27-152,1997,2.1,33,33,0,0,0,0,3,0,0,0,0,0,23,0,4,Matches
292,Caleb Okoli,it ITA,DF,Leicester City,23-079,2001,4.0,173,160,13,9,0,0,0,0,0,0,0,0,151,0,1,Matches
293,Amadou Onana,be BEL,MF,Aston Villa,23-045,2001,4.7,190,189,1,1,0,0,1,0,0,0,0,0,170,0,3,Matches
294,André Onana,cm CMR,GK,Manchester Utd,28-181,1996,6.0,260,234,24,10,0,0,0,0,0,0,0,0,216,2,0,Matches
295,Frank Onyeka,ng NGA,MF,Brentford,26-273,1998,0.3,7,7,0,0,0,0,0,0,0,0,0,0,6,0,0,Matches
296,William Osula,dk DEN,FW,Newcastle Utd,21-057,2003,0.1,2,1,1,0,0,0,0,0,0,0,0,0,1,0,0,Matches
297,Dango Ouattara,bf BFA,"FW,DF",Bournemouth,22-232,2002,1.7,62,59,3,0,1,1,11,3,0,0,0,0,31,0,2,Matches
298,Cole Palmer,eng ENG,"MF,FW",Chelsea,22-147,2002,5.6,214,184,29,6,5,3,22,5,13,10,1,0,157,1,4,Matches
299,Emerson Palmieri,it ITA,"DF,MF",West Ham,30-058,1994,4.7,214,170,41,7,0,0,9,33,1,0,0,0,179,3,0,Matches
300,Lucas Paquetá,br BRA,MF,West Ham,27-034,1997,4.9,292,270,21,8,1,4,11,2,2,1,1,0,225,1,5,Matches
Rk,Player,Nation,Pos,Squad,Age,Born,90s,Att,Live,Dead,FK,TB,Sw,Crs,TI,CK,In,Out,Str,Cmp,Off,Blocks,Matches
301,Thomas Partey,gh GHA,MF,Arsenal,31-109,1993,5.9,271,260,11,5,1,1,0,0,0,0,0,0,235,0,4,Matches
302,Andreas Pereira,br BRA,MF,Fulham,28-273,1996,5.3,274,219,55,16,0,2,51,1,32,12,17,0,187,0,4,Matches
303,Kalvin Phillips,eng ENG,MF,Ipswich Town,28-303,1995,2.5,108,95,12,7,1,1,5,0,5,5,0,0,86,1,1,Matches
304,Jaden Philogene Bidace,eng ENG,"FW,MF",Aston Villa,22-235,2002,0.5,16,16,0,0,0,0,0,0,0,0,0,0,14,0,1,Matches
305,Jordan Pickford,eng ENG,GK,Everton,30-207,1994,6.0,232,151,78,33,0,0,0,0,0,0,0,0,150,3,0,Matches
306,Ethan Pinnock,jm JAM,DF,Brentford,31-124,1993,6.0,314,283,31,6,0,0,0,3,0,0,0,0,277,0,2,Matches
307,Daniel Podence,pt POR,"MF,FW",Wolves,28-345,1995,0.5,16,15,1,1,0,0,1,0,0,0,0,0,11,0,2,Matches
308,Nick Pope,eng ENG,GK,Newcastle Utd,32-164,1992,6.0,181,108,73,21,0,0,0,0,0,0,0,0,117,0,0,Matches
309,Pedro Porro,es ESP,DF,Tottenham,25-017,1999,6.0,389,326,61,8,1,4,27,53,0,0,0,0,301,2,14,Matches
310,Jarell Quansah,eng ENG,DF,Liverpool,21-245,2003,0.5,28,27,1,1,0,0,0,0,0,0,0,0,25,0,0,Matches
311,Aaron Ramsdale,eng ENG,GK,Southampton,26-139,1998,3.0,115,106,9,5,0,0,0,0,0,0,0,0,78,0,0,Matches
312,Jacob Ramsey,eng ENG,"FW,MF",Aston Villa,23-125,2001,3.7,158,156,1,0,1,0,1,1,0,0,0,0,141,1,2,Matches
313,Marcus Rashford,eng ENG,FW,Manchester Utd,26-335,1997,4.6,129,127,2,1,3,2,8,0,0,0,0,0,93,0,4,Matches
314,David Raya,es ESP,GK,Arsenal,29-015,1995,6.0,210,156,53,13,0,0,0,0,0,0,0,0,134,1,0,Matches
315,Harrison Reed,eng ENG,MF,Fulham,29-247,1995,0.5,24,20,4,2,0,0,3,0,1,0,1,0,16,0,2,Matches
316,Bobby Reid,jm JAM,FW,Leicester City,31-241,1993,1.7,44,43,1,0,0,0,1,0,0,0,0,0,32,0,2,Matches
317,Chadi Riad,ma MAR,DF,Crystal Palace,21-105,2003,1.0,82,82,0,0,0,1,0,0,0,0,0,0,70,0,2,Matches
318,Declan Rice,eng ENG,MF,Arsenal,25-260,1999,4.5,202,172,30,10,0,5,27,0,16,15,0,0,159,0,3,Matches
319,Chris Richards,us USA,DF,Crystal Palace,24-186,2000,3.8,152,148,3,2,0,1,0,1,0,0,0,0,127,1,2,Matches
320,Richarlison,br BRA,"FW,MF",Tottenham,27-143,1997,0.3,13,13,0,0,0,0,0,0,0,0,0,0,9,0,1,Matches
321,Andrew Robertson,sct SCO,DF,Liverpool,30-203,1994,5.6,413,329,84,12,2,2,33,48,24,15,5,0,347,0,7,Matches
322,Antonee Robinson,us USA,DF,Fulham,27-053,1997,6.0,269,226,42,2,0,0,18,40,0,0,0,0,214,1,7,Matches
323,Rodri,es ESP,MF,Manchester City,28-100,1996,0.7,61,60,1,1,0,0,0,0,0,0,0,0,57,0,0,Matches
324,Guido Rodríguez,ar ARG,MF,West Ham,30-171,1994,5.1,225,220,5,5,0,3,2,0,0,0,0,0,188,0,8,Matches
325,Mads Roerslev,dk DEN,DF,Brentford,25-098,1999,2.9,140,121,19,1,0,1,7,18,0,0,0,0,110,0,4,Matches
Rk,Player,Nation,Pos,Squad,Age,Born,90s,Att,Live,Dead,FK,TB,Sw,Crs,TI,CK,In,Out,Str,Cmp,Off,Blocks,Matches
326,Morgan Rogers,eng ENG,"MF,FW",Aston Villa,22-066,2002,5.7,151,136,15,1,1,2,2,2,0,0,0,0,116,0,8,Matches
327,Cristian Romero,ar ARG,DF,Tottenham,26-156,1998,6.0,497,459,36,27,3,1,1,1,0,0,0,0,451,2,4,Matches
328,Georginio Rutter,fr FRA,"FW,MF",Brighton,22-163,2002,2.5,76,74,2,0,2,0,2,0,0,0,0,0,54,0,3,Matches
329,José Sá,pt POR,GK,Wolves,31-257,1993,2.0,70,57,13,6,0,0,0,0,0,0,0,0,42,0,0,Matches
330,Bukayo Saka,eng ENG,"MF,FW",Arsenal,23-025,2001,5.3,192,166,25,3,3,0,31,3,19,16,0,2,151,1,5,Matches
331,Mohamed Salah,eg EGY,FW,Liverpool,32-107,1992,5.9,201,198,3,1,0,1,8,2,0,0,0,0,151,0,5,Matches
332,William Saliba,fr FRA,DF,Arsenal,23-190,2001,6.0,324,315,8,7,0,1,0,0,0,0,0,0,306,1,0,Matches
333,Robert Sánchez,es ESP,GK,Chelsea,26-317,1997,6.0,271,234,36,13,0,1,0,0,0,0,0,0,217,1,0,Matches
334,Jadon Sancho,eng ENG,FW,Chelsea,24-189,2000,1.9,70,68,2,1,3,0,1,1,0,0,0,0,57,0,0,Matches
335,Ibrahim Sangaré,ci CIV,MF,Nott'ham Forest,26-303,1997,2.4,113,107,6,6,0,0,0,0,0,0,0,0,86,0,5,Matches
336,Pablo Sarabia,es ESP,"FW,MF",Wolves,32-142,1992,0.3,27,22,4,0,0,0,2,1,2,2,0,0,17,1,2,Matches
337,Jeremy Sarmiento,ec ECU,MF,Brighton,22-106,2002,0.1,6,6,0,0,0,0,0,0,0,0,0,0,6,0,0,Matches
338,Ismaila Sarr,sn SEN,"FW,MF",Crystal Palace,26-218,1998,1.5,55,55,0,0,0,0,8,0,0,0,0,0,41,0,1,Matches
339,Sávio,br BRA,FW,Manchester City,20-173,2004,3.2,172,158,14,2,2,1,21,0,12,8,0,0,134,0,5,Matches
340,Kevin Schade,de GER,"FW,MF",Brentford,22-308,2001,3.3,68,66,2,0,0,1,8,2,0,0,0,0,34,0,3,Matches
341,Fabian Schär,ch SUI,DF,Newcastle Utd,32-285,1991,3.3,203,189,10,10,2,6,0,0,0,0,0,0,169,4,0,Matches
342,Jeffrey Schlupp,gh GHA,"MF,DF",Crystal Palace,31-282,1992,0.4,24,21,3,0,0,0,3,3,0,0,0,0,18,0,0,Matches
343,Alex Scott,eng ENG,MF,Bournemouth,21-040,2003,1.8,69,65,3,2,0,1,0,0,0,0,0,0,60,1,2,Matches
344,Matz Sels,be BEL,GK,Nott'ham Forest,32-217,1992,6.0,166,118,45,14,0,0,0,0,0,0,0,0,80,3,0,Matches
345,Nélson Semedo,pt POR,DF,Wolves,30-319,1993,3.7,149,124,25,1,0,0,3,24,0,0,0,0,125,0,1,Matches
346,Antoine Semenyo,gh GHA,FW,Bournemouth,24-267,2000,4.8,130,127,2,0,0,1,6,2,0,0,0,0,90,1,4,Matches
347,Marcos Senesi,ar ARG,DF,Bournemouth,27-143,1997,2.8,132,125,6,5,0,0,2,1,0,0,0,0,92,1,0,Matches
348,Bernardo Silva,pt POR,"MF,FW",Manchester City,30-051,1994,5.1,289,264,24,10,1,0,12,8,3,1,0,0,258,1,9,Matches
349,Jota Silva,pt POR,"MF,FW",Nott'ham Forest,25-060,1999,1.0,23,22,0,0,1,0,3,0,0,0,0,0,13,1,1,Matches
350,Luis Sinisterra,co COL,FW,Bournemouth,25-105,1999,1.7,51,50,0,0,0,0,2,0,0,0,0,0,41,1,1,Matches
Rk,Player,Nation,Pos,Squad,Age,Born,90s,Att,Live,Dead,FK,TB,Sw,Crs,TI,CK,In,Out,Str,Cmp,Off,Blocks,Matches
351,Oliver Skipp,eng ENG,MF,Leicester City,24-014,2000,3.0,111,110,1,1,1,0,0,0,0,0,0,0,96,0,3,Matches
352,William Smallbone,ie IRL,MF,Southampton,24-222,2000,2.4,124,98,25,3,0,0,19,3,15,8,4,0,89,1,6,Matches
353,Adam Smith,eng ENG,DF,Bournemouth,33-154,1991,2.0,58,37,21,1,0,0,4,20,0,0,0,0,43,0,3,Matches
354,Emile Smith Rowe,eng ENG,MF,Fulham,24-064,2000,4.9,225,216,8,3,1,1,3,1,0,0,0,0,202,1,4,Matches
355,Dominic Solanke,eng ENG,FW,Tottenham,27-016,1997,4.0,72,67,5,0,1,0,2,0,0,0,0,0,52,0,3,Matches
356,Carlos Soler,es ESP,MF,West Ham,27-272,1997,1.1,42,40,2,2,0,0,1,0,0,0,0,0,36,0,1,Matches
357,Ramón Sosa,py PAR,"MF,FW",Nott'ham Forest,25-030,1999,0.7,23,20,3,1,0,0,3,0,2,1,1,0,13,0,0,Matches
358,Tomáš Souček,cz CZE,MF,West Ham,29-216,1995,4.1,120,119,1,0,0,1,3,1,0,0,0,0,91,0,3,Matches
359,Boubakary Soumaré,fr FRA,MF,Leicester City,25-216,1999,0.1,3,3,0,0,0,0,0,0,0,0,0,0,3,0,0,Matches
360,Djed Spence,eng ENG,DF,Tottenham,24-052,2000,0.7,37,36,1,0,0,0,2,1,0,0,0,0,33,0,0,Matches
361,Jay Stansfield,eng ENG,MF,Fulham,21-311,2002,0.0,0,0,0,0,0,0,0,0,0,0,0,0,0,0,0,Matches
362,Jason Steele,eng ENG,GK,Brighton,34-043,1990,2.0,112,104,8,6,0,0,0,0,0,0,0,0,101,0,0,Matches
363,Jack Stephens,eng ENG,DF,Southampton,30-247,1994,3.9,327,314,13,4,0,0,0,4,0,0,0,0,307,0,0,Matches
364,Raheem Sterling,eng ENG,"MF,FW",Arsenal,29-297,1994,0.3,13,13,0,0,0,0,1,0,0,0,0,0,10,0,0,Matches
365,Ross Stewart,sct SCO,FW,Southampton,28-081,1996,0.7,15,15,0,0,0,0,0,0,0,0,0,0,12,0,1,Matches
366,John Stones,eng ENG,"DF,MF",Manchester City,30-125,1994,1.5,70,70,0,0,0,0,0,0,0,0,0,0,62,0,1,Matches
367,Jørgen Strand Larsen,no NOR,FW,Wolves,24-237,2000,5.3,77,73,4,0,0,0,1,0,0,0,0,0,46,0,2,Matches
368,Yukinari Sugawara,jp JPN,DF,Southampton,24-094,2000,4.3,277,238,38,9,0,4,22,26,3,0,3,0,216,1,10,Matches
369,Crysencio Summerville,nl NED,"FW,MF",West Ham,22-336,2001,1.5,47,46,1,0,1,0,3,1,0,0,0,0,34,0,3,Matches
370,Sammie Szmodics,ie IRL,"FW,MF",Ipswich Town,29-006,1995,3.2,49,48,1,0,0,0,0,0,0,0,0,0,36,0,3,Matches
371,Dominik Szoboszlai,hu HUN,MF,Liverpool,23-341,2000,5.5,296,278,18,2,2,3,7,6,2,1,1,0,257,0,4,Matches
372,James Tarkowski,eng ENG,DF,Everton,31-316,1992,6.0,206,197,8,6,0,1,0,0,0,0,0,0,158,1,3,Matches
373,Marcus Tavernier,eng ENG,"FW,MF",Bournemouth,25-192,1999,4.8,183,151,30,5,1,0,29,7,12,10,1,0,130,2,9,Matches
374,Charlie Taylor,eng ENG,DF,Southampton,31-012,1993,1.2,72,63,8,2,0,0,3,6,0,0,0,0,60,1,1,Matches
375,Jack Taylor,ie IRL,MF,Ipswich Town,26-099,1998,1.1,57,57,0,0,1,0,0,0,0,0,0,0,48,0,2,Matches
Rk,Player,Nation,Pos,Squad,Age,Born,90s,Att,Live,Dead,FK,TB,Sw,Crs,TI,CK,In,Out,Str,Cmp,Off,Blocks,Matches
376,Kenny Tete,nl NED,DF,Fulham,28-357,1995,6.0,295,228,66,3,0,0,11,63,0,0,0,0,234,1,9,Matches
377,Youri Tielemans,be BEL,MF,Aston Villa,27-146,1997,5.9,411,385,26,14,4,3,20,2,10,8,1,1,355,0,3,Matches
378,Jurriën Timber,nl NED,DF,Arsenal,23-105,2001,5.0,196,163,32,2,1,0,7,30,0,0,0,0,149,1,7,Matches
379,Jean-Clair Todibo,fr FRA,DF,West Ham,24-275,1999,1.1,56,56,0,0,0,0,1,0,0,0,0,0,48,0,0,Matches
380,Harry Toffolo,eng ENG,DF,Nott'ham Forest,29-042,1995,0.4,30,19,11,0,0,0,3,10,1,1,0,0,22,0,2,Matches
381,Sandro Tonali,it ITA,MF,Newcastle Utd,24-145,2000,1.8,51,49,2,1,0,0,4,0,1,1,0,0,42,0,1,Matches
382,Pau Torres,es ESP,DF,Aston Villa,27-258,1997,6.0,407,377,28,19,3,1,1,2,0,0,0,0,350,2,1,Matches
383,Adama Traoré,es ESP,FW,Fulham,28-249,1996,5.2,161,161,0,0,1,1,21,0,0,0,0,0,120,0,3,Matches
384,Mark Travers,ie IRL,GK,Bournemouth,25-135,1999,1.0,18,15,3,1,0,0,0,0,0,0,0,0,11,0,0,Matches
385,Ryan Trevitt,eng ENG,MF,Brentford,21-202,2003,0.0,7,6,0,0,0,0,0,0,0,0,0,0,4,1,1,Matches
386,Kieran Trippier,eng ENG,DF,Newcastle Utd,34-011,1990,2.3,160,120,40,8,0,0,16,23,9,7,2,0,127,0,2,Matches
387,Leandro Trossard,be BEL,FW,Arsenal,29-301,1994,3.4,91,86,4,1,0,1,6,2,1,1,0,0,66,1,2,Matches
388,Kostas Tsimikas,gr GRE,DF,Liverpool,28-141,1996,0.4,30,27,3,0,0,0,0,3,0,0,0,0,27,0,1,Matches
389,Axel Tuanzebe,cd COD,DF,Ipswich Town,26-321,1997,5.7,223,176,47,15,0,1,3,32,0,0,0,0,193,0,2,Matches
390,Destiny Udogie,it ITA,DF,Tottenham,21-307,2002,5.3,315,270,44,5,0,0,8,39,0,0,0,0,273,1,8,Matches
391,Manuel Ugarte Ribeiro,uy URU,MF,Manchester Utd,23-172,2001,1.2,52,51,1,1,0,0,0,0,0,0,0,0,49,0,0,Matches
392,Lesley Ugochukwu,fr FRA,MF,Southampton,20-188,2004,1.1,33,32,1,1,0,0,0,0,0,0,0,0,31,0,1,Matches
393,Enes Ünal,tr TUR,FW,Bournemouth,27-143,1997,0.3,4,4,0,0,0,0,0,0,0,0,0,0,4,0,0,Matches
394,Virgil van Dijk,nl NED,DF,Liverpool,33-084,1991,6.0,465,430,34,11,0,5,0,3,0,0,0,0,432,1,0,Matches
395,Jamie Vardy,eng ENG,FW,Leicester City,37-263,1987,5.6,71,55,14,0,0,0,1,0,0,0,0,0,46,2,4,Matches
396,Renato Veiga,pt POR,"MF,DF",Chelsea,21-063,2003,1.4,100,94,6,1,0,0,0,5,0,0,0,0,89,0,1,Matches
397,Joël Veltman,nl NED,DF,Brighton,32-259,1992,4.8,271,221,50,10,0,1,6,40,0,0,0,0,219,0,8,Matches
398,Micky van de Ven,nl NED,DF,Tottenham,23-164,2001,4.9,368,355,12,7,0,1,0,0,0,0,0,0,342,1,2,Matches
399,Bart Verbruggen,nl NED,GK,Brighton,22-043,2002,4.0,156,146,9,3,0,0,0,0,0,0,0,0,141,1,0,Matches
400,Jannik Vestergaard,dk DEN,DF,Leicester City,32-058,1992,2.0,84,81,3,3,0,0,0,0,0,0,0,0,76,0,0,Matches
Rk,Player,Nation,Pos,Squad,Age,Born,90s,Att,Live,Dead,FK,TB,Sw,Crs,TI,CK,In,Out,Str,Cmp,Off,Blocks,Matches
401,Guglielmo Vicario,it ITA,GK,Tottenham,27-359,1996,6.0,225,210,15,2,0,0,0,0,0,0,0,0,202,0,1,Matches
402,Kyle Walker,eng ENG,DF,Manchester City,34-125,1990,2.9,259,226,33,6,1,2,5,27,0,0,0,0,231,0,1,Matches
403,Kyle Walker-Peters,eng ENG,DF,Southampton,27-170,1997,3.9,263,233,29,9,1,0,7,18,2,0,0,0,236,1,4,Matches
404,Christian Walton,eng ENG,GK,Ipswich Town,28-326,1995,1.0,42,32,10,4,0,0,0,0,0,0,0,0,33,0,0,Matches
405,Aaron Wan-Bissaka,eng ENG,"DF,MF",West Ham,26-309,1997,4.3,176,152,24,1,2,1,9,23,0,0,0,0,143,0,3,Matches
406,James Ward-Prowse,eng ENG,MF,West Ham,29-334,1994,0.2,15,12,3,1,0,0,3,0,2,2,0,0,11,0,0,Matches
407,James Ward-Prowse,eng ENG,MF,Nott'ham Forest,29-334,1994,2.3,95,79,15,8,0,1,11,0,6,2,4,0,73,1,1,Matches
408,Ollie Watkins,eng ENG,FW,Aston Villa,28-275,1995,4.9,55,54,1,0,0,0,1,0,0,0,0,0,44,0,4,Matches
409,Adam Webster,eng ENG,DF,Brighton,29-270,1995,0.8,75,75,0,0,0,0,1,0,0,0,0,0,68,0,2,Matches
410,Danny Welbeck,eng ENG,FW,Brighton,33-309,1990,5.6,110,104,6,0,0,0,1,0,0,0,0,0,93,0,5,Matches
411,Timo Werner,de GER,"FW,MF",Tottenham,28-208,1996,1.3,72,68,4,1,1,0,7,3,0,0,0,0,51,0,3,Matches
412,Adam Wharton,eng ENG,MF,Crystal Palace,20-120,2004,5.3,311,292,19,7,2,1,15,0,12,8,0,0,250,0,4,Matches
413,Ben White,eng ENG,DF,Arsenal,26-358,1997,4.5,182,149,32,8,1,4,2,24,0,0,0,0,153,1,2,Matches
414,Mats Wieffer,nl NED,MF,Brighton,24-319,1999,1.9,148,146,2,2,0,1,0,0,0,0,0,0,127,0,2,Matches
415,Neco Williams,wls WAL,DF,Nott'ham Forest,23-170,2001,3.7,127,102,24,5,0,0,7,19,0,0,0,0,90,1,10,Matches
416,Joe Willock,eng ENG,"MF,FW",Newcastle Utd,25-041,1999,1.4,35,35,0,0,0,1,3,0,0,0,0,0,30,0,0,Matches
417,Harry Wilson,wls WAL,FW,Fulham,27-192,1997,0.4,18,16,2,2,1,0,0,0,0,0,0,0,15,0,2,Matches
418,Harry Winks,eng ENG,MF,Leicester City,28-241,1996,6.0,311,275,34,22,0,1,16,2,10,7,2,0,268,2,5,Matches
419,Yoane Wissa,cd COD,FW,Brentford,28-027,1996,3.2,78,72,6,2,2,0,1,0,0,0,0,0,64,0,0,Matches
420,Chris Wood,nz NZL,FW,Nott'ham Forest,32-298,1991,5.3,85,85,0,0,0,1,1,0,0,0,0,0,56,0,3,Matches
421,Luke Woolfenden,eng ENG,DF,Ipswich Town,25-345,1998,3.0,145,137,6,5,0,2,0,1,0,0,0,0,127,2,0,Matches
422,Yehor Yarmoliuk,ua UKR,MF,Brentford,20-213,2004,1.1,72,72,0,0,1,0,4,0,0,0,0,0,58,0,1,Matches
423,Ryan Yates,eng ENG,MF,Nott'ham Forest,26-314,1997,4.0,163,145,16,12,0,0,0,0,0,0,0,0,142,2,1,Matches
424,Ashley Young,eng ENG,DF,Everton,39-083,1985,3.7,196,149,45,1,1,1,8,44,0,0,0,0,141,2,5,Matches
425,Illia Zabarnyi,ua UKR,DF,Bournemouth,22-029,2002,5.0,241,232,9,9,0,1,0,0,0,0,0,0,198,0,0,Matches
Rk,Player,Nation,Pos,Squad,Age,Born,90s,Att,Live,Dead,FK,TB,Sw,Crs,TI,CK,In,Out,Str,Cmp,Off,Blocks,Matches
426,Oleksandr Zinchenko,ua UKR,DF,Arsenal,27-290,1996,0.9,64,52,12,4,0,1,1,8,0,0,0,0,53,0,1,Matches
427,Joshua Zirkzee,nl NED,FW,Manchester Utd,23-131,2001,3.9,96,93,2,0,1,0,1,0,0,0,0,0,76,1,4,Matches
428,Martin Ødegaard,no NOR,MF,Arsenal,25-288,1998,2.8,106,101,4,3,4,0,4,1,0,0,0,0,82,1,3,Matches
