Unnamed: 0_level_0,Unnamed: 1_level_0,Unnamed: 2_level_0,Unnamed: 3_level_0,Unnamed: 4_level_0,Unnamed: 5_level_0,Unnamed: 6_level_0,Unnamed: 7_level_0,Total,Total,Total,Total,Total,Short,Short,Short,Medium,Medium,Medium,Long,Long,Long,Unnamed: 22_level_0,Unnamed: 23_level_0,Expected,Expected,Unnamed: 26_level_0,Unnamed: 27_level_0,Unnamed: 28_level_0,Unnamed: 29_level_0,Unnamed: 30_level_0,Unnamed: 31_level_0
Rk,Player,Nation,Pos,Squad,Age,Born,90s,Cmp,Att,Cmp%,TotDist,PrgDist,Cmp,Att,Cmp%,Cmp,Att,Cmp%,Cmp,Att,Cmp%,Ast,xAG,xA,A-xAG,KP,1/3,PPA,CrsPA,PrgP,Matches
1,Junior Adamu,at AUT,FW,Freiburg,23-116,2001,4.5,57,93,61.3,678,38,30,45,66.7,15,25,60.0,1,2,50.0,1,1.1,1.2,-0.1,8,1,1,0,2,Matches
2,Karim Adeyemi,de GER,"FW,MF",Dortmund,22-256,2002,3.4,60,82,73.2,816,94,32,42,76.2,22,26,84.6,0,0,,3,1.7,0.6,+1.3,9,0,3,0,3,Matches
3,Amine Adli,ma MAR,"MF,FW",Leverkusen,24-143,2000,1.4,45,62,72.6,565,69,29,37,78.4,12,15,80.0,2,7,28.6,0,0.0,0.4,0.0,1,1,1,0,3,Matches
4,Oladapo Afolayan,eng ENG,FW,St. Pauli,26-231,1998,3.1,42,65,64.6,797,169,21,28,75.0,11,20,55.0,9,11,81.8,0,0.4,0.1,-0.4,3,6,2,1,6,Matches
5,Felix Agu,de GER,DF,Werder Bremen,25-003,1999,4.7,155,186,83.3,2713,853,70,80,87.5,70,80,87.5,13,17,76.5,0,0.4,0.8,-0.4,7,4,11,7,10,Matches
6,Kevin Akpoguma,ng NGA,DF,Hoffenheim,29-164,1995,5.0,262,293,89.4,4876,1903,100,102,98.0,134,148,90.5,23,34,67.6,0,0.0,0.1,0.0,1,36,0,0,26,Matches
7,Andreas Albers,dk DEN,FW,St. Pauli,34-191,1990,0.3,6,14,42.9,92,18,4,8,50.0,1,3,33.3,1,1,100.0,0,0.1,0.0,-0.1,2,0,0,0,1,Matches
8,Skelly Alvero,fr FRA,MF,Werder Bremen,22-149,2002,0.5,6,8,75.0,76,18,4,4,100.0,2,3,66.7,0,0,,0,0.0,0.0,0.0,0,0,1,0,1,Matches
9,Aurele Amenda,ch SUI,DF,Eint Frankfurt,21-061,2003,0.6,26,30,86.7,487,166,7,8,87.5,16,16,100.0,2,4,50.0,0,0.0,0.0,0.0,0,0,0,0,1,Matches
10,Nadiem Amiri,de GER,MF,Mainz 05,27-339,1996,3.3,147,196,75.0,2811,1087,57,67,85.1,55,66,83.3,27,46,58.7,0,0.5,1.4,-0.5,6,24,6,1,23,Matches
11,Mohamed Amoura,dz ALG,"FW,MF",Wolfsburg,24-144,2000,2.4,32,49,65.3,435,72,20,27,74.1,9,13,69.2,1,2,50.0,2,0.5,0.2,+1.5,3,1,1,1,1,Matches
12,Robert Andrich,de GER,MF,Leverkusen,30-008,1994,2.8,122,137,89.1,1749,351,74,76,97.4,41,48,85.4,5,7,71.4,0,0.0,0.1,0.0,1,7,1,0,7,Matches
13,Waldemar Anton,de GER,DF,Dortmund,28-072,1996,5.0,334,363,92.0,6166,1807,131,136,96.3,175,186,94.1,26,36,72.2,0,0.0,0.1,0.0,1,20,0,0,22,Matches
14,Maximilian Arnold,de GER,MF,Wolfsburg,30-126,1994,4.9,138,175,78.9,2718,793,52,57,91.2,61,69,88.4,21,42,50.0,1,0.2,0.3,+0.8,3,18,1,0,16,Matches
15,Jann-Fiete Arp,de GER,"FW,MF",Holstein Kiel,24-268,2000,1.5,20,34,58.8,403,153,9,13,69.2,7,11,63.6,4,7,57.1,0,0.1,0.2,-0.1,1,0,2,1,2,Matches
16,Arthur,br BRA,DF,Leverkusen,21-197,2003,0.1,4,4,100.0,76,43,0,0,,4,4,100.0,0,0,,0,0.0,0.0,0.0,0,0,0,0,0,Matches
17,Noah Atubolu,de GER,GK,Freiburg,22-128,2002,3.0,100,128,78.1,2698,1973,19,19,100.0,48,49,98.0,33,60,55.0,0,0.0,0.0,0.0,0,2,0,0,0,Matches
18,Ridle Baku,de GER,"FW,MF",Wolfsburg,26-175,1998,3.6,82,123,66.7,1258,410,44,54,81.5,27,41,65.9,6,12,50.0,0,0.3,0.7,-0.3,3,7,6,3,11,Matches
19,Aliou Baldé,gn GUI,"MF,FW",Bochum,21-293,2002,1.0,11,20,55.0,187,62,6,9,66.7,5,8,62.5,0,0,,0,0.2,0.2,-0.2,2,1,2,1,1,Matches
20,Samuel Bamba,de GER,"FW,MF",Bochum,20-230,2004,0.1,6,9,66.7,100,17,3,3,100.0,3,3,100.0,0,2,0.0,0,0.0,0.0,0.0,1,1,0,0,0,Matches
21,Scott Banks,sct SCO,FW,St. Pauli,23-004,2001,0.2,2,4,50.0,32,0,1,1,100.0,1,2,50.0,0,0,,0,0.0,0.0,0.0,0,0,0,0,0,Matches
22,Aymen Barkok,ma MAR,MF,Mainz 05,26-132,1998,0.8,26,37,70.3,506,182,14,17,82.4,6,9,66.7,4,5,80.0,0,0.1,0.3,-0.1,1,7,3,1,5,Matches
23,Maximilian Bauer,de GER,DF,Augsburg,24-234,2000,2.8,86,104,82.7,1571,566,36,40,90.0,39,44,88.6,10,18,55.6,0,0.1,0.1,-0.1,1,9,1,1,7,Matches
24,Oliver Baumann,de GER,GK,Hoffenheim,34-120,1990,5.0,121,170,71.2,3264,2433,27,27,100.0,57,58,98.3,35,83,42.2,0,0.1,0.0,-0.1,1,3,0,0,0,Matches
25,Christoph Baumgartner,at AUT,"MF,DF",RB Leipzig,25-060,1999,1.2,27,48,56.3,346,75,16,23,69.6,10,14,71.4,0,4,0.0,0,0.0,0.0,0.0,0,0,0,0,0,Matches
Rk,Player,Nation,Pos,Squad,Age,Born,90s,Cmp,Att,Cmp%,TotDist,PrgDist,Cmp,Att,Cmp%,Cmp,Att,Cmp%,Cmp,Att,Cmp%,Ast,xAG,xA,A-xAG,KP,1/3,PPA,CrsPA,PrgP,Matches
26,Adrian Beck,de GER,FW,Heidenheim,27-113,1997,2.3,66,87,75.9,1283,261,28,39,71.8,26,32,81.3,11,13,84.6,1,0.2,0.2,+0.8,2,6,1,1,5,Matches
27,Timo Becker,de GER,DF,Holstein Kiel,27-189,1997,5.0,154,189,81.5,3079,1163,60,65,92.3,69,80,86.3,22,34,64.7,0,0.0,0.1,0.0,1,8,0,0,7,Matches
28,Kevin Behrens,de GER,FW,Wolfsburg,33-240,1991,0.5,10,19,52.6,137,22,7,14,50.0,2,3,66.7,0,0,,0,0.0,0.0,0.0,0,0,0,0,0,Matches
29,Maximilian Beier,de GER,"FW,MF",Dortmund,21-349,2002,1.5,18,27,66.7,223,10,10,16,62.5,5,7,71.4,0,0,,0,0.1,0.1,-0.1,2,0,0,0,2,Matches
30,Stefan Bell,de GER,DF,Mainz 05,33-037,1991,1.8,62,79,78.5,1359,665,15,20,75.0,33,38,86.8,12,19,63.2,0,0.0,0.0,0.0,1,3,0,0,4,Matches
31,Jeanuël Belocian,fr FRA,DF,Leverkusen,19-226,2005,0.5,28,33,84.8,313,105,22,23,95.7,5,7,71.4,0,1,0.0,0,0.0,0.0,0.0,0,2,0,0,1,Matches
32,László Bénes,sk SVK,"MF,FW",Union Berlin,27-021,1997,1.5,45,64,70.3,948,408,19,23,82.6,11,16,68.8,13,21,61.9,0,0.2,0.2,-0.2,5,8,1,1,4,Matches
33,Ramy Bensebaini,dz ALG,"DF,FW",Dortmund,29-167,1995,1.9,62,78,79.5,965,460,34,43,79.1,26,30,86.7,1,3,33.3,1,0.5,0.2,+0.5,2,4,2,0,6,Matches
34,Mergim Berisha,de GER,FW,Hoffenheim,26-142,1998,2.4,22,31,71.0,328,63,12,13,92.3,7,11,63.6,1,2,50.0,1,0.5,0.3,+0.5,1,2,2,0,5,Matches
35,Alexander Bernhardsson,se SWE,"DF,FW",Holstein Kiel,26-022,1998,1.7,22,34,64.7,337,128,11,14,78.6,11,16,68.8,0,4,0.0,0,0.2,0.1,-0.2,1,2,1,0,3,Matches
36,Matúš Bero,sk SVK,MF,Bochum,29-024,1995,4.7,116,160,72.5,1906,552,56,69,81.2,45,61,73.8,9,19,47.4,0,0.2,0.3,-0.2,5,14,4,2,15,Matches
37,El Bilal Touré,ml MLI,"FW,MF",Stuttgart,22-363,2001,0.7,14,20,70.0,187,32,9,13,69.2,2,2,100.0,2,2,100.0,0,0.1,0.1,-0.1,3,0,1,0,1,Matches
38,Tom Bischof,de GER,MF,Hoffenheim,19-094,2005,2.1,62,87,71.3,1126,428,24,33,72.7,25,28,89.3,8,15,53.3,0,0.2,0.4,-0.2,4,7,2,0,10,Matches
39,Leonardo Bittencourt,de GER,MF,Werder Bremen,30-286,1993,0.0,1,2,50.0,6,0,1,1,100.0,0,1,0.0,0,0,,0,0.0,0.0,0.0,0,0,0,0,0,Matches
40,Myron Boadu,nl NED,"FW,MF",Bochum,23-260,2001,2.9,22,32,68.8,336,57,12,16,75.0,9,11,81.8,0,0,,1,0.3,0.1,+0.7,4,0,1,0,3,Matches
41,Sacha Boey,fr FRA,DF,Bayern Munich,24-017,2000,1.4,76,87,87.4,1014,291,53,57,93.0,18,23,78.3,2,4,50.0,1,0.9,0.6,+0.1,1,6,0,0,0,Matches
42,Victor Boniface,ng NGA,FW,Leverkusen,23-282,2000,3.8,51,66,77.3,717,146,26,36,72.2,16,17,94.1,4,5,80.0,1,0.7,0.5,+0.3,4,2,4,1,6,Matches
43,Sebastiaan Bornauw,be BEL,DF,Wolfsburg,25-192,1999,5.0,106,138,76.8,1974,507,40,44,90.9,58,71,81.7,8,18,44.4,0,0.0,0.1,0.0,0,8,1,0,7,Matches
44,Carlo Boukhalfa,ma MAR,MF,St. Pauli,25-150,1999,2.6,44,72,61.1,533,192,31,42,73.8,8,14,57.1,2,6,33.3,0,0.1,0.0,-0.1,2,2,1,0,6,Matches
45,Julian Brandt,de GER,MF,Dortmund,28-151,1996,4.2,172,217,79.3,2578,716,101,119,84.9,58,73,79.5,9,15,60.0,2,0.8,0.9,+1.2,9,18,11,1,30,Matches
46,Tim Breithaupt,de GER,MF,Augsburg,22-236,2002,1.3,58,67,86.6,1042,369,20,24,83.3,34,36,94.4,3,4,75.0,1,0.4,0.3,+0.6,1,10,1,1,10,Matches
47,Maximilian Breunig,de GER,"FW,MF",Heidenheim,24-047,2000,2.4,31,55,56.4,540,90,12,22,54.5,13,18,72.2,4,4,100.0,0,0.2,0.1,-0.2,3,4,0,0,5,Matches
48,Moritz Broschinski,de GER,FW,Bochum,24-007,2000,2.8,26,45,57.8,323,39,13,20,65.0,8,11,72.7,0,2,0.0,0,0.0,0.1,0.0,1,1,0,0,3,Matches
49,Jacob Bruun Larsen,dk DEN,"DF,FW",Hoffenheim,26-011,1998,1.0,27,38,71.1,452,150,15,18,83.3,6,9,66.7,5,8,62.5,0,0.0,0.2,0.0,1,2,0,0,4,Matches
50,Marius Bülter,de GER,FW,Hoffenheim,31-185,1993,4.0,60,81,74.1,870,231,37,41,90.2,17,26,65.4,3,7,42.9,1,0.9,0.9,+0.1,5,8,5,3,5,Matches
Rk,Player,Nation,Pos,Squad,Age,Born,90s,Cmp,Att,Cmp%,TotDist,PrgDist,Cmp,Att,Cmp%,Cmp,Att,Cmp%,Cmp,Att,Cmp%,Ast,xAG,xA,A-xAG,KP,1/3,PPA,CrsPA,PrgP,Matches
51,Jonathan Burkardt,de GER,"FW,MF",Mainz 05,24-081,2000,5.0,69,93,74.2,1059,159,39,49,79.6,22,27,81.5,4,10,40.0,0,0.1,0.3,-0.1,3,6,2,0,8,Matches
52,Marnon Busch,de GER,DF,Heidenheim,29-297,1994,1.7,74,101,73.3,1589,573,24,29,82.8,38,44,86.4,12,27,44.4,0,0.1,0.1,-0.1,1,6,3,3,3,Matches
53,Anthony Caci,fr FRA,DF,Mainz 05,27-091,1997,4.2,135,196,68.9,2424,970,69,80,86.3,46,65,70.8,18,37,48.6,0,0.4,1.1,-0.4,4,9,3,1,12,Matches
54,Emre Can,de GER,"MF,DF",Dortmund,30-262,1994,3.2,187,213,87.8,3042,819,95,100,95.0,79,86,91.9,11,19,57.9,0,0.0,0.2,0.0,0,15,0,0,20,Matches
55,Julian Chabot,de GER,DF,Stuttgart,26-231,1998,4.8,316,362,87.3,5933,2493,127,140,90.7,163,175,93.1,26,44,59.1,0,0.1,0.1,-0.1,2,20,0,0,18,Matches
56,El Chadaille Bitshiabu,fr FRA,DF,RB Leipzig,19-137,2005,1.1,43,51,84.3,957,415,11,15,73.3,23,27,85.2,9,9,100.0,0,0.0,0.0,0.0,0,2,0,0,2,Matches
57,Fares Chaïbi,dz ALG,"FW,MF",Eint Frankfurt,21-307,2002,3.1,84,125,67.2,1482,552,43,49,87.8,26,36,72.2,11,32,34.4,0,0.4,0.7,-0.4,8,9,6,1,15,Matches
58,Anrie Chase,jp JPN,DF,Stuttgart,20-190,2004,2.5,155,170,91.2,2850,826,55,57,96.5,90,97,92.8,9,12,75.0,0,0.0,0.1,0.0,0,8,1,0,8,Matches
59,Fabio Chiarodia,it ITA,DF,Gladbach,19-117,2005,0.0,0,0,,0,0,0,0,,0,0,,0,0,,0,0.0,0.0,0.0,0,0,0,0,0,Matches
60,Nnamdi Collins,de GER,DF,Eint Frankfurt,20-264,2004,0.0,0,0,,0,0,0,0,,0,0,,0,0,,0,0.0,0.0,0.0,0,0,0,0,0,Matches
61,Kingsley Coman,fr FRA,"FW,MF",Bayern Munich,28-109,1996,2.3,85,106,80.2,1375,235,46,52,88.5,31,41,75.6,6,10,60.0,1,0.4,0.4,+0.6,6,7,2,0,6,Matches
62,Sirlord Conteh,de GER,"FW,DF",Heidenheim,28-083,1996,1.4,28,42,66.7,490,199,13,17,76.5,9,13,69.2,4,6,66.7,1,1.1,0.7,-0.1,4,4,2,1,5,Matches
63,Yan Couto,br BRA,DF,Dortmund,22-119,2002,1.6,92,114,80.7,1556,405,43,46,93.5,41,51,80.4,7,13,53.8,0,0.3,0.7,-0.3,3,13,3,1,11,Matches
64,Tomáš Čvančara,cz CZE,"FW,MF",Gladbach,24-048,2000,0.9,18,26,69.2,256,62,9,13,69.2,7,8,87.5,0,0,,0,0.1,0.1,-0.1,1,1,2,1,3,Matches
65,Mahmoud Dahoud,de GER,MF,Eint Frankfurt,28-273,1996,0.6,25,31,80.6,370,143,15,15,100.0,7,9,77.8,2,4,50.0,0,0.0,0.0,0.0,1,1,0,0,2,Matches
66,Bence Dárdai,de GER,FW,Wolfsburg,18-250,2006,0.1,2,3,66.7,49,33,1,1,100.0,0,0,,1,2,50.0,0,0.1,0.0,-0.1,1,1,0,0,2,Matches
67,Lukas Daschner,de GER,"MF,FW",Bochum,25-365,1998,2.0,30,46,65.2,484,169,15,19,78.9,5,14,35.7,5,7,71.4,0,0.3,0.1,-0.3,2,2,0,0,1,Matches
68,Alphonso Davies,ca CAN,DF,Bayern Munich,23-333,2000,3.3,208,225,92.4,2940,678,126,134,94.0,75,77,97.4,4,6,66.7,0,0.2,0.7,-0.2,4,13,5,0,24,Matches
69,Olivier Deman,be BEL,DF,Werder Bremen,24-177,2000,0.2,5,6,83.3,91,70,1,1,100.0,4,5,80.0,0,0,,0,0.0,0.0,0.0,0,1,1,0,2,Matches
70,Ermedin Demirović,ba BIH,FW,Stuttgart,26-189,1998,3.6,51,73,69.9,662,134,34,41,82.9,15,22,68.2,0,0,,0,0.3,0.3,-0.3,3,4,2,0,7,Matches
71,Justin Diehl,de GER,DF,Stuttgart,19-308,2004,0.3,11,17,64.7,113,12,8,10,80.0,2,3,66.7,0,3,0.0,0,0.0,0.0,0.0,0,0,0,0,0,Matches
72,Eric Dier,eng ENG,DF,Bayern Munich,30-259,1994,0.1,8,8,100.0,105,36,5,5,100.0,3,3,100.0,0,0,,0,0.0,0.0,0.0,0,0,0,0,0,Matches
73,Junior Dina Ebimbe,fr FRA,"FW,MF",Eint Frankfurt,23-314,2000,1.0,19,34,55.9,314,32,8,17,47.1,11,14,78.6,0,2,0.0,0,0.5,0.5,-0.5,2,0,1,0,1,Matches
74,Eren Dinkçi,de GER,MF,Freiburg,22-292,2001,2.1,55,76,72.4,788,188,26,33,78.8,21,29,72.4,2,2,100.0,1,0.4,0.2,+0.6,7,3,3,0,7,Matches
75,Ritsu Doan,jp JPN,FW,Freiburg,26-106,1998,4.6,104,158,65.8,1781,689,46,61,75.4,43,62,69.4,12,17,70.6,0,0.0,0.5,0.0,1,14,4,0,22,Matches
Rk,Player,Nation,Pos,Squad,Age,Born,90s,Cmp,Att,Cmp%,TotDist,PrgDist,Cmp,Att,Cmp%,Cmp,Att,Cmp%,Cmp,Att,Cmp%,Ast,xAG,xA,A-xAG,KP,1/3,PPA,CrsPA,PrgP,Matches
76,Danilho Doekhi,nl NED,DF,Union Berlin,26-092,1998,5.0,128,168,76.2,2148,736,59,66,89.4,53,63,84.1,11,27,40.7,0,0.0,0.0,0.0,1,6,0,0,7,Matches
77,Niklas Dorsch,de GER,MF,Augsburg,26-259,1998,0.4,22,26,84.6,342,77,12,12,100.0,9,12,75.0,1,1,100.0,0,0.0,0.0,0.0,0,1,0,0,1,Matches
78,Niklas Dorsch,de GER,MF,Heidenheim,26-259,1998,1.4,62,72,86.1,1185,446,24,24,100.0,25,27,92.6,10,15,66.7,0,0.1,0.2,-0.1,3,7,2,0,7,Matches
79,Patrick Drewes,de GER,GK,Bochum,31-239,1993,5.0,146,227,64.3,5127,4372,24,24,100.0,51,51,100.0,71,150,47.3,0,0.0,0.0,0.0,0,3,0,0,0,Matches
80,Tim Drexler,de GER,DF,Hoffenheim,19-208,2005,3.5,135,159,84.9,2334,909,71,77,92.2,49,56,87.5,13,18,72.2,0,0.0,0.2,0.0,1,13,2,0,14,Matches
81,Marvin Ducksch,de GER,FW,Werder Bremen,30-207,1994,4.1,71,118,60.2,1456,467,25,35,71.4,24,39,61.5,17,33,51.5,1,0.4,1.2,+0.6,4,6,6,3,14,Matches
82,Julien Duranville,be BEL,FW,Dortmund,18-148,2006,0.3,3,7,42.9,50,40,2,3,66.7,1,3,33.3,0,1,0.0,0,0.3,0.5,-0.3,1,0,0,0,1,Matches
83,Adam Dźwigała,pl POL,"DF,MF",St. Pauli,29-005,1995,1.0,48,66,72.7,900,425,13,18,72.2,30,33,90.9,4,14,28.6,0,0.0,0.1,0.0,0,3,1,0,4,Matches
84,Johannes Eggestein,de GER,FW,St. Pauli,26-145,1998,4.4,85,122,69.7,1358,332,39,51,76.5,33,42,78.6,7,17,41.2,1,0.8,0.5,+0.2,6,7,5,1,12,Matches
85,Maximilian Eggestein,de GER,MF,Freiburg,27-297,1996,4.7,153,192,79.7,2615,695,75,89,84.3,67,78,85.9,9,13,69.2,0,0.1,0.3,-0.1,2,19,1,1,21,Matches
86,Hugo Ekitike,fr FRA,FW,Eint Frankfurt,22-102,2002,3.2,65,86,75.6,915,199,40,50,80.0,21,26,80.8,2,4,50.0,2,1.8,1.2,+0.2,9,3,8,2,7,Matches
87,Nico Elvedi,ch SUI,DF,Gladbach,28-000,1996,5.0,321,358,89.7,5133,1596,149,160,93.1,157,171,91.8,9,16,56.3,0,0.1,0.1,-0.1,1,14,1,0,14,Matches
88,Arne Engels,be BEL,"MF,FW",Augsburg,21-022,2003,0.9,19,27,70.4,195,57,14,16,87.5,2,3,66.7,0,3,0.0,0,0.0,0.0,0.0,0,2,0,0,1,Matches
89,Patrick Erras,de GER,DF,Holstein Kiel,29-253,1995,2.5,132,138,95.7,2161,895,61,64,95.3,62,63,98.4,7,8,87.5,0,0.1,0.1,-0.1,2,0,0,0,2,Matches
90,Samuel Essende,cd COD,FW,Augsburg,26-251,1998,3.6,43,61,70.5,592,102,16,25,64.0,18,22,81.8,1,1,100.0,0,0.8,1.1,-0.8,4,1,1,1,3,Matches
91,Kilian Fischer,de GER,DF,Wolfsburg,23-354,2000,5.0,129,191,67.5,2174,888,60,74,81.1,55,85,64.7,10,20,50.0,0,0.0,0.1,0.0,1,9,3,0,15,Matches
92,Jonas Föhrenbach,de GER,"DF,FW",Heidenheim,28-248,1996,5.0,155,222,69.8,2745,1127,63,76,82.9,74,98,75.5,14,28,50.0,1,0.5,0.6,+0.5,3,12,4,4,16,Matches
93,Marco Friedl,at AUT,DF,Werder Bremen,26-198,1998,2.7,126,135,93.3,2591,856,26,26,100.0,84,87,96.6,14,18,77.8,0,0.0,0.1,0.0,0,3,2,0,7,Matches
94,Marvin Friedrich,de GER,FW,Gladbach,28-292,1995,0.0,0,0,,0,0,0,0,,0,0,,0,0,,0,0.0,0.0,0.0,0,0,0,0,0,Matches
95,Jeremie Frimpong,nl NED,DF,Leverkusen,23-295,2000,3.7,92,116,79.3,1280,360,55,64,85.9,28,34,82.4,4,5,80.0,1,0.2,0.2,+0.8,2,2,4,1,6,Matches
96,Chris Führich,de GER,"FW,MF",Stuttgart,26-265,1998,1.9,63,77,81.8,951,264,37,38,97.4,20,27,74.1,5,9,55.6,0,0.1,0.2,-0.1,1,8,2,0,10,Matches
97,Aleix García,es ESP,MF,Leverkusen,27-094,1997,2.1,186,209,89.0,3020,967,106,113,93.8,58,63,92.1,17,26,65.4,1,1.2,0.9,-0.2,7,19,3,1,17,Matches
98,Lutsharel Geertruida,nl NED,DF,RB Leipzig,24-074,2000,3.0,217,248,87.5,3324,1113,112,124,90.3,90,99,90.9,8,13,61.5,0,0.0,0.1,0.0,1,25,4,1,22,Matches
99,Dennis Geiger,de GER,MF,Hoffenheim,26-112,1998,1.9,53,67,79.1,741,188,34,40,85.0,19,21,90.5,0,2,0.0,0,0.1,0.1,-0.1,1,5,1,0,5,Matches
100,Valentin Gendrey,fr FRA,"DF,FW",Hoffenheim,24-101,2000,1.3,32,52,61.5,519,233,14,15,93.3,15,24,62.5,2,10,20.0,0,0.3,0.3,-0.3,3,4,1,0,5,Matches
Rk,Player,Nation,Pos,Squad,Age,Born,90s,Cmp,Att,Cmp%,TotDist,PrgDist,Cmp,Att,Cmp%,Cmp,Att,Cmp%,Cmp,Att,Cmp%,Ast,xAG,xA,A-xAG,KP,1/3,PPA,CrsPA,PrgP,Matches
101,Yannick Gerhardt,de GER,"FW,MF",Wolfsburg,30-201,1994,0.5,9,18,50.0,119,51,5,9,55.6,4,8,50.0,0,0,,0,0.0,0.0,0.0,0,0,0,0,1,Matches
102,Max Geschwill,de GER,DF,Holstein Kiel,23-085,2001,2.9,117,150,78.0,2360,1196,34,40,85.0,65,74,87.8,18,33,54.5,0,0.2,0.2,-0.2,2,13,1,1,13,Matches
103,Dimitris Giannoulis,gr GRE,DF,Augsburg,28-349,1995,4.8,196,258,76.0,3443,1500,89,98,90.8,81,93,87.1,20,43,46.5,1,0.5,1.0,+0.5,4,11,9,4,19,Matches
104,Armin Gigovic,ba BIH,MF,Holstein Kiel,22-177,2002,2.0,55,71,77.5,847,233,32,35,91.4,21,22,95.5,2,8,25.0,0,0.0,0.0,0.0,1,2,0,0,5,Matches
105,Benedikt Gimber,de GER,DF,Heidenheim,27-224,1997,5.0,176,220,80.0,3656,1034,46,54,85.2,111,126,88.1,17,33,51.5,0,0.0,0.0,0.0,0,3,0,0,6,Matches
106,Matthias Ginter,de GER,DF,Freiburg,30-255,1994,2.7,160,189,84.7,3234,1370,55,62,88.7,86,98,87.8,18,26,69.2,0,0.0,0.1,0.0,0,15,3,0,24,Matches
107,Jamie Gittens,eng ENG,"FW,DF",Dortmund,20-053,2004,2.5,58,67,86.6,721,146,44,45,97.8,12,14,85.7,2,3,66.7,1,0.4,0.3,+0.6,3,5,4,0,7,Matches
108,Serge Gnabry,de GER,"FW,MF",Bayern Munich,29-078,1995,3.6,136,170,80.0,2066,377,79,93,84.9,49,61,80.3,3,5,60.0,2,0.8,0.7,+1.2,5,3,8,0,14,Matches
109,Leon Goretzka,de GER,DF,Bayern Munich,29-237,1995,0.0,3,3,100.0,47,14,0,0,,3,3,100.0,0,0,,0,0.0,0.0,0.0,0,0,0,0,0,Matches
110,Robin Gosens,de GER,DF,Union Berlin,30-087,1994,1.0,23,42,54.8,381,218,13,17,76.5,9,20,45.0,1,4,25.0,0,0.1,0.1,-0.1,1,3,2,0,4,Matches
111,Mario Götze,de GER,"FW,MF",Eint Frankfurt,32-119,1992,2.5,75,91,82.4,1075,264,42,45,93.3,26,31,83.9,3,5,60.0,1,0.3,0.1,+0.7,3,10,2,0,9,Matches
112,Jeffrey Gouweleeuw,nl NED,DF,Augsburg,33-082,1991,5.0,257,300,85.7,5639,2472,52,60,86.7,170,181,93.9,34,54,63.0,1,0.6,1.1,+0.4,6,29,8,2,32,Matches
113,Kamil Grabara,pl POL,GK,Wolfsburg,25-266,1999,5.0,112,208,53.8,3867,2884,14,14,100.0,44,44,100.0,53,148,35.8,0,0.0,0.1,0.0,1,14,1,0,1,Matches
114,Michael Gregoritsch,at AUT,FW,Freiburg,30-165,1994,0.2,4,5,80.0,67,16,1,1,100.0,3,4,75.0,0,0,,0,0.0,0.0,0.0,0,0,1,0,3,Matches
115,Vincenzo Grifo,it ITA,"FW,MF",Freiburg,31-176,1993,4.5,214,270,79.3,4158,1259,90,97,92.8,88,94,93.6,29,60,48.3,2,1.9,1.9,+0.1,15,27,10,0,29,Matches
116,Florian Grillitsch,at AUT,"MF,DF",Hoffenheim,29-054,1995,2.3,122,137,89.1,2429,826,46,50,92.0,57,60,95.0,16,23,69.6,0,0.0,0.3,0.0,1,16,1,0,7,Matches
117,Álex Grimaldo,es ESP,DF,Leverkusen,29-010,1995,5.0,294,357,82.4,4465,1511,177,192,92.2,78,96,81.3,28,42,66.7,1,1.7,2.1,-0.7,17,18,13,5,33,Matches
118,Pascal Groß,de GER,MF,Dortmund,33-107,1991,4.5,370,434,85.3,6568,2210,188,197,95.4,128,143,89.5,45,78,57.7,1,1.0,1.5,0.0,17,27,7,2,43,Matches
119,Marco Grüll,at AUT,"FW,MF",Werder Bremen,26-086,1998,1.5,29,38,76.3,354,123,16,18,88.9,7,8,87.5,1,3,33.3,0,0.2,0.1,-0.2,1,1,4,0,5,Matches
120,Raphaël Guerreiro,pt POR,DF,Bayern Munich,30-283,1993,2.9,229,263,87.1,3160,947,151,163,92.6,73,81,90.1,3,10,30.0,0,0.1,0.3,-0.1,3,19,2,0,15,Matches
121,Morgan Guilavogui,gn GUI,FW,St. Pauli,26-204,1998,2.1,46,70,65.7,624,115,30,42,71.4,11,16,68.8,3,5,60.0,0,0.4,0.2,-0.4,4,5,1,1,3,Matches
122,Serhou Guirassy,gn GUI,FW,Dortmund,28-202,1996,2.8,50,66,75.8,636,96,32,40,80.0,14,16,87.5,1,2,50.0,0,0.4,0.1,-0.4,2,0,2,0,4,Matches
123,Péter Gulácsi,hu HUN,GK,RB Leipzig,34-147,1990,5.0,134,154,87.0,3192,1997,28,28,100.0,66,69,95.7,40,57,70.2,0,0.0,0.0,0.0,0,0,0,0,0,Matches
124,Christian Günter,de GER,DF,Freiburg,31-215,1993,4.8,165,222,74.3,2654,864,88,100,88.0,61,76,80.3,12,36,33.3,0,0.5,1.4,-0.5,6,14,8,7,6,Matches
125,Janik Haberer,de GER,"DF,MF",Union Berlin,30-181,1994,3.8,138,193,71.5,2265,801,65,76,85.5,59,80,73.8,10,27,37.0,0,0.0,0.7,0.0,0,14,1,0,18,Matches
Rk,Player,Nation,Pos,Squad,Age,Born,90s,Cmp,Att,Cmp%,TotDist,PrgDist,Cmp,Att,Cmp%,Cmp,Att,Cmp%,Cmp,Att,Cmp%,Ast,xAG,xA,A-xAG,KP,1/3,PPA,CrsPA,PrgP,Matches
126,Robin Hack,de GER,"FW,MF",Gladbach,26-034,1998,1.5,62,76,81.6,791,222,42,42,100.0,13,18,72.2,4,8,50.0,1,0.3,0.5,+0.7,4,4,3,2,5,Matches
127,Amadou Haidara,ml MLI,MF,RB Leipzig,26-243,1998,3.2,192,228,84.2,2947,822,104,114,91.2,74,85,87.1,9,21,42.9,0,0.0,0.1,0.0,0,19,1,0,14,Matches
128,Andreas Hanche-Olsen,no NOR,DF,Mainz 05,27-257,1997,3.3,85,107,79.4,1601,446,29,30,96.7,48,56,85.7,8,21,38.1,1,0.2,0.4,+0.8,1,5,0,0,3,Matches
129,Ramon Hendriks,nl NED,DF,Stuttgart,23-074,2001,0.0,1,2,50.0,21,20,0,0,,1,1,100.0,0,1,0.0,0,0.0,0.0,0.0,0,1,0,0,1,Matches
130,Benjamin Henrichs,de GER,DF,RB Leipzig,27-220,1997,2.6,111,143,77.6,1893,580,49,57,86.0,49,56,87.5,10,16,62.5,1,0.9,0.8,+0.1,7,12,3,1,11,Matches
131,Piero Hincapié,ec ECU,DF,Leverkusen,22-265,2002,4.4,259,289,89.6,4190,1432,117,129,90.7,117,123,95.1,14,22,63.6,0,0.1,0.3,-0.1,1,24,1,1,22,Matches
132,Adam Hložek,cz CZE,"FW,MF",Hoffenheim,22-067,2002,2.7,29,40,72.5,439,112,15,19,78.9,12,15,80.0,1,1,100.0,1,0.7,0.6,+0.3,1,3,1,1,6,Matches
133,Nicolas Höfler,de GER,MF,Freiburg,34-205,1990,0.6,23,31,74.2,400,132,8,9,88.9,13,17,76.5,0,0,,0,0.0,0.1,0.0,0,2,1,0,3,Matches
134,Jonas Hofmann,de GER,MF,Leverkusen,32-078,1992,0.7,29,36,80.6,369,59,18,21,85.7,9,13,69.2,1,1,100.0,0,0.0,0.0,0.0,0,1,0,0,3,Matches
135,Philipp Hofmann,de GER,FW,Bochum,31-184,1993,3.5,51,91,56.0,651,180,30,44,68.2,14,31,45.2,2,7,28.6,2,0.9,0.6,+1.1,4,5,0,0,6,Matches
136,Lucas Höler,de GER,"MF,FW",Freiburg,30-082,1994,1.2,34,41,82.9,418,51,26,27,96.3,8,11,72.7,0,0,,1,0.2,0.1,+0.8,1,2,1,0,2,Matches
137,Benedict Hollerbach,de GER,"MF,FW",Union Berlin,23-136,2001,3.9,57,91,62.6,838,177,32,43,74.4,16,23,69.6,5,9,55.6,0,0.2,0.5,-0.2,2,3,4,0,9,Matches
138,Lewis Holtby,de GER,MF,Holstein Kiel,34-012,1990,4.4,138,184,75.0,2140,751,72,81,88.9,54,65,83.1,7,28,25.0,0,0.2,0.2,-0.2,6,5,1,1,8,Matches
139,Franck Honorat,fr FRA,FW,Gladbach,28-050,1996,2.6,54,86,62.8,730,207,29,42,69.0,21,29,72.4,1,7,14.3,1,1.2,0.8,-0.2,6,3,2,1,10,Matches
140,Mathias Honsak,at AUT,"MF,FW",Heidenheim,27-285,1996,0.9,24,33,72.7,392,164,13,15,86.7,8,11,72.7,3,6,50.0,1,0.9,0.5,+0.1,2,3,0,0,1,Matches
141,Lukáš Hrádecký,fi FIN,GK,Leverkusen,34-311,1989,4.0,95,120,79.2,2512,1889,18,18,100.0,47,48,97.9,29,53,54.7,0,0.0,0.0,0.0,0,0,0,0,0,Matches
142,Robin Hranáč,cz CZE,DF,Hoffenheim,24-245,2000,1.0,34,47,72.3,676,166,8,13,61.5,23,26,88.5,3,8,37.5,0,0.0,0.0,0.0,0,5,0,0,3,Matches
143,Hong Hyunseok,kr KOR,MF,Mainz 05,25-106,1999,2.4,48,61,78.7,614,144,28,33,84.8,15,19,78.9,1,2,50.0,1,0.6,0.1,+0.4,2,3,2,0,6,Matches
144,Oscar Højlund,dk DEN,MF,Eint Frankfurt,19-270,2005,0.2,2,3,66.7,34,0,1,1,100.0,1,1,100.0,0,0,,0,0.0,0.0,0.0,0,0,0,0,0,Matches
145,Jackson Irvine,au AUS,MF,St. Pauli,31-207,1993,5.0,130,184,70.7,1984,745,74,95,77.9,46,62,74.2,7,12,58.3,1,0.7,0.9,+0.3,6,16,6,0,28,Matches
146,Ko Itakura,jp JPN,DF,Gladbach,27-247,1997,5.0,308,359,85.8,5205,1801,131,141,92.9,167,185,90.3,9,28,32.1,0,0.2,0.5,-0.2,1,11,1,0,11,Matches
147,Marko Ivezić,rs SRB,DF,Holstein Kiel,22-303,2001,1.0,33,37,89.2,658,187,10,10,100.0,17,20,85.0,5,6,83.3,0,0.0,0.0,0.0,0,1,0,0,2,Matches
148,Lee Jae-sung,kr KOR,MF,Mainz 05,32-051,1992,3.8,90,121,74.4,1331,348,53,63,84.1,28,38,73.7,6,8,75.0,0,0.8,0.6,-0.8,6,5,5,0,15,Matches
149,Kristijan Jakić,hr CRO,MF,Augsburg,27-139,1997,2.9,103,125,82.4,1836,702,47,53,88.7,43,47,91.5,11,15,73.3,1,0.2,0.6,+0.8,2,13,1,0,17,Matches
150,Dominik Javorček,sk SVK,DF,Holstein Kiel,21-333,2002,0.5,10,14,71.4,243,150,2,3,66.7,5,7,71.4,3,4,75.0,0,0.0,0.0,0.0,0,0,0,0,0,Matches
Rk,Player,Nation,Pos,Squad,Age,Born,90s,Cmp,Att,Cmp%,TotDist,PrgDist,Cmp,Att,Cmp%,Cmp,Att,Cmp%,Cmp,Att,Cmp%,Ast,xAG,xA,A-xAG,KP,1/3,PPA,CrsPA,PrgP,Matches
151,Fredrik Jensen,fi FIN,"MF,DF",Augsburg,27-021,1997,1.2,28,39,71.8,490,147,16,19,84.2,6,8,75.0,5,7,71.4,0,0.1,0.2,-0.1,2,1,1,0,4,Matches
152,Moritz Jenz,de GER,DF,Mainz 05,25-153,1999,3.0,100,122,82.0,1933,800,28,34,82.4,63,70,90.0,9,18,50.0,0,0.0,0.0,0.0,1,9,0,0,7,Matches
153,Carl Johansson,se SWE,DF,Holstein Kiel,30-130,1994,3.9,193,220,87.7,3394,1160,79,85,92.9,100,111,90.1,13,19,68.4,0,0.3,0.1,-0.3,4,2,2,0,8,Matches
154,Anthony Jung,de GER,DF,Werder Bremen,32-332,1991,4.5,285,314,90.8,4693,1663,135,141,95.7,128,138,92.8,16,25,64.0,0,0.0,0.2,0.0,0,29,3,1,25,Matches
155,Yusuf Kabadayı,de GER,"MF,FW",Augsburg,20-241,2004,0.4,11,16,68.8,181,54,5,5,100.0,5,7,71.4,1,2,50.0,0,0.0,0.0,0.0,1,0,1,0,2,Matches
156,Pavel Kadeřábek,cz CZE,DF,Hoffenheim,32-158,1992,4.8,147,218,67.4,2405,792,79,99,79.8,54,77,70.1,12,29,41.4,0,0.4,0.3,-0.4,6,15,4,2,12,Matches
157,Jakub Kamiński,pl POL,"DF,MF",Wolfsburg,22-117,2002,5.0,150,190,78.9,2095,575,93,104,89.4,39,53,73.6,10,19,52.6,1,1.5,1.2,-0.5,9,9,2,1,13,Matches
158,Kevin Kampl,si SVN,MF,RB Leipzig,33-357,1990,2.9,204,225,90.7,3216,835,97,102,95.1,93,99,93.9,10,15,66.7,0,0.1,0.1,-0.1,2,16,2,0,17,Matches
159,Harry Kane,eng ENG,FW,Bayern Munich,31-064,1993,4.8,87,106,82.1,1664,491,33,41,80.5,40,44,90.9,12,16,75.0,4,1.5,1.5,+2.5,10,14,8,1,18,Matches
160,Atakan Karazor,de GER,MF,Stuttgart,27-353,1996,4.4,289,324,89.2,4604,1300,142,155,91.6,118,125,94.4,18,22,81.8,1,1.0,0.8,0.0,5,21,1,0,17,Matches
161,Mikkel Kaufmann,dk DEN,FW,Heidenheim,23-271,2001,0.9,7,18,38.9,97,37,2,7,28.6,3,6,50.0,0,0,,0,0.1,0.0,-0.1,2,0,3,0,3,Matches
162,Andu Kelati,de GER,MF,Holstein Kiel,22-048,2002,1.1,34,43,79.1,776,245,10,12,83.3,15,17,88.2,9,11,81.8,1,0.7,0.1,+0.3,2,8,2,2,6,Matches
163,Aljoscha Kemlein,de GER,MF,Union Berlin,20-059,2004,0.1,7,11,63.6,108,6,4,5,80.0,3,4,75.0,0,0,,0,0.0,0.0,0.0,0,0,0,0,0,Matches
164,Luca Kerber,de GER,"MF,FW",Heidenheim,22-204,2002,0.9,14,16,87.5,197,68,9,10,90.0,3,3,100.0,1,1,100.0,0,0.0,0.0,0.0,0,1,1,0,2,Matches
165,Rani Khedira,de GER,MF,Union Berlin,30-247,1994,5.0,139,185,75.1,2148,767,75,90,83.3,47,61,77.0,9,16,56.3,0,0.1,0.1,-0.1,2,18,2,1,14,Matches
166,Joshua Kimmich,de GER,"MF,DF",Bayern Munich,29-235,1995,5.0,523,571,91.6,9030,2800,243,253,96.0,230,241,95.4,47,69,68.1,0,1.3,1.3,-1.3,13,61,4,1,49,Matches
167,Tim Kleindienst,de GER,FW,Gladbach,29-030,1995,4.9,47,82,57.3,631,162,31,43,72.1,14,24,58.3,1,2,50.0,1,1.5,1.1,-0.5,7,1,3,1,5,Matches
168,Lukas Klostermann,de GER,DF,RB Leipzig,28-119,1996,3.2,269,292,92.1,4584,1543,108,116,93.1,146,151,96.7,11,17,64.7,0,0.0,0.1,0.0,0,15,0,0,15,Matches
169,Ansgar Knauff,de GER,"MF,FW",Eint Frankfurt,22-264,2002,1.5,29,42,69.0,371,175,18,22,81.8,8,13,61.5,1,2,50.0,1,0.8,0.2,+0.2,4,1,2,0,7,Matches
170,Magnus Knudsen,no NOR,MF,Holstein Kiel,23-107,2001,4.7,183,202,90.6,3310,1013,77,83,92.8,88,94,93.6,15,20,75.0,0,0.0,0.1,0.0,1,8,2,0,19,Matches
171,Gregor Kobel,ch SUI,GK,Dortmund,26-299,1997,5.0,170,197,86.3,3731,2479,53,55,96.4,82,83,98.8,35,59,59.3,0,0.0,0.0,0.0,0,1,0,0,0,Matches
172,Robin Koch,de GER,DF,Eint Frankfurt,28-075,1996,5.0,235,260,90.4,4789,1791,72,76,94.7,133,140,95.0,29,36,80.6,0,0.0,0.1,0.0,0,19,1,0,17,Matches
173,Derrick Köhn,de GER,DF,Werder Bremen,25-239,1999,1.6,52,59,88.1,723,100,31,35,88.6,20,21,95.2,1,2,50.0,0,0.1,0.2,-0.1,2,1,2,0,3,Matches
174,Dominik Kohr,de GER,"DF,MF",Mainz 05,30-243,1994,4.8,153,211,72.5,2659,1117,68,83,81.9,67,82,81.7,13,33,39.4,0,0.1,0.2,-0.1,1,14,1,1,19,Matches
175,Marco Komenda,hr CRO,DF,Holstein Kiel,27-309,1996,1.0,28,42,66.7,494,208,14,18,77.8,9,15,60.0,4,7,57.1,0,0.0,0.0,0.0,1,4,0,0,1,Matches
Rk,Player,Nation,Pos,Squad,Age,Born,90s,Cmp,Att,Cmp%,TotDist,PrgDist,Cmp,Att,Cmp%,Cmp,Att,Cmp%,Cmp,Att,Cmp%,Ast,xAG,xA,A-xAG,KP,1/3,PPA,CrsPA,PrgP,Matches
176,Mert Kömür,de GER,MF,Augsburg,19-075,2005,0.3,6,8,75.0,82,15,3,4,75.0,3,3,100.0,0,0,,0,0.0,0.0,0.0,0,0,0,0,1,Matches
177,Henri Koudossou,de GER,DF,Augsburg,25-027,1999,0.3,7,8,87.5,100,29,5,6,83.3,2,2,100.0,0,0,,0,0.0,0.0,0.0,0,0,0,0,0,Matches
178,Konstantinos Koulierakis,gr GRE,DF,Wolfsburg,20-307,2003,1.6,37,55,67.3,770,382,13,16,81.3,15,23,65.2,8,14,57.1,1,0.0,0.1,+1.0,1,1,2,2,1,Matches
179,Matej Kovar,cz CZE,GK,Leverkusen,24-136,2000,1.0,24,25,96.0,633,434,6,6,100.0,12,12,100.0,6,7,85.7,0,0.0,0.0,0.0,0,2,0,0,0,Matches
180,Andrej Kramarić,hr CRO,MF,Hoffenheim,33-103,1991,3.9,133,172,77.3,2147,548,71,80,88.8,42,57,73.7,12,20,60.0,1,0.9,1.3,+0.1,6,9,7,2,21,Matches
181,Frans Krätzig,de GER,DF,Stuttgart,21-260,2003,0.6,36,41,87.8,510,123,23,23,100.0,12,16,75.0,1,2,50.0,0,0.0,0.0,0.0,0,3,0,0,2,Matches
182,Rasmus Kristensen,dk DEN,"DF,MF",Eint Frankfurt,27-081,1997,5.0,183,234,78.2,3426,1507,83,88,94.3,73,93,78.5,24,41,58.5,0,0.2,1.1,-0.2,4,23,8,1,25,Matches
183,Lukas Kübler,de GER,DF,Freiburg,32-031,1992,4.5,150,207,72.5,2727,884,53,66,80.3,75,100,75.0,16,29,55.2,0,0.3,0.2,-0.3,2,13,2,0,17,Matches
184,Moritz-Broni Kwarteng,gh GHA,MF,Bochum,26-155,1998,0.7,22,24,91.7,280,76,11,11,100.0,9,10,90.0,0,0,,0,0.1,0.0,-0.1,3,3,2,0,4,Matches
185,Nediljko Labrović,hr CRO,GK,Augsburg,24-356,1999,5.0,120,160,75.0,3312,2445,16,16,100.0,70,71,98.6,34,72,47.2,0,0.0,0.0,0.0,0,3,0,0,0,Matches
186,Konrad Laimer,at AUT,"DF,MF",Bayern Munich,27-126,1997,1.3,71,82,86.6,962,168,47,54,87.0,23,25,92.0,0,0,,0,0.0,0.1,0.0,0,8,2,0,12,Matches
187,Stefan Lainer,at AUT,DF,Gladbach,32-034,1992,0.1,3,5,60.0,38,34,2,3,66.7,1,1,100.0,0,1,0.0,0,0.0,0.0,0.0,0,0,0,0,0,Matches
188,Hugo Larsson,se SWE,MF,Eint Frankfurt,20-095,2004,4.8,124,143,86.7,2158,652,56,58,96.6,51,59,86.4,13,19,68.4,0,0.2,0.3,-0.2,3,10,2,0,19,Matches
189,Diogo Leite,pt POR,DF,Union Berlin,25-251,1999,5.0,188,246,76.4,3447,1790,88,101,87.1,63,85,74.1,28,47,59.6,0,0.1,0.2,-0.1,2,16,4,0,19,Matches
190,Maxim Leitsch,de GER,DF,Mainz 05,26-135,1998,2.1,50,68,73.5,847,360,26,31,83.9,22,29,75.9,2,5,40.0,0,0.0,0.0,0.0,1,5,0,0,8,Matches
191,Jamie Leweling,de GER,"FW,MF",Stuttgart,23-217,2001,4.7,114,159,71.7,1717,427,73,84,86.9,35,48,72.9,6,15,40.0,0,1.2,0.8,-1.2,7,8,5,4,14,Matches
192,Philipp Lienhart,at AUT,DF,Freiburg,28-081,1996,4.5,304,349,87.1,6003,2387,100,109,91.7,170,180,94.4,33,54,61.1,0,0.0,0.1,0.0,0,29,1,0,27,Matches
193,Anthony Losilla,fr FRA,MF,Bochum,38-204,1986,3.1,69,86,80.2,1063,339,24,32,75.0,29,34,85.3,5,8,62.5,0,0.1,0.2,-0.1,4,3,3,2,6,Matches
194,Castello Lukeba,fr FRA,DF,RB Leipzig,21-288,2002,3.9,257,282,91.1,4419,1770,108,120,90.0,134,137,97.8,14,21,66.7,0,0.0,0.1,0.0,0,15,1,0,8,Matches
195,Senne Lynen,be BEL,MF,Werder Bremen,25-224,1999,4.8,181,211,85.8,3025,682,77,85,90.6,87,98,88.8,11,16,68.8,0,0.1,0.2,-0.1,1,10,1,0,9,Matches
196,Shuto Machino,jp JPN,"FW,MF",Holstein Kiel,25-000,1999,3.7,88,125,70.4,1540,538,43,48,89.6,30,41,73.2,13,28,46.4,0,0.3,0.2,-0.3,4,8,3,0,13,Matches
197,Arne Maier,de GER,MF,Augsburg,25-266,1999,1.9,105,130,80.8,2101,634,42,47,89.4,41,47,87.2,20,28,71.4,0,0.4,0.7,-0.4,9,9,2,0,12,Matches
198,Patrick Mainka,de GER,DF,Heidenheim,29-329,1994,5.0,181,211,85.8,3762,1623,50,60,83.3,111,120,92.5,20,30,66.7,0,0.0,0.0,0.0,1,8,0,0,9,Matches
199,Lovro Majer,hr CRO,MF,Wolfsburg,26-257,1998,1.3,17,27,63.0,230,98,13,14,92.9,2,5,40.0,1,4,25.0,0,0.0,0.0,0.0,0,2,0,0,1,Matches
200,Jordy Makengo,fr FRA,DF,Freiburg,23-058,2001,0.2,12,12,100.0,266,92,1,1,100.0,9,9,100.0,2,2,100.0,0,0.1,0.2,-0.1,1,0,1,1,0,Matches
Rk,Player,Nation,Pos,Squad,Age,Born,90s,Cmp,Att,Cmp%,TotDist,PrgDist,Cmp,Att,Cmp%,Cmp,Att,Cmp%,Cmp,Att,Cmp%,Ast,xAG,xA,A-xAG,KP,1/3,PPA,CrsPA,PrgP,Matches
201,Julián Malatini,ar ARG,DF,Werder Bremen,23-122,2001,1.4,79,88,89.8,1380,308,30,32,93.8,44,46,95.7,5,10,50.0,0,0.0,0.1,0.0,0,6,1,0,9,Matches
202,Donyell Malen,nl NED,"FW,DF",Dortmund,25-265,1999,1.8,44,62,71.0,613,198,30,35,85.7,11,16,68.8,2,3,66.7,0,0.0,0.1,0.0,0,1,2,1,5,Matches
203,Lennard Maloney,us USA,MF,Heidenheim,24-358,1999,3.2,67,104,64.4,1204,427,30,43,69.8,28,35,80.0,7,15,46.7,0,0.0,0.0,0.0,1,4,0,0,7,Matches
204,Johan Manzambi,ch SUI,FW,Freiburg,18-352,2005,0.1,5,5,100.0,90,27,2,2,100.0,2,2,100.0,1,1,100.0,0,0.0,0.0,0.0,0,0,0,0,1,Matches
205,Omar Marmoush,eg EGY,"FW,MF",Eint Frankfurt,25-236,1999,4.6,69,92,75.0,1276,419,35,42,83.3,18,25,72.0,13,19,68.4,3,3.5,1.3,-0.5,13,7,6,1,11,Matches
206,Erhan Mašović,rs SRB,DF,Bochum,25-313,1998,3.2,139,160,86.9,3072,1174,29,32,90.6,91,98,92.9,19,30,63.3,0,0.0,0.0,0.0,0,9,0,0,18,Matches
207,Igor Matanovic,hr CRO,FW,Eint Frankfurt,21-183,2003,1.6,24,32,75.0,357,58,14,16,87.5,8,11,72.7,2,2,100.0,0,0.0,0.1,0.0,1,2,0,0,2,Matches
208,Chrislain Matsima,fr FRA,DF,Augsburg,22-138,2002,0.4,16,17,94.1,295,133,4,4,100.0,12,13,92.3,0,0,,0,0.0,0.0,0.0,0,1,0,0,2,Matches
209,Jean Mattéo Bahoya,fr FRA,MF,Eint Frankfurt,19-146,2005,0.1,4,5,80.0,60,11,2,2,100.0,2,3,66.7,0,0,,1,0.3,0.2,+0.7,1,0,0,0,1,Matches
210,Keke Maximilian Topp,de GER,"FW,MF",Werder Bremen,20-189,2004,1.3,19,33,57.6,233,46,13,18,72.2,5,10,50.0,0,0,,0,0.7,0.2,-0.7,4,2,2,0,3,Matches
211,Jakov Medić,hr CRO,DF,Bochum,26-023,1998,4.8,163,184,88.6,3134,854,52,57,91.2,100,106,94.3,11,18,61.1,0,0.0,0.3,0.0,0,4,1,0,6,Matches
212,Connor Metcalfe,au AUS,MF,St. Pauli,24-330,1999,2.5,54,88,61.4,879,352,29,38,76.3,20,24,83.3,5,18,27.8,0,0.1,0.1,-0.1,2,5,0,0,6,Matches
213,Karol Mets,ee EST,DF,St. Pauli,31-137,1993,5.0,274,332,82.5,5416,2056,82,94,87.2,160,174,92.0,30,56,53.6,0,0.0,0.1,0.0,0,22,1,0,26,Matches
214,Florian Micheler,at AUT,MF,Hoffenheim,19-136,2005,0.4,11,12,91.7,158,45,6,6,100.0,5,5,100.0,0,0,,0,0.0,0.0,0.0,0,1,0,0,1,Matches
215,Enzo Millot,fr FRA,MF,Stuttgart,22-075,2002,3.9,197,226,87.2,3000,885,124,136,91.2,64,72,88.9,9,15,60.0,2,1.4,1.3,+0.6,8,19,3,1,24,Matches
216,Kim Min-jae,kr KOR,DF,Bayern Munich,27-320,1996,4.9,470,518,90.7,7602,3151,227,239,95.0,226,244,92.6,14,26,53.8,0,0.0,0.1,0.0,0,36,0,0,32,Matches
217,Maximilian Mittelstädt,de GER,DF,Stuttgart,27-196,1997,4.1,261,300,87.0,4380,1466,135,145,93.1,105,120,87.5,21,30,70.0,3,0.5,0.8,+2.5,10,20,9,4,28,Matches
218,Koji Miyoshi,jp JPN,MF,Bochum,27-188,1997,0.9,8,20,40.0,142,57,3,8,37.5,5,8,62.5,0,2,0.0,0,0.1,0.1,-0.1,1,0,3,0,4,Matches
219,Max Moerstedt,de GER,FW,Hoffenheim,,,0.3,6,10,60.0,75,10,4,5,80.0,2,2,100.0,0,0,,0,0.0,0.0,0.0,0,0,0,0,1,Matches
220,Steve Mounié,bj BEN,FW,Augsburg,30-001,1994,1.3,22,34,64.7,364,51,8,15,53.3,11,13,84.6,2,3,66.7,0,0.0,0.0,0.0,0,1,0,0,3,Matches
221,Nordi Mukiele,fr FRA,DF,Leverkusen,26-334,1997,0.6,35,39,89.7,468,148,21,23,91.3,12,14,85.7,0,0,,0,0.0,0.0,0.0,0,3,0,0,4,Matches
222,Florian Müller,de GER,GK,Freiburg,26-322,1997,2.0,41,74,55.4,1088,808,4,4,100.0,28,29,96.6,9,40,22.5,0,0.0,0.0,0.0,0,0,0,0,0,Matches
223,Kevin Müller,de GER,GK,Heidenheim,33-199,1991,5.0,142,192,74.0,4380,3067,11,11,100.0,83,85,97.6,48,94,51.1,0,0.0,0.0,0.0,0,4,1,0,0,Matches
224,Thomas Müller,de GER,"MF,FW",Bayern Munich,35-017,1989,1.4,62,75,82.7,939,202,33,33,100.0,20,28,71.4,5,8,62.5,0,0.2,0.1,-0.2,4,4,0,0,8,Matches
225,Jamal Musiala,de GER,MF,Bayern Munich,21-217,2003,4.3,175,207,84.5,2531,716,101,112,90.2,56,64,87.5,10,12,83.3,0,0.7,1.1,-0.7,7,14,9,0,24,Matches
Rk,Player,Nation,Pos,Squad,Age,Born,90s,Cmp,Att,Cmp%,TotDist,PrgDist,Cmp,Att,Cmp%,Cmp,Att,Cmp%,Cmp,Att,Cmp%,Ast,xAG,xA,A-xAG,KP,1/3,PPA,CrsPA,PrgP,Matches
226,Florent Muslija,xk KVX,"DF,FW",Freiburg,26-086,1998,0.6,22,34,64.7,355,82,12,16,75.0,8,12,66.7,1,4,25.0,0,0.1,0.1,-0.1,2,1,1,0,4,Matches
227,Phillipp Mwene,at AUT,DF,Mainz 05,30-245,1994,4.9,134,182,73.6,2273,800,67,72,93.1,49,68,72.1,15,27,55.6,1,0.1,0.6,+0.9,3,9,10,6,8,Matches
228,Nathan N'Goumou,fr FRA,FW,Gladbach,24-200,2000,2.4,41,60,68.3,560,61,24,33,72.7,14,19,73.7,1,4,25.0,0,0.0,0.0,0.0,0,3,1,1,3,Matches
229,Stanley N'Soki,fr FRA,DF,Hoffenheim,25-174,1999,0.2,7,7,100.0,111,25,5,5,100.0,1,1,100.0,1,1,100.0,0,0.0,0.0,0.0,0,0,0,0,0,Matches
230,Paul Nebel,de GER,DF,Mainz 05,21-356,2002,0.4,30,39,76.9,596,127,12,13,92.3,13,16,81.3,5,8,62.5,0,0.0,0.0,0.0,0,1,1,0,3,Matches
231,Luca Netz,de GER,DF,Gladbach,21-138,2003,4.9,231,274,84.3,3343,948,134,145,92.4,86,98,87.8,7,14,50.0,0,0.6,0.5,-0.6,5,13,5,3,13,Matches
232,Manuel Neuer,de GER,GK,Bayern Munich,38-187,1986,4.0,193,213,90.6,4294,2579,51,51,100.0,100,101,99.0,39,58,67.2,0,0.0,0.0,0.0,0,4,0,0,2,Matches
233,Florian Neuhaus,de GER,MF,Gladbach,27-198,1997,0.3,12,15,80.0,162,44,6,8,75.0,3,3,100.0,1,2,50.0,0,0.0,0.0,0.0,0,2,0,0,1,Matches
234,Moritz Nicolas,de GER,GK,Gladbach,26-345,1997,2.0,80,90,88.9,1697,1158,21,21,100.0,48,49,98.0,11,20,55.0,0,0.0,0.0,0.0,0,0,0,0,0,Matches
235,Justin Njinmah,de GER,"MF,FW",Werder Bremen,23-320,2000,1.5,27,42,64.3,478,164,11,19,57.9,9,12,75.0,5,6,83.3,0,0.6,0.3,-0.6,1,1,4,1,6,Matches
236,Niels Nkounkou,fr FRA,"MF,DF",Eint Frankfurt,23-334,2000,1.9,62,91,68.1,1189,507,23,26,88.5,29,36,80.6,9,19,47.4,0,1.1,1.1,-1.1,5,4,2,2,5,Matches
237,Felix Nmecha,de GER,"MF,DF",Dortmund,23-356,2000,1.8,83,97,85.6,1543,457,35,37,94.6,35,43,81.4,11,13,84.6,0,0.1,0.1,-0.1,2,11,1,0,13,Matches
238,Alexander Nübel,de GER,GK,Stuttgart,28-000,1996,5.0,165,214,77.1,4156,2992,36,39,92.3,85,86,98.8,43,85,50.6,1,0.1,0.0,+0.9,1,3,0,0,0,Matches
239,Antonio Nusa,no NOR,MF,RB Leipzig,19-166,2005,2.0,48,61,78.7,652,163,23,27,85.2,23,27,85.2,0,2,0.0,1,0.7,0.3,+0.3,3,7,3,0,10,Matches
240,Tim Oermann,de GER,DF,Bochum,20-360,2003,1.2,23,29,79.3,529,162,4,4,100.0,16,20,80.0,3,4,75.0,0,0.0,0.0,0.0,0,2,0,0,3,Matches
241,Ifechukwu Ogbus,ch SUI,DF,Freiburg,18-288,2005,0.2,6,10,60.0,98,26,3,3,100.0,3,7,42.9,0,0,,0,0.0,0.0,0.0,0,0,0,0,0,Matches
242,Michael Olise,fr FRA,"FW,MF",Bayern Munich,22-293,2001,3.6,168,209,80.4,2626,802,98,109,89.9,56,67,83.6,11,24,45.8,2,1.9,2.3,+0.1,14,15,18,4,32,Matches
243,Jonas Omlin,ch SUI,GK,Gladbach,30-264,1994,3.0,119,147,81.0,3272,2027,13,13,100.0,61,61,100.0,44,71,62.0,0,0.0,0.0,0.0,0,1,0,0,0,Matches
244,Karim Onisiwo,at AUT,"MF,FW",Mainz 05,32-197,1992,1.0,10,18,55.6,138,22,7,11,63.6,3,5,60.0,0,0,,0,0.3,0.2,-0.3,1,0,1,1,0,Matches
245,Frank Onyeka,ng NGA,MF,Augsburg,26-273,1998,2.9,103,126,81.7,1857,424,36,42,85.7,51,54,94.4,12,20,60.0,1,0.3,0.4,+0.7,2,18,4,1,13,Matches
246,Loïs Openda,be BEL,FW,RB Leipzig,24-227,2000,4.2,49,70,70.0,606,135,32,42,76.2,11,16,68.8,2,3,66.7,1,0.5,0.6,+0.5,4,3,6,0,8,Matches
247,Willi Orban,hu HUN,DF,RB Leipzig,31-332,1992,2.9,245,280,87.5,4744,1892,72,90,80.0,155,163,95.1,18,25,72.0,0,0.0,0.1,0.0,0,24,1,0,22,Matches
248,Patrick Osterhage,de GER,MF,Freiburg,24-242,2000,4.0,136,163,83.4,2194,359,64,70,91.4,56,61,91.8,9,18,50.0,0,0.1,0.1,-0.1,3,8,0,0,11,Matches
249,Salih Özcan,tr TUR,MF,Wolfsburg,26-263,1998,1.3,51,70,72.9,713,240,30,35,85.7,17,22,77.3,1,8,12.5,0,0.5,0.1,-0.5,2,9,0,0,5,Matches
250,Exequiel Palacios,ar ARG,MF,Leverkusen,25-361,1998,0.1,20,20,100.0,271,60,11,11,100.0,7,7,100.0,1,1,100.0,0,0.0,0.0,0.0,1,5,0,0,0,Matches
Rk,Player,Nation,Pos,Squad,Age,Born,90s,Cmp,Att,Cmp%,TotDist,PrgDist,Cmp,Att,Cmp%,Cmp,Att,Cmp%,Cmp,Att,Cmp%,Ast,xAG,xA,A-xAG,KP,1/3,PPA,CrsPA,PrgP,Matches
251,João Palhinha,pt POR,MF,Bayern Munich,29-083,1995,1.4,119,126,94.4,1909,465,64,65,98.5,47,48,97.9,7,12,58.3,0,0.1,0.1,-0.1,1,13,0,0,9,Matches
252,Mats Pannewig,de GER,MF,Bochum,19-338,2004,0.4,6,13,46.2,75,40,3,6,50.0,2,4,50.0,0,1,0.0,0,0.0,0.0,0.0,0,1,0,0,3,Matches
253,Felix Passlack,de GER,DF,Bochum,26-124,1998,5.0,122,192,63.5,2237,797,53,58,91.4,55,85,64.7,13,38,34.2,0,0.1,0.2,-0.1,3,11,3,2,11,Matches
254,Aleksandar Pavlovic,de GER,MF,Bayern Munich,20-150,2004,3.6,297,319,93.1,4639,1380,167,174,96.0,113,117,96.6,14,22,63.6,0,0.0,0.3,0.0,1,42,3,1,32,Matches
255,Mads Pedersen,dk DEN,DF,Augsburg,28-029,1996,1.8,55,71,77.5,1084,495,19,20,95.0,29,38,76.3,7,10,70.0,0,0.0,0.1,0.0,0,6,2,0,11,Matches
256,Jordan Pefok,us USA,FW,Union Berlin,28-157,1996,3.7,40,61,65.6,457,70,26,35,74.3,9,13,69.2,1,3,33.3,1,0.3,0.2,+0.7,7,1,2,0,3,Matches
257,Benedikt Pichler,at AUT,FW,Holstein Kiel,27-072,1997,4.6,65,97,67.0,958,178,35,49,71.4,24,32,75.0,2,4,50.0,0,0.7,0.6,-0.7,5,5,4,0,12,Matches
258,Amos Pieper,de GER,DF,Werder Bremen,26-257,1998,1.2,57,66,86.4,1161,379,12,13,92.3,42,46,91.3,3,7,42.9,0,0.0,0.0,0.0,0,3,0,0,3,Matches
259,Marvin Pieringer,de GER,FW,Heidenheim,24-362,1999,3.8,54,88,61.4,704,235,30,43,69.8,15,23,65.2,4,9,44.4,1,0.7,0.2,+0.3,6,10,2,0,11,Matches
260,Alassane Pléa,fr FRA,FW,Gladbach,31-204,1993,3.0,76,102,74.5,1207,413,48,51,94.1,18,29,62.1,7,9,77.8,0,0.2,0.3,-0.2,3,15,4,1,15,Matches
261,Finn Porath,de GER,"DF,MF",Holstein Kiel,27-220,1997,3.8,85,150,56.7,1664,694,28,34,82.4,44,62,71.0,12,43,27.9,1,0.6,0.3,+0.4,4,11,2,2,12,Matches
262,Yussuf Poulsen,dk DEN,FW,RB Leipzig,30-107,1994,1.0,20,33,60.6,211,52,15,20,75.0,3,6,50.0,0,1,0.0,0,0.1,0.1,-0.1,2,1,2,0,2,Matches
263,Alexander Prass,at AUT,DF,Hoffenheim,23-127,2001,3.9,160,221,72.4,2843,764,67,79,84.8,74,94,78.7,16,33,48.5,0,0.3,0.5,-0.3,6,8,8,2,21,Matches
264,Grischa Prömel,de GER,MF,Hoffenheim,29-265,1995,1.9,80,95,84.2,1274,250,40,45,88.9,36,40,90.0,3,7,42.9,0,0.0,0.0,0.0,0,5,0,0,5,Matches
265,Tymoteusz Puchacz,pl POL,DF,Holstein Kiel,25-251,1999,1.6,54,86,62.8,963,354,25,27,92.6,22,39,56.4,5,16,31.3,1,0.2,0.3,+0.8,3,3,4,4,3,Matches
266,Leopold Querfeld,at AUT,DF,Union Berlin,20-285,2003,0.9,21,27,77.8,369,111,9,10,90.0,8,10,80.0,3,4,75.0,0,0.0,0.0,0.0,1,0,0,0,0,Matches
267,David Raum,de GER,DF,RB Leipzig,26-161,1998,4.6,221,300,73.7,3697,1393,109,127,85.8,88,117,75.2,18,43,41.9,1,1.6,2.2,-0.6,15,12,4,3,16,Matches
268,Rocco Reitz,de GER,MF,Gladbach,22-124,2002,2.4,130,156,83.3,2029,711,71,77,92.2,45,55,81.8,10,16,62.5,0,0.0,0.3,0.0,1,11,3,0,11,Matches
269,Nicolai Remberg,de GER,MF,Holstein Kiel,24-103,2000,1.8,37,60,61.7,693,300,14,19,73.7,17,27,63.0,4,7,57.1,1,0.1,0.1,+0.9,1,4,1,0,6,Matches
270,Elvis Rexhbeçaj,xk KVX,MF,Augsburg,26-334,1997,4.6,132,181,72.9,2152,546,62,70,88.6,56,74,75.7,9,25,36.0,0,0.1,0.3,-0.1,3,10,4,0,31,Matches
271,Gio Reyna,us USA,MF,Dortmund,21-322,2002,0.1,10,13,76.9,152,60,6,7,85.7,3,4,75.0,1,1,100.0,0,0.0,0.0,0.0,0,1,0,0,2,Matches
272,Fabian Rieder,ch SUI,"MF,FW",Stuttgart,22-227,2002,2.6,74,108,68.5,1206,377,37,42,88.1,30,42,71.4,5,17,29.4,2,1.0,1.1,+1.0,5,4,3,1,11,Matches
273,Lars Ritzka,de GER,"DF,FW",St. Pauli,26-146,1998,2.2,71,99,71.7,1098,326,38,46,82.6,32,40,80.0,1,9,11.1,0,0.0,0.0,0.0,2,5,1,0,4,Matches
274,Merlin Röhl,de GER,MF,Freiburg,22-087,2002,1.8,30,39,76.9,394,116,17,18,94.4,9,14,64.3,1,1,100.0,0,0.0,0.1,0.0,1,3,0,0,4,Matches
275,Lasse Rosenboom,de GER,DF,Holstein Kiel,22-255,2002,1.7,28,44,63.6,535,177,9,15,60.0,14,20,70.0,4,7,57.1,0,0.2,0.2,-0.2,2,2,1,1,2,Matches
Rk,Player,Nation,Pos,Squad,Age,Born,90s,Cmp,Att,Cmp%,TotDist,PrgDist,Cmp,Att,Cmp%,Cmp,Att,Cmp%,Cmp,Att,Cmp%,Ast,xAG,xA,A-xAG,KP,1/3,PPA,CrsPA,PrgP,Matches
276,Max Rosenfelder,de GER,DF,Freiburg,21-233,2003,3.0,102,116,87.9,1783,494,34,40,85.0,62,65,95.4,5,9,55.6,0,0.1,0.0,-0.1,2,2,0,0,3,Matches
277,Tom Rothe,de GER,"DF,MF",Union Berlin,19-337,2004,3.2,79,136,58.1,1279,513,40,52,76.9,33,55,60.0,5,19,26.3,0,0.3,0.2,-0.3,2,3,3,2,5,Matches
278,Anthony Rouault,fr FRA,DF,Stuttgart,23-124,2001,2.3,128,140,91.4,2445,940,46,50,92.0,70,72,97.2,12,18,66.7,0,0.0,0.0,0.0,0,9,0,0,5,Matches
279,Julian Ryerson,no NOR,DF,Dortmund,26-318,1997,4.3,169,187,90.4,2590,603,86,90,95.6,72,77,93.5,8,13,61.5,1,0.7,0.5,+0.3,8,6,5,3,9,Matches
280,Frederik Rønnow,dk DEN,GK,Union Berlin,32-057,1992,5.0,111,162,68.5,3405,2518,19,19,100.0,53,53,100.0,39,89,43.8,0,0.0,0.0,0.0,0,7,1,0,0,Matches
281,Elias Saad,tn TUN,"FW,MF",St. Pauli,24-278,1999,2.8,47,60,78.3,779,214,25,27,92.6,18,22,81.8,3,4,75.0,2,0.4,0.3,+1.6,5,3,4,1,11,Matches
282,Marcel Sabitzer,at AUT,"MF,FW",Dortmund,30-197,1994,3.2,91,114,79.8,1334,309,56,61,91.8,30,36,83.3,2,8,25.0,0,0.1,0.2,-0.1,2,5,2,0,12,Matches
283,Manolis Saliakas,gr GRE,MF,St. Pauli,28-018,1996,2.3,78,118,66.1,1592,564,25,31,80.6,42,58,72.4,11,24,45.8,0,0.2,0.3,-0.2,3,9,4,1,12,Matches
284,Roland Sallai,hu HUN,"FW,MF",Freiburg,27-131,1997,0.5,11,17,64.7,218,78,4,6,66.7,5,5,100.0,2,6,33.3,0,0.1,0.0,-0.1,1,2,0,0,3,Matches
285,Philipp Sander,de GER,MF,Gladbach,26-222,1998,2.7,130,155,83.9,2054,559,64,70,91.4,59,67,88.1,4,13,30.8,0,0.1,0.2,-0.1,1,13,2,1,16,Matches
286,Leroy Sané,de GER,FW,Bayern Munich,28-263,1996,0.4,18,24,75.0,215,68,13,16,81.3,4,5,80.0,0,0,,0,0.2,0.1,-0.2,2,1,3,0,6,Matches
287,Kaishu Sano,jp JPN,MF,Mainz 05,23-275,2000,4.8,115,152,75.7,1830,410,65,77,84.4,42,54,77.8,8,13,61.5,0,0.0,0.1,0.0,1,14,1,0,12,Matches
288,Kauã Santos,br BRA,GK,Eint Frankfurt,21-172,2003,2.5,66,91,72.5,1551,1113,17,17,100.0,29,29,100.0,20,45,44.4,0,0.0,0.0,0.0,0,0,0,0,0,Matches
289,Joe Scally,us USA,DF,Gladbach,21-274,2002,5.0,269,313,85.9,4460,1258,133,139,95.7,110,125,88.0,17,32,53.1,0,0.3,0.2,-0.3,2,15,2,1,8,Matches
290,András Schäfer,hu HUN,MF,Union Berlin,25-170,1999,3.9,125,166,75.3,1695,463,75,89,84.3,40,51,78.4,3,11,27.3,0,0.0,0.1,0.0,1,9,2,0,14,Matches
291,Patrik Schick,cz CZE,FW,Leverkusen,28-250,1996,1.0,15,18,83.3,191,18,10,11,90.9,4,6,66.7,0,0,,0,0.1,0.1,-0.1,2,1,0,0,2,Matches
292,Stefan Schimmer,de GER,FW,Heidenheim,30-155,1994,0.3,5,7,71.4,92,12,0,1,0.0,4,5,80.0,0,0,,0,0.1,0.1,-0.1,1,0,0,0,1,Matches
293,Keven Schlotterbeck,de GER,DF,Augsburg,27-155,1997,4.6,261,300,87.0,4891,1890,98,104,94.2,144,155,92.9,18,37,48.6,0,0.0,0.1,0.0,0,16,1,0,22,Matches
294,Nico Schlotterbeck,de GER,DF,Dortmund,24-304,1999,3.8,284,327,86.9,5130,2104,116,124,93.5,142,161,88.2,25,34,73.5,0,0.0,0.2,0.0,2,34,2,1,34,Matches
295,Romano Schmid,at AUT,MF,Werder Bremen,24-247,2000,4.8,177,233,76.0,2726,790,98,108,90.7,56,82,68.3,15,26,57.7,1,1.1,1.0,-0.1,10,16,15,5,34,Matches
296,Jan Schöppner,de GER,MF,Heidenheim,25-110,1999,4.2,95,119,79.8,1728,497,39,44,88.6,39,43,90.7,13,23,56.5,0,0.2,0.4,-0.2,5,4,3,1,8,Matches
297,Marvin Schulz,de GER,MF,Holstein Kiel,29-259,1995,0.1,9,11,81.8,158,43,3,3,100.0,4,4,100.0,1,3,33.3,0,0.0,0.0,0.0,1,0,0,0,1,Matches
298,Léo Scienza,br BRA,"FW,MF",Heidenheim,26-017,1998,2.7,38,64,59.4,677,315,19,27,70.4,12,21,57.1,6,12,50.0,0,0.6,0.8,-0.6,3,9,4,0,9,Matches
299,Nicolas Seiwald,at AUT,MF,RB Leipzig,23-149,2001,3.4,186,216,86.1,3140,935,91,100,91.0,80,96,83.3,14,17,82.4,0,0.1,0.1,-0.1,2,16,3,0,28,Matches
300,Benjamin Šeško,si SVN,"FW,MF",RB Leipzig,21-122,2003,4.0,73,105,69.5,958,239,50,67,74.6,19,26,73.1,3,5,60.0,2,0.3,0.2,+1.7,3,4,4,0,12,Matches
Rk,Player,Nation,Pos,Squad,Age,Born,90s,Cmp,Att,Cmp%,TotDist,PrgDist,Cmp,Att,Cmp%,Cmp,Att,Cmp%,Cmp,Att,Cmp%,Ast,xAG,xA,A-xAG,KP,1/3,PPA,CrsPA,PrgP,Matches
301,Armindo Sieb,de GER,"MF,FW",Mainz 05,21-226,2003,1.5,26,42,61.9,331,103,18,25,72.0,7,14,50.0,0,0,,0,0.1,0.1,-0.1,1,5,1,0,5,Matches
302,Tim Siersleben,de GER,DF,Heidenheim,24-205,2000,0.1,3,4,75.0,48,31,1,1,100.0,2,2,100.0,0,1,0.0,0,0.0,0.0,0.0,0,0,0,0,0,Matches
303,Kiliann Sildillia,fr FRA,FW,Freiburg,22-137,2002,0.0,1,2,50.0,41,39,0,0,,0,0,,1,1,100.0,0,0.0,0.0,0.0,0,0,0,0,0,Matches
304,André Silva,pt POR,FW,RB Leipzig,28-329,1995,0.2,7,9,77.8,64,13,7,8,87.5,0,1,0.0,0,0,,0,0.0,0.0,0.0,0,0,0,0,0,Matches
305,Mohamed Simakan,fr FRA,DF,RB Leipzig,24-150,2000,0.6,42,50,84.0,779,306,15,19,78.9,21,23,91.3,5,5,100.0,0,0.3,0.2,-0.3,3,5,2,1,7,Matches
306,Xavi Simons,nl NED,MF,RB Leipzig,21-162,2003,5.0,206,262,78.6,3318,876,108,125,86.4,73,87,83.9,19,35,54.3,1,1.6,1.3,-0.6,9,19,13,1,35,Matches
307,Danel Sinani,lu LUX,FW,St. Pauli,27-178,1997,0.0,1,2,50.0,3,2,0,0,,0,0,,0,1,0.0,0,0.0,0.0,0.0,0,0,0,0,0,Matches
308,Ibrahima Sissoko,ml MLI,"MF,DF",Bochum,26-339,1997,4.8,128,166,77.1,2197,810,48,59,81.4,70,85,82.4,7,13,53.8,0,0.2,0.2,-0.2,5,12,4,2,21,Matches
309,Tim Skarke,de GER,"FW,MF",Union Berlin,28-023,1996,1.6,23,38,60.5,352,103,12,15,80.0,9,13,69.2,2,4,50.0,1,0.3,0.3,+0.7,3,1,4,2,3,Matches
310,Ellyes Skhiri,tn TUN,MF,Eint Frankfurt,29-143,1995,4.1,140,155,90.3,2014,510,80,87,92.0,50,53,94.3,3,3,100.0,0,0.1,0.2,-0.1,3,4,3,0,11,Matches
311,Steven Skrzybski,de GER,MF,Holstein Kiel,31-317,1992,0.6,16,21,76.2,341,160,5,5,100.0,8,11,72.7,3,5,60.0,1,0.3,0.5,+0.7,1,1,2,1,4,Matches
312,Eric Smith,se SWE,DF,St. Pauli,27-266,1997,4.4,201,253,79.4,4761,1827,43,51,84.3,111,124,89.5,47,75,62.7,0,0.6,0.6,-0.6,6,18,1,1,16,Matches
313,Anton Stach,de GER,"DF,MF",Hoffenheim,25-320,1998,4.5,238,277,85.9,4832,2043,78,86,90.7,124,136,91.2,32,46,69.6,0,0.2,0.4,-0.2,5,16,4,2,23,Matches
314,Jens Stage,dk DEN,MF,Werder Bremen,27-327,1996,4.7,144,190,75.8,2327,662,73,87,83.9,49,65,75.4,13,21,61.9,0,0.0,0.6,0.0,1,12,6,2,16,Matches
315,Niklas Stark,de GER,DF,Werder Bremen,29-169,1995,4.1,196,235,83.4,3922,1419,56,62,90.3,119,135,88.1,19,32,59.4,1,0.1,0.1,+0.9,1,16,0,0,12,Matches
316,Pascal Stenzel,de GER,DF,Stuttgart,28-194,1996,1.3,71,83,85.5,1444,453,27,28,96.4,33,36,91.7,11,18,61.1,0,0.0,0.1,0.0,0,6,1,1,3,Matches
317,Angelo Stiller,de GER,"MF,DF",Stuttgart,23-179,2001,4.9,348,388,89.7,5771,1877,164,168,97.6,155,172,90.1,22,35,62.9,0,0.3,0.7,-0.3,7,40,5,2,36,Matches
318,Kevin Stöger,at AUT,MF,Gladbach,31-034,1993,4.6,237,315,75.2,3894,1489,120,137,87.6,74,98,75.5,29,49,59.2,1,2.0,1.5,-1.0,24,26,15,2,34,Matches
319,Niklas Süle,de GER,DF,Dortmund,29-027,1995,3.7,337,354,95.2,5799,2534,142,149,95.3,179,186,96.2,14,15,93.3,0,0.0,0.1,0.0,1,21,0,0,18,Matches
320,Mattias Svanberg,se SWE,MF,Wolfsburg,25-269,1999,4.2,49,63,77.8,706,235,30,37,81.1,14,18,77.8,2,3,66.7,0,0.2,0.1,-0.2,2,8,0,0,8,Matches
321,Haris Tabakovic,ba BIH,FW,Hoffenheim,30-102,1994,0.4,3,6,50.0,43,9,2,3,66.7,1,2,50.0,0,0,,0,0.0,0.0,0.0,0,0,0,0,0,Matches
322,Jonathan Tah,de GER,DF,Leverkusen,28-232,1996,5.0,305,323,94.4,5163,2155,131,140,93.6,149,154,96.8,19,21,90.5,0,0.0,0.4,0.0,0,30,0,0,21,Matches
323,Edmond Tapsoba,bf BFA,DF,Leverkusen,25-241,1999,4.9,274,331,82.8,4500,1442,136,146,93.2,110,125,88.0,22,50,44.0,0,0.0,0.2,0.0,0,30,2,1,23,Matches
324,Mathys Tel,fr FRA,"MF,FW",Bayern Munich,19-156,2005,0.8,30,37,81.1,459,87,17,21,81.0,12,12,100.0,1,3,33.3,0,0.0,0.1,0.0,0,1,1,0,2,Matches
325,Nathan Tella,ng NGA,"DF,FW",Leverkusen,25-087,1999,0.9,19,24,79.2,260,63,13,13,100.0,6,8,75.0,0,1,0.0,0,0.0,0.2,0.0,0,1,0,0,3,Matches
Rk,Player,Nation,Pos,Squad,Age,Born,90s,Cmp,Att,Cmp%,TotDist,PrgDist,Cmp,Att,Cmp%,Cmp,Att,Cmp%,Cmp,Att,Cmp%,Ast,xAG,xA,A-xAG,KP,1/3,PPA,CrsPA,PrgP,Matches
326,Martin Terrier,fr FRA,MF,Leverkusen,27-210,1997,3.0,81,98,82.7,1061,136,56,61,91.8,18,23,78.3,4,5,80.0,0,0.1,0.7,-0.1,2,4,2,0,7,Matches
327,Arthur Theate,be BEL,DF,Eint Frankfurt,24-128,2000,4.8,185,226,81.9,3352,1234,80,89,89.9,76,84,90.5,25,44,56.8,0,0.0,0.0,0.0,0,15,0,0,16,Matches
328,Phillip Tietz,de GER,FW,Augsburg,27-083,1997,2.8,51,82,62.2,690,120,34,50,68.0,13,20,65.0,1,3,33.3,1,0.2,0.3,+0.8,6,4,1,0,7,Matches
329,Umut Tohumcu,de GER,MF,Hoffenheim,20-050,2004,1.5,56,62,90.3,843,191,26,29,89.7,26,28,92.9,2,3,66.7,1,0.2,0.0,+0.8,1,4,0,0,6,Matches
330,Tiago Tomás,pt POR,"MF,FW",Wolfsburg,22-106,2002,4.1,53,79,67.1,789,228,29,33,87.9,19,29,65.5,3,9,33.3,0,0.1,0.1,-0.1,5,6,1,0,12,Matches
331,Lucas Tousart,fr FRA,MF,Union Berlin,27-154,1997,1.4,17,30,56.7,302,94,9,13,69.2,6,12,50.0,2,4,50.0,0,0.0,0.0,0.0,0,0,1,0,2,Matches
332,Omar Traoré,de GER,"DF,FW",Heidenheim,26-239,1998,4.8,138,201,68.7,2140,933,83,97,85.6,43,62,69.4,9,28,32.1,1,0.2,0.3,+0.8,1,9,4,1,11,Matches
333,Kevin Trapp,de GER,GK,Eint Frankfurt,34-084,1990,2.5,69,90,76.7,1672,1196,23,23,100.0,28,28,100.0,17,38,44.7,0,0.0,0.0,0.0,0,1,0,0,0,Matches
334,Philipp Treu,de GER,"MF,DF",St. Pauli,23-302,2000,5.0,197,242,81.4,3119,1029,103,113,91.2,80,97,82.5,11,20,55.0,0,0.1,0.2,-0.1,2,13,1,1,18,Matches
335,Christopher Trimmel,at AUT,DF,Union Berlin,37-219,1987,1.2,33,52,63.5,636,331,12,13,92.3,18,26,69.2,2,11,18.2,0,0.1,0.1,-0.1,2,4,1,0,6,Matches
336,Tuta,br BRA,"DF,MF",Eint Frankfurt,25-088,1999,5.0,199,216,92.1,3596,1181,83,85,97.6,99,102,97.1,15,25,60.0,1,0.1,0.1,+0.9,1,11,3,0,10,Matches
337,Sven Ulreich,de GER,GK,Bayern Munich,36-058,1988,1.0,25,30,83.3,551,414,10,10,100.0,10,10,100.0,5,10,50.0,0,0.0,0.0,0.0,0,1,0,0,0,Matches
338,Deniz Undav,de GER,"FW,MF",Stuttgart,28-073,1996,3.6,86,125,68.8,1396,341,48,62,77.4,31,43,72.1,5,12,41.7,0,0.4,0.3,-0.4,3,6,4,0,18,Matches
339,Dayot Upamecano,fr FRA,DF,Bayern Munich,25-339,1998,5.0,454,488,93.0,8291,2935,166,181,91.7,261,271,96.3,25,30,83.3,0,0.3,0.4,-0.3,3,31,1,0,29,Matches
340,Can Uzun,tr TUR,"FW,MF",Eint Frankfurt,18-324,2005,0.6,11,14,78.6,146,60,7,8,87.5,4,5,80.0,0,0,,0,0.0,0.0,0.0,0,0,1,0,2,Matches
341,Josha Vagnoman,de GER,DF,Stuttgart,23-294,2000,3.0,100,121,82.6,1715,391,47,54,87.0,44,51,86.3,6,11,54.5,0,0.4,0.3,-0.4,4,4,3,1,4,Matches
342,Ruben Vargas,ch SUI,MF,Augsburg,26-056,1998,2.6,97,118,82.2,1818,348,38,43,88.4,45,58,77.6,11,13,84.6,0,0.7,1.1,-0.7,6,5,5,1,11,Matches
343,Nikola Vasilj,ba BIH,GK,St. Pauli,28-303,1995,5.0,157,216,72.7,4446,3233,26,26,100.0,84,85,98.8,47,105,44.8,0,0.0,0.0,0.0,0,9,1,0,0,Matches
344,Denis Vavro,sk SVK,DF,Wolfsburg,28-173,1996,0.0,0,0,,0,0,0,0,,0,0,,0,0,,0,0.0,0.0,0.0,0,0,0,0,0,Matches
345,Miloš Veljković,rs SRB,DF,Werder Bremen,29-004,1995,1.0,55,60,91.7,1473,461,14,14,100.0,22,22,100.0,19,23,82.6,0,0.0,0.0,0.0,0,10,0,0,10,Matches
346,Nikolas Veratschnig,at AUT,MF,Mainz 05,21-250,2003,0.0,1,2,50.0,18,0,0,1,0.0,1,1,100.0,0,0,,0,0.0,0.0,0.0,0,0,0,0,0,Matches
347,Arthur Vermeeren,be BEL,MF,RB Leipzig,19-236,2005,0.8,60,69,87.0,939,182,29,30,96.7,27,30,90.0,2,4,50.0,0,0.1,0.0,-0.1,1,1,0,0,1,Matches
348,Yorbe Vertessen,be BEL,"MF,FW",Union Berlin,23-266,2001,2.0,33,52,63.5,647,218,15,22,68.2,10,10,100.0,7,18,38.9,0,0.6,0.6,-0.6,8,1,2,2,2,Matches
349,Kevin Vogt,de GER,DF,Union Berlin,33-007,1991,4.9,223,262,85.1,4519,1982,61,68,89.7,126,137,92.0,32,51,62.7,0,0.0,0.1,0.0,0,15,1,0,13,Matches
350,Aster Vranckx,be BEL,MF,Wolfsburg,21-362,2002,0.6,19,21,90.5,273,47,10,10,100.0,7,8,87.5,1,1,100.0,0,0.0,0.1,0.0,1,2,0,0,3,Matches
Rk,Player,Nation,Pos,Squad,Age,Born,90s,Cmp,Att,Cmp%,TotDist,PrgDist,Cmp,Att,Cmp%,Cmp,Att,Cmp%,Cmp,Att,Cmp%,Ast,xAG,xA,A-xAG,KP,1/3,PPA,CrsPA,PrgP,Matches
351,Robert Wagner,de GER,MF,St. Pauli,21-078,2003,2.0,51,69,73.9,816,229,26,30,86.7,19,27,70.4,5,9,55.6,0,0.0,0.0,0.0,0,2,0,0,5,Matches
352,Hauke Wahl,de GER,DF,St. Pauli,30-168,1994,5.0,220,270,81.5,3918,1310,79,91,86.8,122,140,87.1,15,33,45.5,0,0.2,0.6,-0.2,1,17,0,0,17,Matches
353,Paul Wanner,de GER,MF,Heidenheim,18-282,2005,3.9,83,115,72.2,1235,341,45,57,78.9,22,29,75.9,9,18,50.0,1,0.5,0.2,+0.5,4,5,3,0,10,Matches
354,Julian Weigl,de GER,MF,Gladbach,29-022,1995,4.6,269,307,87.6,4629,1423,129,137,94.2,105,116,90.5,27,34,79.4,0,0.2,0.2,-0.2,4,29,2,0,23,Matches
355,Timon Weiner,de GER,GK,Holstein Kiel,25-256,1999,5.0,147,199,73.9,3885,2717,46,46,100.0,54,55,98.2,47,98,48.0,0,0.0,0.0,0.0,0,7,0,0,0,Matches
356,Nelson Weiper,de GER,"FW,MF",Mainz 05,19-197,2005,0.2,5,9,55.6,67,0,4,7,57.1,0,0,,1,1,100.0,0,0.2,0.0,-0.2,1,0,0,0,0,Matches
357,Mitchell Weiser,de GER,"DF,MF",Werder Bremen,30-162,1994,5.0,150,213,70.4,2251,912,95,111,85.6,42,63,66.7,9,20,45.0,3,0.7,1.0,+2.3,5,9,6,1,16,Matches
358,Noah Weißhaupt,de GER,FW,Freiburg,23-010,2001,0.6,33,42,78.6,465,68,19,20,95.0,10,13,76.9,2,5,40.0,0,0.0,0.1,0.0,0,1,2,1,5,Matches
359,Silvan Widmer,ch SUI,DF,Mainz 05,31-209,1993,1.2,44,58,75.9,774,286,26,30,86.7,11,18,61.1,6,8,75.0,1,0.4,0.3,+0.6,2,4,2,1,4,Matches
360,Patrick Wimmer,at AUT,"FW,MF",Wolfsburg,23-123,2001,3.3,34,58,58.6,504,229,20,30,66.7,8,15,53.3,3,5,60.0,1,0.4,0.2,+0.6,3,5,1,1,10,Matches
361,Jonas Wind,dk DEN,"FW,MF",Wolfsburg,25-236,1999,1.5,26,40,65.0,331,117,15,23,65.2,7,12,58.3,1,1,100.0,1,0.6,0.2,+0.4,4,4,1,0,7,Matches
362,Florian Wirtz,de GER,MF,Leverkusen,21-150,2003,5.0,287,362,79.3,3905,1183,185,212,87.3,74,99,74.7,15,23,65.2,1,1.4,2.2,-0.4,18,13,18,2,41,Matches
363,Dani de Wit,nl NED,MF,Bochum,26-246,1998,4.0,77,104,74.0,1069,377,38,46,82.6,24,31,77.4,4,8,50.0,0,0.2,0.2,-0.2,2,8,2,1,7,Matches
364,Maximilian Wittek,de GER,DF,Bochum,29-040,1995,5.0,161,243,66.3,2974,1484,65,80,81.3,70,90,77.8,21,56,37.5,0,0.4,0.6,-0.4,9,20,6,3,19,Matches
365,Marius Wolf,de GER,DF,Augsburg,29-126,1995,2.9,114,162,70.4,1923,764,48,56,85.7,51,69,73.9,12,25,48.0,0,0.7,0.4,-0.7,9,9,2,2,11,Matches
366,Nick Woltemade,de GER,MF,Stuttgart,22-229,2002,0.2,4,9,44.4,51,5,3,6,50.0,1,1,100.0,0,0,,0,0.0,0.0,0.0,1,1,0,0,1,Matches
367,Jeong Woo-yeong,kr KOR,"MF,FW",Union Berlin,25-010,1999,1.7,63,83,75.9,856,295,46,50,92.0,12,20,60.0,4,10,40.0,0,0.0,0.2,0.0,0,1,3,0,12,Matches
368,Granit Xhaka,ch SUI,MF,Leverkusen,32-003,1992,5.0,408,444,91.9,6633,1983,211,222,95.0,157,166,94.6,31,44,70.5,3,1.1,0.9,+1.9,13,69,3,0,47,Matches
369,Dan-Axel Zagadou,fr FRA,"DF,MF",Stuttgart,25-119,1999,0.3,9,9,100.0,153,22,4,4,100.0,5,5,100.0,0,0,,0,0.0,0.0,0.0,0,0,0,0,0,Matches
370,Robin Zentner,de GER,GK,Mainz 05,29-338,1994,5.0,115,180,63.9,3549,2734,22,22,100.0,45,46,97.8,48,111,43.2,0,0.0,0.0,0.0,1,5,0,0,2,Matches
371,Cedric Zesiger,ch SUI,DF,Wolfsburg,26-098,1998,5.0,175,217,80.6,3039,1109,69,71,97.2,86,97,88.7,12,36,33.3,0,0.0,0.2,0.0,1,13,2,1,17,Matches
372,Michael Zetterer,de GER,GK,Werder Bremen,29-080,1995,5.0,143,180,79.4,3931,2409,22,23,95.7,71,72,98.6,50,85,58.8,0,0.0,0.0,0.0,0,4,0,0,1,Matches
