Rk,Player,Nation,Pos,Squad,Age,Born,90s,Touches,Def Pen,Def 3rd,Mid 3rd,Att 3rd,Att Pen,Live,Att,Succ,Succ%,Tkld,Tkld%,Carries,TotDist,PrgDist,PrgC,1/3,CPA,Mis,Dis,Rec,PrgR
1,Oliver Abildgaard,DEN,MF,Como,28,1996,0.1,2,0,1,1,0,0,2,0,0,0.0,0,0.0,0,0,0,0,0,0,0,0,0,0
2,Tammy Abraham,ENG,FW,Roma,26,1997,0.0,4,0,0,2,2,1,4,0,0,0.0,0,0.0,3,2,1,0,0,0,1,0,4,2
3,Tammy Abraham,ENG,FW,Milan,26,1997,2.9,67,5,7,33,27,14,66,4,0,0.0,4,100.0,30,60,18,0,0,0,5,2,39,17
4,Federico Accornero,ITA,MF,Genoa,20,2004,0.1,8,1,2,3,3,0,8,0,0,0.0,0,0.0,5,25,18,0,1,0,2,0,5,0
5,Francesco Acerbi,ITA,DF,Inter,36,1988,5.0,409,43,185,216,9,1,409,0,0,0.0,0,0.0,283,1373,717,4,3,0,1,1,325,1
6,Che Adams,SCO,"FW,MF",Torino,28,1996,3.9,126,2,9,64,54,12,126,2,1,50.0,1,50.0,75,331,107,3,3,0,8,3,92,20
7,Yacine Adli,FRA,MF,Fiorentina,24,2000,0.7,75,2,10,44,21,1,75,2,2,100.0,0,0.0,46,317,156,4,2,0,0,0,51,1
8,Michel Aebischer,SUI,MF,Bologna,27,1997,3.7,221,4,30,132,60,7,221,3,1,33.3,1,33.3,120,470,173,4,6,2,4,1,153,8
9,Honest Ahanor,ITA,DF,Genoa,16,2008,0.8,16,1,4,4,8,0,16,1,0,0.0,0,0.0,10,80,24,1,0,0,1,1,8,2
10,David Akpan Ankeye,NGA,FW,Genoa,22,2002,0.2,4,0,0,2,2,0,4,0,0,0.0,0,0.0,3,13,8,0,0,0,0,1,5,2
11,Faride Alidou,GER,"FW,MF",Hellas Verona,23,2001,0.7,26,2,3,9,16,0,26,3,2,66.7,1,33.3,15,69,29,0,2,0,1,1,18,2
12,Pontus Almqvist,SWE,FW,Parma,25,1999,1.4,68,2,16,22,33,9,68,4,2,50.0,1,25.0,35,253,159,5,1,3,3,1,37,9
13,Giorgio Altare,ITA,DF,Venezia,26,1998,2.2,132,16,63,54,16,5,132,1,1,100.0,0,0.0,76,375,169,2,4,0,1,5,79,2
14,Sofyan Amrabat,MAR,MF,Fiorentina,28,1996,2.0,140,6,24,103,14,0,140,0,0,0.0,0,0.0,84,388,196,2,0,0,1,2,103,1
15,Angeliño,ESP,DF,Roma,27,1997,6.0,522,21,134,287,105,8,522,3,2,66.7,1,33.3,297,1609,970,16,13,1,2,2,361,20
16,Lorenzo Anghelè,ITA,FW,Juventus,19,2005,0.1,5,0,0,5,1,0,5,1,1,100.0,0,0.0,3,19,3,0,1,0,0,0,4,0
17,Faustino Anjorin,ENG,MF,Empoli,22,2001,1.7,91,4,28,54,9,1,91,2,0,0.0,2,100.0,47,235,133,4,1,0,1,1,61,3
18,Marko Arnautović,AUT,FW,Inter,35,1989,0.4,21,1,3,4,14,5,21,0,0,0.0,0,0.0,13,69,37,1,0,1,0,1,17,9
19,Kristjan Asllani,ALB,MF,Inter,22,2002,1.6,184,4,39,117,28,3,184,0,0,0.0,0,0.0,126,750,368,3,3,0,2,0,151,7
20,Arthur Atta,FRA,MF,Udinese,21,2003,0.2,14,0,1,11,2,0,14,0,0,0.0,0,0.0,9,48,32,0,0,0,0,1,9,0
21,Emil Audero,ITA,GK,Como,27,1997,3.0,122,103,122,0,0,0,122,0,0,0.0,0,0.0,87,429,220,0,0,0,0,0,79,0
22,Tommaso Augello,ITA,DF,Cagliari,30,1994,4.5,318,21,94,119,111,2,318,14,8,57.1,6,42.9,136,856,400,11,8,0,6,4,158,20
23,Carlos Augusto,BRA,DF,Inter,25,1999,2.1,142,9,47,72,23,2,142,1,0,0.0,1,100.0,71,398,161,4,1,1,2,2,95,11
24,Yann Aurel Bisseck,GER,DF,Inter,23,2000,2.0,161,12,57,81,23,3,161,1,0,0.0,1,100.0,112,590,256,3,6,0,2,0,123,11
25,Paulo Azzi,BRA,DF,Cagliari,30,1994,3.7,201,12,50,76,77,8,201,7,5,71.4,1,14.3,100,671,404,14,10,3,1,4,118,19
26,Milan Badelj,CRO,MF,Genoa,35,1989,4.4,247,10,59,158,32,4,247,3,2,66.7,0,0.0,131,412,157,3,2,1,4,2,168,5
27,Mitchel Bakker,NED,MF,Atalanta,24,2000,0.2,10,0,2,5,3,0,10,0,0,0.0,0,0.0,6,23,15,0,0,0,0,0,7,1
28,Tommaso Baldanzi,ITA,"MF,FW",Roma,21,2003,1.7,83,1,11,25,49,9,83,8,3,37.5,4,50.0,47,451,254,12,6,3,0,0,53,8
29,Botond Balogh,HUN,DF,Parma,22,2002,4.8,250,52,161,86,3,0,250,0,0,0.0,0,0.0,110,382,175,1,0,0,4,0,150,0
30,Lameck Banda,ZAM,"FW,MF",Lecce,23,2001,2.7,105,1,20,37,51,10,105,10,3,30.0,4,40.0,76,638,360,10,3,9,4,4,73,22
31,Daniel Bandeira,POR,MF,Hellas Verona,24,2000,2.5,146,7,41,93,13,0,146,0,0,0.0,0,0.0,81,392,181,1,0,0,1,5,86,1
32,Mattia Bani,ITA,DF,Genoa,30,1993,3.5,164,21,101,60,4,3,164,1,1,100.0,0,0.0,88,471,226,3,1,0,0,0,108,1
33,Antonín Barák,CZE,MF,Fiorentina,29,1994,0.6,25,1,2,11,12,3,25,1,0,0.0,1,100.0,20,117,35,2,1,0,1,0,20,5
34,Federico Barba,ITA,DF,Como,31,1993,2.0,127,21,71,52,4,1,127,0,0,0.0,0,0.0,72,385,241,2,1,0,1,0,79,0
35,Nicolò Barella,ITA,MF,Inter,27,1997,3.5,227,5,35,128,64,3,227,5,3,60.0,1,20.0,171,737,286,2,3,0,4,6,184,10
36,Davide Bartesaghi,ITA,DF,Milan,18,2005,0.1,3,0,0,3,0,0,3,0,0,0.0,0,0.0,3,4,3,0,0,0,0,0,3,0
37,Federico Baschirotto,ITA,DF,Lecce,28,1996,6.0,271,67,178,85,8,5,271,0,0,0.0,0,0.0,115,526,301,1,1,0,2,0,140,1
38,Daniele Baselli,ITA,MF,Como,32,1992,0.2,31,1,6,23,2,0,31,0,0,0.0,0,0.0,22,134,45,2,0,0,1,0,24,0
39,Alessandro Bastoni,ITA,DF,Inter,25,1999,4.4,411,29,137,207,69,3,411,0,0,0.0,0,0.0,288,1418,873,10,11,0,3,1,303,21
40,Reda Belahyane,FRA,MF,Hellas Verona,20,2004,5.8,270,16,83,165,29,3,270,19,13,68.4,5,26.3,170,1074,547,5,1,1,8,5,182,1
41,Raoul Bellanova,ITA,DF,Torino,24,2000,1.0,51,5,19,19,13,1,51,1,0,0.0,1,100.0,34,228,127,4,3,0,1,0,33,5
42,Raoul Bellanova,ITA,DF,Atalanta,24,2000,3.3,166,4,26,65,78,4,166,9,4,44.4,3,33.3,91,528,263,7,4,1,6,1,107,31
43,Andrea Belotti,ITA,FW,Como,30,1993,2.2,57,2,11,24,23,8,57,2,1,50.0,0,0.0,24,96,50,2,1,1,1,5,38,11
44,Lucas Beltrán,ARG,"MF,FW",Fiorentina,23,2001,1.0,51,0,1,31,20,5,51,0,0,0.0,0,0.0,39,180,61,1,1,0,0,2,47,9
45,Ismaël Bennacer,ALG,MF,Milan,26,1997,0.6,49,0,5,29,15,0,49,3,3,100.0,0,0.0,30,129,44,0,1,0,0,1,42,0
46,Medon Berisha,ALB,"MF,FW",Lecce,20,2003,0.9,61,0,3,26,32,3,61,1,0,0.0,0,0.0,37,187,94,2,1,1,0,0,40,6
47,Adrian Bernabe,ESP,MF,Parma,23,2001,4.9,346,17,80,193,77,1,346,11,5,45.5,3,27.3,184,906,606,12,7,0,4,2,237,3
48,Sam Beukema,NED,DF,Bologna,25,1998,5.5,439,38,168,248,25,6,439,0,0,0.0,0,0.0,272,1713,1023,6,3,0,1,1,316,1
49,Alessandro Bianco,ITA,MF,Monza,21,2002,2.1,152,5,37,94,23,2,152,2,0,0.0,2,100.0,106,646,312,5,7,2,5,2,118,1
50,Alessandro Bianco,ITA,MF,Fiorentina,21,2002,0.2,14,0,2,11,1,0,14,0,0,0.0,0,0.0,8,48,30,0,0,0,1,0,8,1
51,Jaka Bijol,SVN,DF,Udinese,25,1999,6.0,302,57,179,119,7,6,302,0,0,0.0,0,0.0,136,660,333,0,1,0,3,1,159,0
52,Cristiano Biraghi,ITA,DF,Fiorentina,32,1992,4.5,320,26,114,145,61,1,320,0,0,0.0,0,0.0,172,666,276,3,2,1,2,0,221,17
53,Samuele Birindelli,ITA,DF,Monza,25,1999,1.9,98,2,25,46,29,1,98,0,0,0.0,0,0.0,56,212,84,0,1,0,2,2,61,9
54,Emil Bohinen,NOR,MF,Genoa,25,1999,0.8,52,5,15,17,20,3,52,0,0,0.0,0,0.0,23,210,105,3,3,0,1,1,31,1
55,Warren Bondo,FRA,MF,Monza,21,2003,5.1,233,9,46,160,29,1,233,8,2,25.0,3,37.5,172,918,383,5,5,0,6,9,173,5
56,Ange-Yoan Bonny,FRA,FW,Parma,20,2003,4.3,132,1,9,48,76,24,131,7,4,57.1,3,42.9,73,346,111,4,3,2,12,10,95,34
57,Edoardo Bove,ITA,MF,Fiorentina,22,2002,3.2,121,3,23,70,28,8,121,5,3,60.0,1,20.0,69,347,122,3,5,0,2,5,86,6
58,Domagoj Bradarić,CRO,MF,Hellas Verona,24,1999,0.0,5,0,0,3,2,1,5,0,0,0.0,0,0.0,3,54,45,1,1,0,1,0,3,0
59,Matthias Braunöder,AUT,MF,Como,22,2002,1.5,65,2,18,39,8,2,65,3,1,33.3,2,66.7,36,142,78,1,2,1,1,1,41,0
60,Iker Bravo,ESP,MF,Udinese,19,2005,0.5,21,1,4,9,9,2,21,1,0,0.0,1,100.0,8,34,24,0,0,0,1,0,13,3
61,Gleison Bremer,BRA,DF,Juventus,27,1997,6.0,569,63,286,268,15,3,569,4,3,75.0,1,25.0,352,1760,985,2,1,0,4,2,445,0
62,Brenner,BRA,"MF,FW",Udinese,24,2000,3.6,117,4,21,60,39,6,117,4,2,50.0,2,50.0,74,406,169,4,3,1,4,6,84,9
63,Marco Brescianini,ITA,MF,Atalanta,24,2000,4.1,146,1,17,68,64,11,146,8,3,37.5,4,50.0,95,793,429,14,8,6,7,8,109,21
64,Alessandro Buongiorno,ITA,DF,Napoli,25,1999,5.0,278,34,106,158,16,6,278,1,0,0.0,1,100.0,153,679,424,3,2,0,2,3,175,1
65,Gianluca Busio,USA,MF,Venezia,22,2002,2.8,123,8,29,56,39,5,123,4,1,25.0,2,50.0,82,530,347,6,5,0,2,1,79,10
66,Liberato Cacace,NZL,"DF,MF",Empoli,24,2000,0.7,43,5,20,10,13,1,43,1,1,100.0,0,0.0,17,123,83,4,2,0,1,2,18,7
67,Davide Calabria,ITA,DF,Milan,27,1996,1.6,124,5,27,72,26,0,124,0,0,0.0,0,0.0,77,386,207,5,1,0,0,0,92,10
68,Luca Caldirola,ITA,DF,Monza,33,1991,2.1,173,13,82,81,10,2,173,0,0,0.0,0,0.0,132,553,286,1,2,0,0,0,143,2
69,Hakan Çalhanoğlu,TUR,MF,Inter,30,1994,4.1,366,7,66,212,89,5,365,1,1,100.0,0,0.0,241,1217,616,5,10,1,4,0,281,14
70,Drissa Camara,CIV,FW,Parma,22,2002,0.3,15,1,4,5,6,2,15,0,0,0.0,0,0.0,8,32,27,1,0,1,1,0,9,0
71,Nicolò Cambiaghi,ITA,FW,Bologna,23,2000,0.2,20,0,0,5,15,1,20,0,0,0.0,0,0.0,15,77,46,1,0,0,0,0,16,4
72,Andrea Cambiaso,ITA,"DF,FW",Juventus,24,2000,5.1,363,10,85,197,87,7,363,11,6,54.5,4,36.4,208,1404,726,15,13,1,14,4,271,18
73,Matteo Cancellieri,ITA,"FW,MF",Parma,22,2002,1.7,77,4,13,29,36,4,77,14,5,35.7,7,50.0,41,331,151,7,2,4,5,7,46,13
74,Antonio Candela,ITA,DF,Venezia,24,2000,4.9,174,13,79,55,42,4,174,5,3,60.0,2,40.0,88,466,180,3,1,0,3,4,100,7
75,Gianluca Caprari,ITA,MF,Monza,31,1993,2.2,95,0,4,49,42,1,95,3,1,33.3,1,33.3,74,397,149,5,4,1,8,8,82,16
76,Elia Caprile,ITA,GK,Napoli,23,2001,1.6,31,26,31,0,0,0,31,0,0,0.0,0,0.0,14,81,45,0,0,0,0,0,18,0
77,Francesco Caputo,ITA,FW,Empoli,37,1987,0.1,2,0,0,1,1,0,2,0,0,0.0,0,0.0,1,1,0,0,0,0,0,0,1,1
78,Andrea Carboni,ITA,DF,Monza,23,2001,3.9,249,17,106,132,11,0,249,1,1,100.0,0,0.0,162,618,232,2,4,0,1,1,180,1
79,Franco Carboni,ITA,DF,Venezia,21,2003,0.0,4,0,3,0,1,0,4,1,1,100.0,0,0.0,3,18,15,0,1,0,0,0,2,0
80,Marco Carnesecchi,ITA,GK,Atalanta,24,2000,5.0,157,134,157,0,0,0,157,0,0,0.0,0,0.0,83,391,239,0,0,0,0,0,76,0
81,Nicolò Casale,ITA,DF,Bologna,26,1998,1.8,116,15,62,55,0,0,116,0,0,0.0,0,0.0,65,288,164,0,0,0,1,0,82,0
82,Nicolò Casale,ITA,DF,Lazio,26,1998,1.5,124,9,39,83,2,2,124,0,0,0.0,0,0.0,83,375,211,0,1,1,1,0,99,0
83,Federico Cassa,ITA,"MF,FW",Atalanta,18,2006,0.2,9,0,1,2,6,0,9,1,0,0.0,1,100.0,9,61,41,1,2,1,0,0,8,2
84,Valentín Castellanos,ARG,FW,Lazio,25,1998,4.6,138,2,6,53,82,31,138,6,4,66.7,2,33.3,78,399,187,8,5,6,11,6,102,23
85,Santiago Castro,ARG,FW,Bologna,20,2004,5.0,146,6,17,60,74,22,146,16,7,43.8,9,56.3,81,357,104,2,2,2,8,12,96,29
86,Gaetano Castrovilli,ITA,MF,Lazio,27,1997,1.0,57,0,13,33,11,3,57,1,0,0.0,1,100.0,41,226,143,4,1,1,1,2,41,4
87,Danilo Cataldi,ITA,MF,Fiorentina,30,1994,3.3,173,12,43,106,26,3,173,2,1,50.0,1,50.0,100,644,259,6,8,1,2,1,116,2
88,Zeki Çelik,TUR,DF,Roma,27,1997,4.8,282,10,67,142,76,6,282,1,0,0.0,1,100.0,143,652,269,4,4,0,2,0,170,14
89,Alberto Cerri,ITA,FW,Como,28,1996,0.7,23,1,4,8,12,5,23,0,0,0.0,0,0.0,13,37,8,0,0,0,2,1,17,5
90,Gabriel Charpentier,CGO,FW,Parma,25,1999,0.2,11,4,8,2,1,0,11,0,0,0.0,0,0.0,1,0,0,0,0,0,1,0,3,1
91,Walid Cheddira,MAR,FW,Napoli,26,1998,0.1,3,0,0,1,2,0,3,0,0,0.0,0,0.0,1,3,0,0,0,0,0,0,2,1
92,Leandro Chichizola,ARG,GK,Parma,34,1990,1.0,54,45,53,1,0,0,54,0,0,0.0,0,0.0,30,156,107,0,0,0,0,0,31,0
93,Samuel Chukwueze,NGA,FW,Milan,25,1999,2.0,92,1,14,39,41,4,92,5,2,40.0,3,60.0,62,409,237,7,5,1,5,3,69,19
94,Aaron Ciammaglichella,ITA,MF,Torino,19,2005,0.0,0,0,0,0,0,0,0,0,0,0.0,0,0.0,0,0,0,0,0,0,0,0,0,0
95,Alessandro Circati,AUS,DF,Parma,20,2003,4.0,219,57,135,83,1,0,219,0,0,0.0,0,0.0,98,406,210,1,0,0,3,2,125,0
96,Alphadjo Cissè,ITA,MF,Hellas Verona,17,2006,0.0,8,0,1,6,1,0,8,0,0,0.0,0,0.0,4,12,0,0,0,0,0,0,7,0
97,Saúl Coco,EQG,DF,Torino,25,1999,5.0,319,41,142,169,9,2,319,3,2,66.7,1,33.3,176,858,368,0,2,0,3,0,203,0
98,Lorenzo Colombo,ITA,"FW,MF",Empoli,22,2002,4.7,142,1,11,74,60,13,141,17,8,47.1,9,52.9,78,559,239,8,7,2,16,10,93,22
99,Andrea Colpani,ITA,"MF,FW",Fiorentina,25,1999,4.2,142,2,10,58,74,12,142,8,2,25.0,5,62.5,100,678,283,10,12,4,9,6,112,33
100,Pietro Comuzzo,ITA,DF,Fiorentina,19,2005,4.5,331,28,167,150,14,3,331,0,0,0.0,0,0.0,211,878,359,3,3,0,3,1,232,2
101,Francisco Conceição,POR,FW,Juventus,21,2002,0.8,46,1,9,10,27,4,46,3,3,100.0,0,0.0,36,241,127,5,3,3,3,2,38,6
102,Diego Coppola,ITA,DF,Hellas Verona,20,2003,6.0,318,33,171,146,3,1,318,1,0,0.0,1,100.0,169,876,347,1,0,0,0,2,175,0
103,Joaquín Correa,ARG,"MF,FW",Inter,30,1994,0.2,15,0,0,9,7,1,15,0,0,0.0,0,0.0,8,67,61,2,2,0,1,0,12,1
104,Lassana Coulibaly,MLI,MF,Lecce,28,1996,2.8,124,5,28,84,13,1,124,1,1,100.0,0,0.0,66,377,149,2,2,0,3,2,82,3
105,Woyo Coulibaly,FRA,DF,Parma,25,1999,5.0,271,13,83,152,40,5,271,10,5,50.0,4,40.0,149,1018,594,17,7,5,11,3,161,10
106,Bryan Cristante,ITA,MF,Roma,29,1995,5.6,399,21,73,268,59,12,399,3,2,66.7,1,33.3,208,1259,674,6,7,1,5,2,284,3
107,Domen Črnigoj,SVN,MF,Venezia,28,1995,0.4,28,3,6,12,10,1,28,0,0,0.0,0,0.0,15,86,62,3,2,0,3,0,16,2
108,Juan Cuadrado,COL,DF,Atalanta,36,1988,0.7,66,1,7,19,40,6,66,5,2,40.0,2,40.0,40,215,136,7,9,2,1,1,48,13
109,Patrick Cutrone,ITA,FW,Como,26,1998,5.2,151,1,4,60,88,31,150,5,2,40.0,2,40.0,95,450,204,13,3,7,15,8,108,42
110,Wylan Cyprien,FRA,MF,Parma,29,1995,0.3,28,2,8,11,9,1,28,0,0,0.0,0,0.0,11,46,33,1,1,1,0,0,15,0
111,Danilo D'Ambrosio,ITA,DF,Monza,36,1988,0.3,14,1,5,4,5,1,14,0,0,0.0,0,0.0,12,22,10,0,0,0,0,0,11,4
112,Lucas Da Cunha,FRA,"MF,FW",Como,23,2001,2.2,126,1,17,61,48,7,126,2,0,0.0,2,100.0,65,426,248,9,7,2,2,1,81,16
113,Thijs Dallinga,NED,"FW,MF",Bologna,24,2000,1.3,53,3,7,26,20,7,53,3,1,33.3,2,66.7,26,70,13,0,0,0,8,3,37,8
114,Flavius Daniliuc,AUT,DF,Hellas Verona,23,2001,2.8,125,16,59,57,10,1,125,1,1,100.0,0,0.0,73,358,184,1,1,0,1,2,80,2
115,Danilo,BRA,DF,Juventus,33,1991,1.1,106,6,35,55,17,0,106,0,0,0.0,0,0.0,68,307,165,3,1,0,1,0,92,2
116,Matteo Darmian,ITA,DF,Inter,34,1989,4.4,263,9,69,130,66,7,263,1,0,0.0,1,100.0,120,352,174,1,2,1,5,4,178,22
117,Juan David Cabal,COL,DF,Juventus,23,2001,2.3,181,7,76,88,18,3,181,5,3,60.0,0,0.0,104,501,315,6,2,0,2,2,130,7
118,Keinan Davis,ENG,FW,Udinese,26,1998,1.8,74,0,5,40,32,12,74,6,3,50.0,3,50.0,42,296,128,4,4,4,11,3,62,12
119,Paweł Dawidowicz,POL,DF,Hellas Verona,29,1995,4.2,243,22,90,144,9,1,243,1,1,100.0,0,0.0,144,793,493,2,2,0,0,1,163,1
120,Charles De Ketelaere,BEL,"FW,MF",Atalanta,23,2001,4.5,226,0,7,97,127,24,226,18,9,50.0,9,50.0,144,1115,651,18,17,7,8,9,178,41
121,Mattia De Sciglio,ITA,DF,Empoli,31,1992,0.0,3,2,3,0,0,0,3,0,0,0.0,0,0.0,1,5,0,0,0,0,0,1,1,1
122,Lorenzo De Silvestri,ITA,DF,Bologna,36,1988,1.0,75,2,12,45,18,1,75,1,0,0.0,1,100.0,40,128,49,2,1,0,3,0,48,7
123,Koni De Winter,BEL,DF,Genoa,22,2002,6.0,350,32,148,171,35,14,350,0,0,0.0,0,0.0,184,1098,575,2,2,0,4,3,223,6
124,Alessandro Deiola,ITA,MF,Cagliari,29,1995,4.2,161,10,36,80,47,6,161,1,1,100.0,0,0.0,66,249,93,3,1,0,5,4,91,9
125,Enrico Del Prato,ITA,DF,Parma,24,1999,3.2,184,34,74,76,36,5,184,0,0,0.0,0,0.0,94,322,172,0,0,0,2,1,116,3
126,Fisayo Dele-Bashiru,NGA,MF,Lazio,23,2001,1.8,77,2,10,39,30,5,77,6,3,50.0,2,33.3,45,251,99,3,2,2,3,2,58,12
127,Ali Dembélé,FRA,DF,Torino,20,2004,0.6,29,2,7,19,4,0,29,1,0,0.0,1,100.0,15,68,43,2,1,0,0,0,16,0
128,Michele Di Gregorio,ITA,GK,Juventus,27,1997,4.0,107,92,106,1,0,0,107,0,0,0.0,0,0.0,67,356,216,0,0,0,0,0,62,0
129,Giovanni Di Lorenzo,ITA,DF,Napoli,31,1993,6.0,385,23,109,174,105,13,385,7,3,42.9,3,42.9,203,932,480,7,8,2,4,2,268,30
130,Boulaye Dia,SEN,"FW,MF",Lazio,27,1996,3.7,108,0,12,49,49,15,108,11,6,54.5,5,45.5,75,376,117,5,2,3,8,7,86,16
131,Federico Dimarco,ITA,DF,Inter,26,1997,5.3,326,10,53,107,169,25,326,2,2,100.0,0,0.0,172,752,447,9,10,2,4,1,226,55
132,Berat Djimsiti,ALB,DF,Atalanta,31,1993,6.0,396,36,156,205,36,6,396,1,1,100.0,0,0.0,207,1246,713,8,10,0,2,0,253,10
133,Dodô,BRA,DF,Fiorentina,25,1998,6.0,377,14,92,169,124,12,377,28,12,42.9,9,32.1,230,1694,1024,34,21,4,13,7,239,40
134,Patrick Dorgu,DEN,"FW,DF",Lecce,19,2004,4.5,204,6,48,85,77,13,204,9,1,11.1,5,55.6,134,925,538,17,10,6,7,8,149,26
135,Alberto Dossena,ITA,DF,Como,25,1998,4.7,268,31,124,137,8,5,268,2,1,50.0,1,50.0,135,549,319,0,1,0,1,2,161,0
136,Issa Doumbia,CIV,MF,Venezia,20,2003,1.0,51,2,17,29,7,0,51,0,0,0.0,0,0.0,33,201,135,2,3,0,2,2,35,2
137,Artem Dovbyk,UKR,FW,Roma,27,1997,5.8,138,3,8,50,80,39,138,5,2,40.0,3,60.0,72,297,55,3,2,1,12,4,108,35
138,Ondrej Duda,SVK,MF,Hellas Verona,29,1994,3.4,175,4,34,104,42,0,175,3,3,100.0,0,0.0,90,461,184,2,5,0,5,4,97,4
139,Denzel Dumfries,NED,DF,Inter,28,1996,1.6,77,1,14,40,25,4,77,4,0,0.0,4,100.0,36,174,92,3,1,0,1,0,48,9
140,Alfred Duncan,GHA,MF,Venezia,31,1993,3.7,173,5,33,118,29,1,173,7,3,42.9,4,57.1,95,506,237,3,7,0,5,4,105,5
141,Paulo Dybala,ARG,"FW,MF",Roma,30,1993,3.2,186,1,14,72,100,19,185,9,2,22.2,5,55.6,115,633,250,7,5,5,10,5,137,24
142,Éderson,BRA,MF,Atalanta,25,1999,5.8,362,8,63,210,94,12,362,9,3,33.3,4,44.4,218,887,376,2,6,1,13,8,270,13
143,Kingsley Ehizibue,NED,DF,Udinese,29,1995,6.0,240,19,78,89,75,10,240,4,1,25.0,3,75.0,103,654,373,13,11,1,5,7,111,29
144,Jeff Ekhator,ITA,"FW,MF",Genoa,17,2006,0.4,20,1,1,6,14,2,20,0,0,0.0,0,0.0,12,59,35,1,1,1,4,0,16,8
145,Jurgen Ekkelenkamp,NED,MF,Udinese,24,2000,2.2,100,3,19,58,26,3,100,3,1,33.3,2,66.7,47,268,164,4,1,0,3,0,68,7
146,Emmanuel Ekong,SWE,"MF,FW",Empoli,22,2002,0.4,19,0,3,3,14,3,19,5,3,60.0,1,20.0,13,167,109,5,1,2,2,5,17,6
147,Caleb Ekuban,GHA,FW,Genoa,30,1994,2.3,51,2,6,17,29,8,51,4,2,50.0,2,50.0,31,126,64,1,1,0,6,6,35,11
148,Mikael Ellertsson,ISL,MF,Venezia,22,2002,4.4,125,7,27,46,53,14,125,10,5,50.0,4,40.0,72,312,158,5,5,2,10,4,78,11
149,Emerson,BRA,DF,Milan,25,1999,4.0,279,11,67,134,80,4,279,6,3,50.0,2,33.3,172,668,307,6,3,1,3,2,196,19
150,Yannik Engelhardt,GER,MF,Como,23,2001,0.8,28,0,5,22,1,0,28,1,0,0.0,1,100.0,23,118,57,1,1,0,1,1,25,1
151,Martin Erlic,CRO,DF,Bologna,26,1998,1.5,95,9,42,51,2,1,95,1,0,0.0,0,0.0,68,285,169,0,0,0,0,0,70,1
152,Sebastiano Esposito,ITA,"FW,MF",Empoli,22,2002,4.1,182,4,19,90,80,17,182,16,8,50.0,6,37.5,81,472,238,11,10,5,7,8,113,10
153,Nahuel Estévez,ARG,MF,Parma,28,1995,1.8,71,8,31,29,11,1,71,0,0,0.0,0,0.0,23,60,13,0,0,0,1,1,38,0
154,Giovanni Fabbian,ITA,MF,Bologna,21,2003,2.8,73,1,10,38,28,10,73,3,0,0.0,2,66.7,44,358,80,3,0,2,6,4,49,5
155,Alieu Fadera,GAM,"FW,MF",Como,22,2001,2.8,118,1,21,50,54,9,118,6,4,66.7,2,33.3,86,748,404,15,6,5,5,13,87,20
156,Nicolò Fagioli,ITA,MF,Juventus,23,2001,3.3,274,7,52,181,43,3,274,2,1,50.0,1,50.0,174,1155,578,9,11,1,5,1,231,6
157,Wladimiro Falcone,ITA,GK,Lecce,29,1995,6.0,186,167,184,2,0,0,186,0,0,0.0,0,0.0,97,499,329,0,0,0,0,0,80,0
158,Davide Faraoni,ITA,"MF,DF",Hellas Verona,32,1991,0.3,16,1,5,8,3,1,16,0,0,0.0,0,0.0,7,32,10,1,0,0,0,0,9,1
159,Jacopo Fazzini,ITA,MF,Empoli,21,2003,2.6,83,4,17,39,30,6,83,8,5,62.5,2,25.0,54,404,261,7,4,4,8,7,54,14
160,Mattia Felici,ITA,DF,Cagliari,23,2001,0.3,11,0,2,6,4,1,11,4,2,50.0,2,50.0,7,56,34,1,1,1,0,0,5,2
161,Youssouf Fofana,FRA,MF,Milan,25,1999,3.8,265,5,70,173,25,3,265,5,2,40.0,3,60.0,169,969,490,5,3,0,3,1,215,1
162,Michael Folorunsho,ITA,FW,Napoli,26,1998,0.2,11,0,1,7,3,0,11,1,0,0.0,1,100.0,2,29,4,0,0,0,2,0,5,1
163,Omari Forson,ENG,"MF,FW",Monza,20,2004,0.2,15,0,1,8,6,0,15,2,2,100.0,0,0.0,12,125,28,1,1,0,2,1,15,2
164,Davide Frattesi,ITA,MF,Inter,24,1999,2.9,107,2,18,62,30,11,107,5,4,80.0,1,20.0,56,359,229,8,3,4,1,1,74,4
165,Morten Frendrup,DEN,MF,Genoa,23,2001,5.8,248,11,62,142,47,1,248,5,3,60.0,2,40.0,119,513,218,2,3,0,5,4,138,5
166,Martin Frese,DEN,DF,Hellas Verona,26,1998,3.7,212,14,81,100,31,1,212,1,0,0.0,0,0.0,100,398,197,3,4,0,1,0,115,6
167,Remo Freuler,SUI,MF,Bologna,32,1992,6.0,419,22,94,244,84,3,419,1,1,100.0,0,0.0,220,1041,497,9,5,1,5,3,309,8
168,Matteo Gabbia,ITA,DF,Milan,24,1999,3.0,184,17,88,92,5,2,184,0,0,0.0,0,0.0,134,581,353,2,1,0,0,0,140,0
169,Alessandro Gabrielloni,ITA,"FW,MF",Como,30,1994,0.6,19,1,2,6,12,3,19,0,0,0.0,0,0.0,10,142,25,2,1,1,2,0,9,5
170,Gianluca Gaetano,ITA,MF,Cagliari,24,2000,0.9,44,1,3,21,20,9,44,4,2,50.0,2,50.0,20,94,31,1,2,0,2,3,30,8
171,Roberto Gagliardini,ITA,"MF,DF",Monza,30,1994,1.0,65,6,12,47,6,1,65,1,0,0.0,1,100.0,41,268,101,2,0,0,4,3,42,3
172,Antonino Gallo,ITA,DF,Lecce,24,2000,5.9,311,27,116,131,69,3,311,9,3,33.3,4,44.4,145,901,515,13,9,1,6,3,157,18
173,Gaspar,ANG,DF,Lecce,27,1997,6.0,314,59,207,93,17,11,314,1,1,100.0,0,0.0,159,688,293,1,1,1,2,0,190,1
174,Federico Gatti,ITA,DF,Juventus,26,1998,3.9,314,28,153,158,5,3,314,3,2,66.7,0,0.0,198,1114,491,1,0,0,2,1,244,1
175,David de Gea,ESP,GK,Fiorentina,33,1990,3.0,109,92,108,1,0,0,109,0,0,0.0,0,0.0,60,288,181,0,0,0,0,0,55,0
176,Valentin Gendrey,FRA,DF,Lecce,24,2000,2.0,69,3,16,38,15,3,69,0,0,0.0,0,0.0,32,254,144,7,4,0,1,0,39,4
177,Lautaro Gianetti,ARG,DF,Udinese,30,1993,3.3,165,40,99,60,7,3,165,0,0,0.0,0,0.0,67,294,103,0,0,0,0,0,84,0
178,Mario Gila,ESP,DF,Lazio,24,2000,3.0,209,27,95,100,14,9,209,0,0,0.0,0,0.0,141,747,342,3,2,0,1,2,147,0
179,Billy Gilmour,SCO,MF,Napoli,23,2001,0.2,29,1,8,15,6,0,29,0,0,0.0,0,0.0,14,56,8,0,0,0,0,0,22,0
180,Gvidas Gineitis,LTU,MF,Torino,20,2004,0.5,29,0,3,16,10,0,29,0,0,0.0,0,0.0,14,54,17,0,1,0,0,1,20,5
181,Ben Godfrey,ENG,DF,Atalanta,26,1998,0.3,11,0,2,8,1,1,11,0,0,0.0,0,0.0,5,17,1,0,0,0,1,0,8,1
182,Saba Goglichidze,GEO,DF,Empoli,20,2004,4.0,157,14,78,74,6,0,157,1,0,0.0,1,100.0,71,337,71,1,2,0,2,2,87,0
183,Edoardo Goldaniga,ITA,DF,Como,30,1993,1.4,86,4,46,38,2,0,86,1,0,0.0,1,100.0,60,428,212,0,0,0,0,0,60,0
184,Pierluigi Gollini,ITA,GK,Genoa,29,1995,6.0,219,176,218,1,0,0,219,0,0,0.0,0,0.0,109,561,364,0,0,0,0,0,110,0
185,Nicolás González,ARG,FW,Juventus,26,1998,2.5,104,1,4,47,53,3,104,9,2,22.2,7,77.8,54,329,170,6,7,2,4,4,89,23
186,Robin Gosens,GER,DF,Fiorentina,30,1994,4.0,249,9,60,120,69,7,249,3,2,66.7,1,33.3,128,514,272,3,2,0,5,2,165,11
187,Alberto Grassi,ITA,MF,Empoli,29,1995,3.3,148,12,59,71,18,2,148,1,0,0.0,0,0.0,60,317,135,3,0,0,3,3,75,2
188,Mattéo Guendouzi,FRA,MF,Lazio,25,1999,6.0,369,12,54,242,75,5,369,3,3,100.0,0,0.0,247,1467,775,11,8,0,4,3,270,7
189,Frederic Guilbert,FRA,DF,Lecce,29,1994,2.3,133,13,49,66,22,0,133,2,1,50.0,0,0.0,66,411,181,4,2,0,2,1,68,3
190,Albert Guðmundsson,ISL,MF,Fiorentina,27,1997,1.3,61,1,11,33,19,5,59,4,3,75.0,1,25.0,37,393,142,7,2,2,2,1,42,4
191,Emmanuel Gyasi,GHA,"DF,FW",Empoli,30,1994,6.0,226,22,68,112,50,7,226,7,4,57.1,2,28.6,89,372,137,3,2,0,6,2,109,19
192,Christian Gytkjær,DEN,FW,Venezia,34,1990,1.7,43,3,5,28,11,2,43,0,0,0.0,0,0.0,27,62,18,1,1,1,5,3,31,7
193,Nicolas Haas,SUI,MF,Empoli,28,1996,1.1,39,1,15,14,10,0,39,1,0,0.0,0,0.0,20,57,26,0,0,0,0,2,18,0
194,Saad El Haddad,MAR,MF,Venezia,19,2005,0.2,9,0,0,7,2,0,9,0,0,0.0,0,0.0,6,63,27,1,0,0,2,1,6,2
195,Antoine Hainaut,FRA,"DF,FW",Parma,22,2002,0.6,54,2,6,16,32,3,54,3,2,66.7,0,0.0,29,132,63,3,0,0,1,0,39,12
196,Mohamed Haj,TUN,MF,Parma,19,2005,0.3,23,1,2,10,11,3,23,0,0,0.0,0,0.0,14,74,25,1,0,0,0,0,15,2
197,Ridgeciano Haps,SUR,DF,Venezia,31,1993,2.3,87,10,36,24,28,7,87,1,1,100.0,0,0.0,41,203,107,3,0,1,2,0,42,4
198,Abdou Harroui,NED,"FW,MF",Hellas Verona,26,1998,1.9,85,3,12,37,39,6,85,12,3,25.0,8,66.7,54,418,196,7,9,2,3,5,66,16
199,Liam Henderson,SCO,MF,Empoli,28,1996,5.8,217,12,53,121,43,0,217,3,2,66.7,1,33.3,80,355,132,3,1,0,4,2,117,9
200,Mario Hermoso,ESP,DF,Roma,29,1995,0.6,33,6,19,12,2,0,33,3,2,66.7,1,33.3,10,57,31,0,1,0,0,1,17,1
201,Theo Hernández,FRA,DF,Milan,26,1997,4.4,317,12,78,160,86,13,317,6,4,66.7,1,16.7,200,1118,651,13,6,4,4,3,215,29
202,Hernani,BRA,MF,Parma,30,1994,1.0,72,1,7,37,29,0,72,2,0,0.0,1,50.0,37,163,77,1,2,0,1,2,55,2
203,Isak Hien,SWE,DF,Atalanta,25,1999,2.3,127,14,67,59,1,0,127,0,0,0.0,0,0.0,69,320,119,0,1,0,1,3,73,0
204,Emil Holm,SWE,MF,Bologna,24,2000,0.1,4,2,2,0,2,0,4,0,0,0.0,0,0.0,2,12,3,0,0,0,0,0,2,0
205,Elseid Hysaj,ALB,DF,Lazio,30,1994,0.1,19,2,6,11,2,0,19,0,0,0.0,0,0.0,6,47,18,0,1,0,0,0,7,0
206,Jay Idzes,IDN,DF,Venezia,24,2000,4.7,267,29,148,104,16,4,267,1,0,0.0,1,100.0,148,812,377,1,1,0,3,2,159,1
207,Jonathan Ikone,FRA,"MF,FW",Fiorentina,26,1998,1.2,45,1,7,14,25,5,45,7,3,42.9,4,57.1,31,343,235,7,3,1,0,1,37,14
208,Ivan Ilić,SRB,MF,Torino,23,2001,5.3,317,5,31,189,99,8,317,5,3,60.0,0,0.0,205,1058,497,15,11,1,9,6,247,27
209,Samuel Iling-Junior,ENG,"MF,FW",Bologna,20,2003,0.5,39,0,2,12,25,3,39,5,2,40.0,3,60.0,21,130,57,2,1,0,1,1,27,9
210,Alessio Iovine,ITA,DF,Como,33,1991,2.5,145,11,53,60,32,1,145,0,0,0.0,0,0.0,55,296,121,5,4,1,0,0,79,3
211,Gustav Isaksen,DEN,"FW,MF",Lazio,23,2001,3.1,133,1,4,48,83,10,133,11,6,54.5,3,27.3,97,625,313,9,9,4,4,6,110,40
212,Ardian Ismajli,ALB,DF,Empoli,28,1996,6.0,252,64,161,90,2,2,252,0,0,0.0,0,0.0,71,230,81,0,0,0,2,0,76,0
213,Armando Izzo,ITA,DF,Monza,32,1992,5.6,389,63,221,146,23,2,389,3,2,66.7,1,33.3,242,1042,499,5,6,0,6,0,257,3
214,Ali Jasim,IRQ,FW,Como,20,2004,0.0,2,0,1,1,0,0,2,0,0,0.0,0,0.0,2,12,6,0,0,0,0,0,2,1
215,Gaby Jean,FRA,DF,Lecce,24,2000,0.2,3,2,3,0,0,0,3,0,0,0.0,0,0.0,0,0,0,0,0,0,0,0,0,0
216,Juan Jesus,BRA,DF,Napoli,33,1991,0.9,76,3,25,50,2,1,76,0,0,0.0,0,0.0,46,240,153,2,1,0,0,1,59,2
217,Jesse Joronen,FIN,GK,Venezia,31,1993,6.0,260,230,260,0,0,0,260,0,0,0.0,0,0.0,167,930,492,0,0,0,0,0,139,0
218,Luka Jović,SRB,FW,Milan,26,1997,0.9,23,0,1,13,9,2,23,1,1,100.0,0,0.0,16,61,13,1,0,0,1,0,21,7
219,Christian Kabasele,BEL,DF,Udinese,33,1991,3.4,199,33,110,79,11,6,199,0,0,0.0,0,0.0,118,547,287,1,1,0,4,2,128,1
220,Pierre Kalulu,FRA,DF,Juventus,24,2000,3.0,309,15,105,177,28,1,309,2,0,0.0,2,100.0,206,1096,548,3,4,1,1,0,255,5
221,Hassane Kamara,CIV,DF,Udinese,30,1994,3.3,153,15,63,48,44,3,153,5,2,40.0,3,60.0,72,395,223,7,6,0,4,0,87,13
222,Yann Karamoh,FRA,FW,Torino,26,1998,0.4,19,0,3,7,9,1,19,0,0,0.0,0,0.0,10,69,27,1,2,0,1,1,15,4
223,Jesper Karlsson,SWE,FW,Bologna,26,1998,0.9,32,0,2,12,18,1,32,2,0,0.0,2,100.0,28,116,24,0,1,0,1,4,33,9
224,Jesper Karlström,SWE,MF,Udinese,29,1995,5.2,224,20,77,125,23,3,224,2,0,0.0,2,100.0,102,501,264,4,4,0,5,3,137,3
225,Lior Kasa,ISR,MF,Genoa,19,2005,0.2,11,0,0,5,6,0,11,1,0,0.0,0,0.0,8,36,15,0,0,0,0,1,8,0
226,Grigoris Kastanos,CYP,"MF,FW",Hellas Verona,26,1998,2.8,90,2,15,50,25,0,90,1,0,0.0,1,100.0,49,219,100,2,0,0,4,2,58,6
227,Michael Kayode,ITA,DF,Fiorentina,20,2004,0.2,15,3,7,6,2,1,15,3,3,100.0,0,0.0,6,50,26,2,0,1,0,0,5,1
228,Moise Kean,ITA,FW,Fiorentina,24,2000,5.9,150,5,7,70,76,28,150,16,8,50.0,6,37.5,89,449,171,5,4,3,18,13,119,28
229,Mandela Keita,BEL,MF,Parma,22,2002,0.2,7,0,1,4,2,0,7,0,0,0.0,0,0.0,3,7,0,0,0,0,1,1,6,0
230,Marc-Oliver Kempf,GER,DF,Como,29,1995,4.0,287,50,147,131,10,5,287,0,0,0.0,0,0.0,158,677,289,0,0,0,0,0,192,0
231,Magnus Kofod Andersen,DEN,MF,Venezia,25,1999,3.0,146,4,33,83,34,2,146,1,1,100.0,0,0.0,88,362,177,2,0,0,2,2,93,5
232,Sead Kolašinac,BIH,DF,Atalanta,31,1993,2.9,194,9,55,101,38,5,194,3,1,33.3,2,66.7,104,486,321,8,8,0,1,2,133,11
233,Manu Koné,FRA,MF,Roma,23,2001,1.9,130,4,16,70,47,5,130,4,2,50.0,1,25.0,78,584,333,8,9,2,2,4,101,4
234,Teun Koopmeiners,NED,MF,Juventus,26,1998,3.5,230,3,19,125,87,11,230,4,2,50.0,2,50.0,106,483,247,7,6,1,5,3,166,27
235,Odilon Kossounou,CIV,DF,Atalanta,23,2001,1.7,105,3,36,59,10,0,105,1,0,0.0,1,100.0,66,361,158,1,2,0,2,0,71,1
236,Christian Kouamé,CIV,"MF,FW",Fiorentina,26,1997,3.2,152,3,13,75,64,14,152,9,2,22.2,5,55.6,82,409,184,5,4,2,6,8,112,22
237,Mateusz Kowalski,POL,MF,Parma,19,2005,0.6,18,1,2,10,6,2,18,0,0,0.0,0,0.0,9,31,10,0,0,0,2,2,14,2
238,Thomas Kristensen,DEN,DF,Udinese,22,2002,2.1,119,15,67,50,3,1,119,0,0,0.0,0,0.0,58,236,134,0,1,0,2,0,74,0
239,Nikola Krstović,MNE,FW,Lecce,24,2000,5.7,182,3,10,89,86,30,182,16,7,43.8,9,56.3,109,578,285,8,3,5,11,6,137,24
240,Khvicha Kvaratskhelia,GEO,"MF,FW",Napoli,23,2001,4.9,241,1,18,94,136,30,241,23,9,39.1,10,43.5,158,1084,625,24,18,15,9,10,174,38
241,Giorgos Kyriakopoulos,GRE,DF,Monza,28,1996,6.0,350,19,110,151,90,5,350,5,1,20.0,3,60.0,167,1017,496,11,7,2,4,4,190,19
242,Mathis Lambourde,FRA,"DF,MF",Hellas Verona,18,2006,0.1,4,0,2,0,2,2,4,1,1,100.0,0,0.0,3,22,6,1,1,1,0,1,3,1
243,Gianluca Lapadula,PER,"FW,MF",Cagliari,34,1990,1.0,28,1,1,6,21,7,28,1,1,100.0,0,0.0,15,98,46,2,1,1,0,0,19,6
244,Valentino Lazaro,AUT,DF,Torino,28,1996,5.6,376,17,73,164,140,9,376,8,4,50.0,3,37.5,200,679,298,7,3,4,10,6,255,43
245,Darko Lazović,SRB,"MF,DF",Hellas Verona,34,1990,4.7,165,9,38,61,67,8,164,11,4,36.4,6,54.5,76,441,206,5,3,3,2,0,93,24
246,Manuel Lazzari,ITA,DF,Lazio,30,1993,5.1,314,4,49,163,105,4,314,9,5,55.6,3,33.3,200,1333,783,26,25,0,11,0,209,27
247,Enzo Le Fée,FRA,MF,Roma,24,2000,1.0,77,1,10,39,29,4,77,2,2,100.0,0,0.0,43,315,185,3,3,0,3,1,55,1
248,Rafael Leão,POR,FW,Milan,25,1999,4.9,240,0,14,84,149,37,240,24,13,54.2,10,41.7,173,1196,677,29,14,16,8,2,197,69
249,Nunzio Lella,ITA,MF,Venezia,24,2000,0.1,1,0,0,1,0,0,1,0,0,0.0,0,0.0,2,2,0,0,0,0,0,0,3,0
250,Karol Linetty,POL,MF,Torino,29,1995,3.9,197,12,48,125,29,1,197,3,0,0.0,3,100.0,113,533,220,5,7,0,6,3,139,3
251,Dailon Livramento,CPV,"FW,MF",Hellas Verona,23,2001,1.8,41,0,3,18,23,4,41,3,0,0.0,2,66.7,27,280,164,5,3,1,2,4,27,9
252,Stanislav Lobotka,SVK,MF,Napoli,29,1994,5.8,382,14,73,235,77,5,382,5,2,40.0,3,60.0,222,1135,523,9,6,1,4,2,282,10
253,Manuel Locatelli,ITA,MF,Juventus,26,1998,4.3,420,19,110,286,26,0,420,1,0,0.0,1,100.0,243,1244,640,3,1,0,1,0,339,2
254,Ruben Loftus-Cheek,ENG,MF,Milan,28,1996,4.5,210,6,25,113,74,15,210,5,3,60.0,1,20.0,138,745,421,10,7,4,5,4,177,18
255,Ademola Lookman,NGA,"MF,FW",Atalanta,26,1997,2.4,140,0,12,46,87,24,139,14,9,64.3,5,35.7,85,496,245,12,8,6,7,10,105,35
256,Sandi Lovrić,SVN,MF,Udinese,26,1998,3.5,171,5,37,80,58,9,171,7,3,42.9,4,57.1,89,695,327,7,7,1,7,3,108,8
257,Lorenzo Lucca,ITA,FW,Udinese,24,2000,4.3,104,2,8,65,33,12,104,7,4,57.1,3,42.9,52,265,96,2,2,1,12,3,74,13
258,Jhon Lucumí,COL,DF,Bologna,26,1998,3.4,321,25,117,200,6,1,321,0,0,0.0,0,0.0,182,979,591,4,1,0,2,1,220,1
259,José Luis Palomino,ARG,DF,Cagliari,34,1990,0.8,54,4,17,31,6,0,54,0,0,0.0,0,0.0,36,234,112,0,0,0,0,1,37,0
260,Douglas Luiz,BRA,MF,Juventus,26,1998,1.7,143,4,22,83,39,0,143,7,7,100.0,0,0.0,76,609,377,8,3,0,5,3,101,4
261,Romelu Lukaku,BEL,FW,Napoli,31,1993,2.9,86,4,6,28,52,10,86,5,1,20.0,4,80.0,50,189,75,3,4,2,10,4,73,33
262,Sebastiano Luperto,ITA,DF,Cagliari,28,1996,5.0,319,34,145,150,26,7,319,1,0,0.0,1,100.0,169,861,525,9,4,0,1,0,198,3
263,Zito Luvumbo,ANG,"FW,MF",Cagliari,22,2002,4.2,112,1,5,36,72,22,112,16,6,37.5,7,43.8,75,644,244,12,4,10,11,6,87,38
264,Charalambos Lykogiannis,GRE,DF,Bologna,30,1993,3.6,242,12,71,122,49,3,242,0,0,0.0,0,0.0,127,449,229,4,3,1,2,0,173,10
265,Giangiacomo Magnani,ITA,DF,Hellas Verona,28,1995,2.3,83,8,45,33,5,1,83,0,0,0.0,0,0.0,48,203,81,1,1,0,0,0,46,3
266,Mike Maignan,FRA,GK,Milan,29,1995,6.0,245,165,243,2,0,0,245,0,0,0.0,0,0.0,162,751,491,0,0,0,0,0,142,0
267,Antoine Makoumbou,CGO,MF,Cagliari,26,1998,0.7,51,0,12,30,9,0,51,1,0,0.0,1,100.0,23,135,67,1,0,0,1,1,33,1
268,Daniel Maldini,ITA,MF,Monza,22,2001,4.7,186,5,29,92,69,2,186,22,12,54.5,9,40.9,129,820,355,10,10,0,10,9,136,19
269,Youssef Maleh,MAR,MF,Empoli,26,1998,3.0,108,2,21,70,18,1,108,4,0,0.0,2,50.0,47,165,69,0,0,0,6,1,67,5
270,Ruslan Malinovskyi,UKR,"MF,FW",Genoa,31,1993,2.5,144,5,34,83,27,0,144,2,1,50.0,1,50.0,78,394,151,1,5,0,2,2,82,6
271,Dennis Man,ROU,FW,Parma,26,1998,4.3,200,2,24,67,112,25,200,15,7,46.7,7,46.7,111,863,327,16,6,7,7,6,142,33
272,Gianluca Mancini,ITA,DF,Roma,28,1996,5.6,392,27,130,202,62,12,392,3,0,0.0,2,66.7,251,1281,774,14,18,2,4,0,302,6
273,Rolando Mandragora,ITA,MF,Fiorentina,27,1997,3.0,177,6,34,108,35,2,177,0,0,0.0,0,0.0,104,528,261,4,4,0,0,1,130,2
274,Alberto Manzoni,ITA,MF,Atalanta,19,2005,0.1,14,0,3,10,1,0,14,0,0,0.0,0,0.0,8,25,12,0,0,0,0,0,13,0
275,Filip Marchwiński,POL,MF,Lecce,22,2002,0.2,5,0,0,2,3,0,5,0,0,0.0,0,0.0,3,6,1,0,0,0,0,0,4,0
276,Pablo Marí,ESP,DF,Monza,31,1993,6.0,438,88,260,177,2,2,438,2,2,100.0,0,0.0,262,993,437,1,0,0,1,2,301,0
277,Mirko Marić,CRO,FW,Monza,29,1995,0.1,4,1,1,1,2,0,4,0,0,0.0,0,0.0,0,0,0,0,0,0,0,0,2,1
278,Răzvan Marin,ROU,MF,Cagliari,28,1996,4.6,250,6,49,130,75,7,250,5,3,60.0,2,40.0,124,698,348,9,8,2,3,2,143,10
279,Guillermo Maripán,CHI,DF,Torino,30,1994,1.1,155,11,50,106,1,0,155,0,0,0.0,0,0.0,93,526,354,1,1,0,0,1,124,0
280,Aarón Martín,ESP,DF,Genoa,27,1997,5.0,261,16,53,124,88,2,261,3,1,33.3,1,33.3,119,722,455,15,7,0,2,2,136,16
281,Lautaro Martínez,ARG,FW,Inter,27,1997,4.4,125,1,8,58,60,16,125,10,3,30.0,6,60.0,82,400,116,4,3,2,7,7,100,21
282,Lucas Martínez Quarta,ARG,DF,Fiorentina,28,1996,2.4,204,32,110,79,16,6,204,1,1,100.0,0,0.0,115,602,363,1,1,1,4,1,124,2
283,Kevin Martins,ITA,DF,Monza,19,2005,0.0,6,0,1,5,0,0,6,0,0,0.0,0,0.0,5,22,1,0,0,0,1,0,5,0
284,Adam Marušić,MNE,DF,Lazio,31,1992,2.8,175,4,45,95,37,0,175,3,1,33.3,2,66.7,90,334,190,3,1,0,1,3,112,7
285,Adam Masina,MAR,DF,Torino,30,1994,6.0,499,56,211,267,23,4,499,2,0,0.0,2,100.0,305,1436,934,5,6,0,3,1,365,3
286,Alan Matturro,URU,DF,Genoa,19,2004,0.2,6,0,1,2,3,1,6,0,0,0.0,0,0.0,4,26,10,0,0,0,0,1,4,1
287,Luca Mazzitelli,ITA,MF,Como,28,1995,1.9,128,6,33,74,23,6,128,4,3,75.0,1,25.0,57,261,110,0,1,0,0,2,85,4
288,Pasquale Mazzocchi,ITA,DF,Napoli,29,1995,3.9,176,15,44,59,77,5,176,11,5,45.5,4,36.4,100,688,351,12,6,2,4,7,102,24
289,Samuel Mbangula,BEL,FW,Juventus,20,2004,2.5,107,1,17,51,40,5,107,9,1,11.1,6,66.7,68,421,242,9,6,1,6,2,82,15
290,Weston McKennie,USA,MF,Juventus,26,1998,1.8,92,0,11,46,36,4,92,2,1,50.0,1,50.0,42,166,51,2,2,0,3,2,63,12
291,Scott McTominay,SCO,MF,Napoli,27,1996,2.2,72,1,8,39,29,6,72,4,2,50.0,2,50.0,38,329,191,7,6,1,4,4,55,12
292,Alex Meret,ITA,GK,Napoli,27,1997,4.4,135,111,134,1,0,0,135,0,0,0.0,0,0.0,70,347,128,0,0,0,0,0,57,0
293,Junior Messias,BRA,"MF,FW",Genoa,33,1991,2.9,98,4,16,48,38,7,97,10,3,30.0,6,60.0,53,327,189,8,10,1,6,4,58,16
294,Valentin Mihaila,ROU,"FW,MF",Parma,24,2000,4.0,153,0,10,67,79,16,153,10,5,50.0,4,40.0,87,542,320,10,7,6,10,5,113,21
295,Vanja Milinković-Savić,SRB,GK,Torino,27,1997,5.0,234,187,231,3,0,0,234,0,0,0.0,0,0.0,137,765,527,0,0,0,0,0,108,0
296,Yerry Mina,COL,DF,Cagliari,30,1994,3.7,321,42,166,137,21,14,321,3,1,33.3,1,33.3,157,811,461,1,3,0,1,2,185,4
297,Juan Miranda,ESP,DF,Bologna,24,2000,2.4,228,4,64,99,67,1,228,0,0,0.0,0,0.0,105,455,241,8,4,0,3,3,146,11
298,Fabio Miretti,ITA,MF,Genoa,21,2003,0.8,25,1,8,8,9,0,25,0,0,0.0,0,0.0,12,46,8,0,1,0,0,2,13,2
299,Henrikh Mkhitaryan,ARM,MF,Inter,35,1989,5.0,307,12,49,172,90,4,307,9,0,0.0,9,100.0,180,900,445,7,9,0,2,5,232,14
300,Lorenzo Montipò,ITA,GK,Hellas Verona,28,1996,6.0,189,155,186,3,0,0,189,0,0,0.0,0,0.0,71,431,259,0,0,0,0,0,68,0
301,Álvaro Morata,ESP,"MF,FW",Milan,31,1992,2.1,70,1,4,35,32,6,70,3,1,33.3,0,0.0,41,261,131,5,3,0,6,2,54,12
302,Alberto Moreno,ESP,DF,Como,32,1992,6.0,361,18,128,156,79,10,361,5,3,60.0,2,40.0,198,670,244,2,5,0,5,1,236,15
303,Tete Morente,ESP,"FW,MF",Lecce,27,1996,3.4,141,3,18,62,62,3,141,4,1,25.0,2,50.0,78,463,250,8,10,0,7,2,85,21
304,Nikola Moro,CRO,MF,Bologna,26,1998,2.6,170,2,25,101,44,1,170,3,1,33.3,1,33.3,71,351,168,5,2,0,6,1,118,8
305,Daniel Mosquera,COL,"FW,MF",Hellas Verona,24,1999,2.2,64,2,4,27,33,12,64,6,3,50.0,3,50.0,35,219,46,3,3,3,5,7,44,14
306,Dany Mota,POR,MF,Monza,26,1998,2.2,88,0,8,38,44,6,88,6,4,66.7,1,16.7,52,400,240,10,6,1,6,2,65,11
307,Yunus Musah,USA,MF,Milan,21,2002,1.7,141,2,20,84,40,1,141,2,1,50.0,0,0.0,100,696,354,6,4,1,2,2,117,4
308,Juan Musso,ARG,GK,Atalanta,30,1994,1.0,35,30,35,0,0,0,35,0,0,0.0,0,0.0,12,91,48,0,0,0,0,0,10,0
309,Kingstone Mutandwa,ZAM,MF,Cagliari,21,2003,0.4,15,0,0,8,7,1,15,1,0,0.0,1,100.0,9,95,14,0,0,0,1,0,12,1
310,Obite N'Dicka,CIV,DF,Roma,25,1999,6.0,464,63,212,239,16,3,464,1,0,0.0,0,0.0,298,1946,909,7,4,0,2,2,342,1
311,Michel Ndary Adopo,FRA,MF,Cagliari,24,2000,1.1,40,0,10,23,8,2,40,3,2,66.7,1,33.3,20,115,74,1,1,0,1,0,26,0
312,Dan Ndoye,SUI,"FW,MF",Bologna,23,2000,3.7,154,1,10,64,85,16,154,17,8,47.1,6,35.3,104,777,454,21,7,8,7,7,122,51
313,David Neres,BRA,"MF,FW",Napoli,27,1997,0.6,42,1,3,12,28,2,42,5,2,40.0,3,60.0,24,210,113,6,1,1,2,2,31,12
314,Cyril Ngonge,BEL,DF,Napoli,24,2000,0.1,14,0,1,7,7,1,14,4,2,50.0,2,50.0,12,84,32,1,2,1,0,2,13,7
315,Hans Nicolussi Caviglia,ITA,MF,Venezia,24,2000,2.6,117,7,27,64,31,2,117,3,2,66.7,1,33.3,59,387,169,5,1,0,3,5,69,1
316,Eybi Nije,SWE,DF,Torino,19,2005,0.3,16,0,4,7,5,0,16,3,2,66.7,1,33.3,6,61,37,2,1,0,1,1,6,1
317,Tijjani Noslin,NED,"FW,MF",Lazio,25,1999,2.6,98,3,7,38,53,6,98,3,2,66.7,1,33.3,61,355,144,4,3,1,8,3,75,17
318,Adam Obert,SVK,DF,Cagliari,22,2002,0.1,5,0,3,2,0,0,5,0,0,0.0,0,0.0,4,9,3,0,0,0,1,0,3,0
319,Jens Odgaard,DEN,"FW,MF",Bologna,25,1999,2.4,107,1,13,48,48,9,107,9,2,22.2,5,55.6,68,368,117,4,1,3,8,2,84,16
320,Noah Okafor,SUI,FW,Milan,24,2000,2.3,70,1,3,29,42,17,70,11,7,63.6,4,36.4,44,379,225,9,6,5,5,5,47,20
321,Maduka Okoye,NGA,GK,Udinese,25,1999,6.0,216,194,215,1,0,0,216,0,0,0.0,0,0.0,123,487,209,0,0,0,0,0,126,0
322,Mathías Olivera,URU,DF,Napoli,26,1997,4.2,223,8,65,103,56,8,223,1,0,0.0,1,100.0,108,524,288,8,2,2,3,3,128,11
323,Gaetano Oristanio,ITA,"MF,FW",Venezia,22,2002,4.2,123,2,14,52,59,13,123,21,11,52.4,9,42.9,85,530,259,7,7,4,11,11,88,14
324,Riccardo Orsolini,ITA,"FW,MF",Bologna,27,1997,3.7,158,1,8,60,94,15,157,22,8,36.4,12,54.5,93,546,298,9,7,3,7,3,122,32
325,Yordan Osorio,VEN,DF,Parma,30,1994,0.9,46,9,25,18,3,1,46,0,0,0.0,0,0.0,18,78,37,0,0,0,1,0,20,0
326,Remi Oudin,FRA,"MF,FW",Lecce,27,1996,0.9,39,1,4,15,20,1,39,0,0,0.0,0,0.0,20,139,15,0,1,0,1,1,24,8
327,Alberto Paleari,ITA,GK,Torino,32,1992,1.0,37,29,37,0,0,0,37,0,0,0.0,0,0.0,23,111,65,0,0,0,0,0,15,0
328,Marco Palestra,ITA,DF,Atalanta,19,2005,0.4,25,0,5,9,11,4,25,0,0,0.0,0,0.0,15,92,62,2,1,1,1,0,16,3
329,Leandro Paredes,ARG,MF,Roma,30,1994,1.2,100,4,24,55,21,2,100,0,0,0.0,0,0.0,57,283,92,0,1,0,3,0,71,0
330,Fabiano Parisi,ITA,DF,Fiorentina,23,2000,1.4,67,3,16,33,18,3,67,3,2,66.7,0,0.0,40,199,116,2,4,2,2,4,40,2
331,Mario Pašalić,CRO,MF,Atalanta,29,1995,3.9,252,10,43,155,58,14,251,1,0,0.0,1,100.0,162,830,435,4,7,0,4,6,197,8
332,Patric,ESP,DF,Lazio,31,1993,2.5,173,9,74,87,13,2,173,0,0,0.0,0,0.0,114,624,313,1,2,0,1,0,118,4
333,Benjamin Pavard,FRA,DF,Inter,28,1996,4.0,314,37,129,149,38,7,314,1,0,0.0,0,0.0,203,1185,681,3,6,0,2,0,257,7
334,Strahinja Pavlović,SRB,DF,Milan,23,2001,3.0,275,32,154,114,9,3,275,2,1,50.0,0,0.0,186,831,483,4,5,0,2,2,193,1
335,Leonardo Pavoletti,ITA,"FW,MF",Cagliari,35,1988,1.1,59,2,6,27,26,10,59,0,0,0.0,0,0.0,16,42,32,1,1,0,4,0,40,4
336,Martín Payero,ARG,MF,Udinese,26,1998,2.4,101,5,21,59,26,4,101,11,7,63.6,3,27.3,46,300,158,2,4,2,7,0,47,4
337,Nicolás Paz,ARG,"MF,FW",Como,20,2004,3.6,209,4,24,93,98,15,209,23,12,52.2,9,39.1,132,988,509,19,16,5,11,4,151,22
338,Marcus Pedersen,NOR,DF,Torino,24,2000,1.3,59,2,14,25,22,3,59,3,2,66.7,1,33.3,29,207,110,6,3,2,2,2,33,7
339,Pedro,ESP,"MF,FW",Lazio,37,1987,0.3,22,0,2,10,11,3,22,2,1,50.0,1,50.0,12,139,94,4,1,1,1,0,15,3
340,Pietro Pellegri,ITA,"FW,MF",Empoli,23,2001,0.8,23,0,0,10,13,3,23,1,1,100.0,0,0.0,20,163,66,4,1,1,6,4,22,8
341,Lorenzo Pellegrini,ITA,MF,Roma,28,1996,4.9,230,7,27,97,107,13,230,11,4,36.4,7,63.6,134,745,270,4,8,1,8,6,162,27
342,Luca Pellegrini,ITA,DF,Lazio,25,1999,0.3,26,0,6,14,7,0,26,1,1,100.0,0,0.0,9,49,29,1,0,0,2,1,10,1
343,Andy Pelmard,FRA,DF,Lecce,24,2000,0.1,2,0,2,0,0,0,2,0,0,0.0,0,0.0,1,2,0,0,0,0,0,0,0,0
344,Pedro Pereira,POR,DF,Monza,26,1998,3.8,161,12,67,58,37,1,161,4,1,25.0,3,75.0,91,474,192,6,4,0,4,2,96,13
345,Nehuén Pérez,ARG,DF,Udinese,24,2000,2.0,74,13,41,31,4,1,74,1,1,100.0,0,0.0,28,151,78,2,1,1,0,0,34,2
346,Mattia Perin,ITA,GK,Juventus,31,1992,2.0,62,53,62,0,0,0,62,0,0,0.0,0,0.0,34,203,94,0,0,0,0,0,36,0
347,Máximo Perrone,ARG,MF,Como,21,2003,4.3,297,15,69,184,45,4,297,1,0,0.0,1,100.0,162,648,290,2,5,0,6,3,206,4
348,Matteo Pessina,ITA,MF,Monza,27,1997,5.5,310,10,77,176,57,4,310,5,2,40.0,1,20.0,200,1118,450,6,4,1,5,5,217,12
349,Andrea Petagna,ITA,FW,Monza,29,1995,2.0,66,1,13,34,19,9,66,4,2,50.0,2,50.0,44,224,66,2,1,1,6,3,50,7
350,Giuseppe Pezzella,ITA,"DF,FW",Empoli,26,1997,5.5,249,8,87,88,80,9,249,15,6,40.0,4,26.7,99,580,364,13,4,5,10,2,114,17
351,Roberto Piccoli,ITA,FW,Cagliari,23,2001,4.4,119,5,12,56,53,20,119,8,1,12.5,7,87.5,64,300,71,4,4,1,9,13,87,27
352,Nicholas Pierini,ITA,MF,Venezia,26,1998,0.9,28,1,6,10,12,3,28,1,0,0.0,1,100.0,16,79,21,1,1,0,2,3,18,4
353,Santiago Pierotti,ARG,"FW,MF",Lecce,23,2001,1.4,58,3,7,26,25,10,58,6,3,50.0,3,50.0,34,250,135,6,3,5,3,1,36,9
354,Balthazar Pierret,FRA,MF,Lecce,24,2000,3.9,196,9,57,119,26,0,196,2,2,100.0,0,0.0,102,468,235,2,2,0,3,1,124,2
355,Andrea Pinamonti,ITA,"FW,MF",Genoa,25,1999,4.2,82,3,5,39,38,14,82,1,0,0.0,1,100.0,38,121,24,1,0,1,7,2,55,7
356,Niccolò Pisilli,ITA,MF,Roma,20,2004,2.5,162,2,16,95,54,8,162,5,1,20.0,1,20.0,81,417,197,5,5,0,9,2,123,9
357,Semuel Pizzignacco,ITA,GK,Monza,23,2001,2.0,69,55,65,3,1,0,69,0,0,0.0,0,0.0,37,127,76,0,0,0,0,0,34,0
358,Tommaso Pobega,ITA,MF,Bologna,25,1999,1.0,45,3,12,18,15,2,45,0,0,0.0,0,0.0,13,45,17,1,0,1,1,3,33,1
359,Joel Pohjanpalo,FIN,FW,Venezia,30,1994,3.6,115,1,12,62,43,18,114,3,3,100.0,0,0.0,54,197,89,1,2,1,6,4,88,12
360,Matteo Politano,ITA,"MF,FW",Napoli,31,1993,5.4,270,6,34,87,153,18,270,17,5,29.4,7,41.2,180,1168,618,19,11,6,5,4,211,56
361,Marin Pongračić,CRO,DF,Fiorentina,27,1997,1.0,59,10,31,26,2,0,59,1,1,100.0,0,0.0,28,214,110,0,1,0,0,0,36,0
362,Stefan Posch,AUT,DF,Bologna,27,1997,5.1,415,20,123,195,100,9,415,9,2,22.2,7,77.8,206,1088,434,9,6,1,4,11,248,22
363,Matteo Prati,ITA,MF,Cagliari,20,2003,1.9,100,2,25,58,17,1,100,1,0,0.0,1,100.0,56,252,110,1,2,0,1,2,64,3
364,Ivan Provedel,ITA,GK,Lazio,30,1994,6.0,215,165,211,5,0,0,215,0,0,0.0,0,0.0,149,889,539,0,0,0,0,0,124,0
365,Christian Pulisic,USA,"FW,MF",Milan,26,1998,5.2,264,3,27,98,142,21,263,10,3,30.0,5,50.0,166,1092,592,23,17,5,9,7,198,29
366,Hamza Rafia,TUN,MF,Lecce,25,1999,2.2,136,5,36,75,27,4,136,4,1,25.0,1,25.0,81,432,198,4,1,1,4,3,103,10
367,Antonio Raimondo,ITA,FW,Venezia,20,2004,0.8,25,0,1,12,14,5,25,0,0,0.0,0,0.0,20,93,37,2,4,1,4,3,22,6
368,Ylber Ramadani,ALB,MF,Lecce,28,1996,5.7,342,18,99,211,39,2,342,10,5,50.0,5,50.0,213,1074,458,5,5,1,4,9,240,1
369,Luca Ranieri,ITA,DF,Fiorentina,25,1999,4.4,308,27,176,122,13,4,308,6,2,33.3,4,66.7,175,928,401,4,3,0,1,0,201,1
370,Giacomo Raspadori,ITA,"FW,MF",Napoli,24,2000,2.2,107,3,6,52,50,13,107,5,2,40.0,1,20.0,60,276,89,4,2,0,7,1,65,11
371,Federico Ravaglia,ITA,GK,Bologna,24,1999,1.0,32,26,32,0,0,0,32,0,0,0.0,0,0.0,19,33,19,0,0,0,0,0,17,0
372,Ante Rebić,CRO,"FW,MF",Lecce,31,1993,2.2,95,2,11,31,55,6,95,6,1,16.7,4,66.7,53,256,118,4,2,1,7,3,72,15
373,Tijjani Reijnders,NED,MF,Milan,26,1998,4.8,279,6,33,148,99,13,279,14,7,50.0,7,50.0,185,1236,684,18,20,7,4,2,231,14
374,Pepe Reina,ESP,GK,Como,42,1982,3.0,97,75,96,1,0,0,97,0,0,0.0,0,0.0,58,325,165,0,0,0,0,0,48,0
375,Mateo Retegui,ITA,FW,Atalanta,25,1999,4.4,117,4,4,49,65,27,116,6,2,33.3,4,66.7,73,258,54,1,2,0,13,6,100,32
376,Samuele Ricci,ITA,MF,Torino,23,2001,5.7,310,21,65,185,64,5,310,6,2,33.3,2,33.3,208,1271,634,11,9,1,6,0,231,6
377,Amir Richardson,MAR,MF,Fiorentina,22,2002,1.2,73,2,21,44,8,3,73,5,4,80.0,0,0.0,41,228,96,1,1,0,1,3,47,4
378,Sergi Roberto,ESP,MF,Como,32,1992,3.5,246,6,45,153,50,3,246,6,2,33.3,4,66.7,124,555,280,2,5,0,9,1,163,7
379,Alessio Romagnoli,ITA,DF,Lazio,29,1995,5.0,338,44,170,157,12,7,338,0,0,0.0,0,0.0,213,868,333,1,0,0,0,0,249,0
380,Marten de Roon,NED,"DF,MF",Atalanta,33,1991,6.0,428,13,114,249,70,1,428,1,0,0.0,1,100.0,241,1087,658,5,9,0,3,2,280,4
381,Jonas Rouhi,SWE,DF,Juventus,20,2004,1.0,81,1,18,43,20,1,81,4,2,50.0,2,50.0,41,211,87,0,1,0,2,0,55,3
382,Nicolò Rovella,ITA,MF,Lazio,22,2001,3.9,301,11,64,201,37,0,301,3,3,100.0,0,0.0,193,1033,472,6,3,0,3,3,216,5
383,Amir Rrahmani,KVX,DF,Napoli,30,1994,6.0,398,33,162,216,20,7,398,0,0,0.0,0,0.0,213,1186,745,2,3,0,2,1,249,0
384,Matteo Ruggeri,ITA,DF,Atalanta,22,2002,4.6,313,8,85,145,87,5,313,2,1,50.0,1,50.0,150,899,417,14,6,0,2,0,214,24
385,Stefano Sabelli,ITA,DF,Genoa,31,1993,3.3,148,3,29,62,57,3,148,4,0,0.0,3,75.0,58,282,133,6,1,0,4,2,76,13
386,Alexis Saelemaekers,BEL,"FW,DF",Roma,25,1999,1.2,60,1,11,23,26,2,60,6,2,33.3,4,66.7,33,199,89,2,0,0,1,4,45,6
387,Alexis Saelemaekers,BEL,"DF,FW",Milan,25,1999,1.0,81,0,9,34,38,2,81,0,0,0.0,0,0.0,59,356,234,7,4,1,1,0,61,13
388,Richie Sagrado,BEL,DF,Venezia,20,2004,0.6,8,1,3,5,1,0,8,0,0,0.0,0,0.0,4,31,22,0,0,0,1,0,4,0
389,Marco Sala,ITA,DF,Como,25,1999,1.0,59,3,10,32,17,0,59,1,0,0.0,0,0.0,35,194,109,2,4,0,1,0,41,7
390,Lazar Samardzic,SRB,"MF,FW",Atalanta,22,2002,2.2,128,1,4,40,86,11,128,8,2,25.0,6,75.0,86,532,277,10,8,4,5,2,103,24
391,Antonio Sanabria,PAR,"FW,MF",Torino,28,1996,2.4,67,1,5,32,31,8,66,0,0,0.0,0,0.0,46,175,36,1,0,0,6,8,62,10
392,Amin Sarr,SWE,FW,Hellas Verona,23,2001,0.3,16,1,2,9,6,0,16,2,1,50.0,1,50.0,7,20,3,0,0,0,0,2,10,2
393,Nicolò Savona,ITA,DF,Juventus,21,2003,3.5,246,4,77,127,46,4,246,4,3,75.0,1,25.0,161,758,282,8,5,0,2,0,194,13
394,Saba Sazonov,GEO,DF,Torino,22,2002,0.0,1,1,1,0,0,0,1,0,0,0.0,0,0.0,0,0,0,0,0,0,0,0,0,0
395,Joël Schingtienne,BEL,DF,Venezia,22,2002,1.0,38,6,25,14,0,0,38,0,0,0.0,0,0.0,22,95,42,0,0,0,2,0,21,0
396,Simone Scuffet,ITA,GK,Cagliari,28,1996,5.0,166,140,164,2,0,0,166,0,0,0.0,0,0.0,87,432,280,0,0,0,0,0,79,0
397,Suat Serdar,GER,MF,Hellas Verona,27,1997,0.2,9,0,1,7,1,1,9,0,0,0.0,0,0.0,1,3,0,0,0,0,1,0,4,0
398,Stephan El Shaarawy,ITA,DF,Roma,31,1992,2.6,165,2,25,67,78,10,165,9,3,33.3,6,66.7,78,639,296,9,9,2,4,2,106,21
399,Eldor Shomurodov,UZB,"FW,DF",Roma,29,1995,0.4,19,0,0,9,10,5,19,1,1,100.0,0,0.0,12,31,23,1,0,0,2,0,15,4
400,Giovanni Simeone,ARG,FW,Napoli,29,1995,1.5,52,1,2,26,24,6,52,1,0,0.0,1,100.0,31,148,78,3,3,0,4,3,42,9
401,Łukasz Skorupski,POL,GK,Bologna,33,1991,5.0,190,166,189,1,0,0,190,0,0,0.0,0,0.0,112,518,321,0,0,0,0,0,110,0
402,Simon Sohm,SUI,MF,Parma,23,2001,3.6,154,7,39,81,34,6,154,3,1,33.3,1,33.3,70,457,260,5,5,1,6,1,115,3
403,Ola Solbakken,NOR,"MF,FW",Empoli,26,1998,2.2,57,3,12,31,17,3,57,6,4,66.7,2,33.3,31,358,116,3,4,1,2,2,43,4
404,Yann Sommer,SUI,GK,Inter,35,1988,6.0,233,202,233,0,0,0,233,0,0,0.0,0,0.0,158,620,333,0,0,0,0,0,151,0
405,Borna Sosa,CRO,DF,Torino,26,1998,2.8,166,4,33,90,44,2,166,1,0,0.0,1,100.0,94,557,164,1,3,0,2,0,119,11
406,Riccardo Sottil,ITA,"MF,FW",Fiorentina,25,1999,0.7,34,0,4,10,20,6,34,2,0,0.0,1,50.0,24,258,173,8,2,6,0,1,28,8
407,Matìas Soulé,ARG,"FW,MF",Roma,21,2003,3.5,255,3,23,83,152,16,255,25,6,24.0,14,56.0,169,978,515,20,11,8,14,8,188,43
408,Leonardo Spinazzola,ITA,DF,Napoli,31,1993,1.9,92,3,17,36,40,6,92,7,2,28.6,4,57.1,47,426,198,6,5,4,2,3,54,11
409,Petar Stojanović,SVN,MF,Empoli,28,1995,0.0,3,1,2,1,0,0,3,0,0,0.0,0,0.0,2,5,1,0,0,0,0,0,1,0
410,Gabriel Strefezza,BRA,"MF,FW",Como,27,1997,5.7,261,5,35,109,119,11,261,18,7,38.9,10,55.6,189,1106,548,12,13,4,9,18,208,29
411,Ibrahim Sulemana,GHA,MF,Atalanta,21,2003,0.0,0,0,0,0,0,0,0,0,0,0.0,0,0.0,0,0,0,0,0,0,0,1,0,0
412,Tomáš Suslov,SVK,"FW,MF",Hellas Verona,22,2002,2.7,88,0,19,38,35,2,88,7,4,57.1,3,42.9,46,252,71,3,3,2,5,5,43,9
413,Zion Suzuki,JPN,GK,Parma,22,2002,3.8,172,151,171,1,0,0,172,0,0,0.0,0,0.0,96,460,310,0,0,0,0,0,91,0
414,Marin Šverko,CRO,DF,Venezia,26,1998,3.0,166,14,84,72,11,1,166,1,1,100.0,0,0.0,100,465,273,4,1,0,0,1,106,0
415,Mile Svilar,SRB,GK,Roma,25,1999,6.0,230,176,227,2,1,1,230,0,0,0.0,0,0.0,132,816,568,0,0,0,0,1,122,0
416,Michael Svoboda,AUT,DF,Venezia,25,1998,5.3,281,58,176,91,16,5,281,0,0,0.0,0,0.0,134,830,523,2,2,1,4,3,149,1
417,Adrien Tameze,CMR,"MF,DF",Torino,30,1994,2.7,130,10,31,55,44,7,130,7,1,14.3,4,57.1,69,327,156,5,2,0,1,2,90,12
418,Mehdi Taremi,IRN,"FW,MF",Inter,32,1992,1.9,69,3,8,23,40,7,69,2,0,0.0,1,50.0,44,233,101,2,3,0,2,0,49,13
419,Nuno Tavares,POR,DF,Lazio,24,2000,3.7,246,14,68,118,65,9,246,22,10,45.5,8,36.4,161,1019,640,19,12,5,4,5,160,20
420,Loum Tchaouna,FRA,"FW,MF",Lazio,21,2003,1.6,64,1,5,25,34,5,64,3,2,66.7,1,33.3,39,265,154,7,2,3,7,2,46,14
421,Jackson Tchatchoua,CMR,"MF,DF",Hellas Verona,23,2001,6.0,216,13,63,84,69,8,216,6,3,50.0,3,50.0,107,721,434,17,9,4,6,3,124,32
422,Casper Tengstedt,DEN,FW,Hellas Verona,24,2000,4.4,114,10,15,62,40,11,113,9,2,22.2,5,55.6,52,348,137,7,4,3,14,0,64,16
423,Filippo Terracciano,ITA,DF,Milan,21,2003,1.0,56,2,24,27,5,1,56,1,0,0.0,1,100.0,34,93,28,1,0,0,0,0,33,1
424,Pietro Terracciano,ITA,GK,Fiorentina,34,1990,3.0,96,80,96,0,0,0,96,0,0,0.0,0,0.0,67,285,144,0,0,0,0,0,58,0
425,Florian Thauvin,FRA,"MF,FW",Udinese,31,1993,5.0,242,2,21,108,116,19,241,26,13,50.0,11,42.3,151,1150,512,17,16,9,12,9,186,26
426,Malick Thiaw,GER,DF,Milan,23,2001,1.0,65,4,24,36,5,4,65,0,0,0.0,0,0.0,34,102,56,0,0,0,0,0,44,0
427,Morten Thorsby,NOR,"MF,DF",Genoa,28,1996,1.5,45,1,12,17,16,6,45,0,0,0.0,0,0.0,21,73,26,1,0,1,2,5,30,7
428,Khéphren Thuram,FRA,MF,Juventus,23,2001,1.3,108,6,25,73,11,1,108,2,1,50.0,1,50.0,68,423,218,2,4,0,2,1,85,0
429,Marcus Thuram,FRA,FW,Inter,27,1997,5.3,151,4,15,57,82,41,151,11,1,9.1,9,81.8,81,583,288,11,6,6,14,4,108,32
430,Rafael Tolói,ITA,DF,Atalanta,33,1990,0.4,16,0,4,7,5,0,16,0,0,0.0,0,0.0,7,29,17,0,1,0,0,0,10,1
431,Fikayo Tomori,ENG,DF,Milan,26,1997,5.0,393,32,193,188,12,3,393,0,0,0.0,0,0.0,249,1094,648,3,4,0,1,1,296,0
432,Souleymane Touré,FRA,DF,Udinese,21,2003,1.2,62,9,26,27,9,2,62,0,0,0.0,0,0.0,43,183,51,0,0,0,1,0,42,1
433,Stefano Turati,ITA,GK,Monza,23,2001,4.0,151,137,151,0,0,0,151,0,0,0.0,0,0.0,83,476,186,0,0,0,0,0,70,0
434,Kacper Urbanski,POL,"MF,FW",Bologna,20,2004,1.5,91,4,17,41,34,6,91,4,2,50.0,2,50.0,65,321,102,3,2,0,5,3,62,12
435,Emanuele Valeri,ITA,DF,Parma,25,1998,2.1,82,5,27,33,24,1,82,5,1,20.0,2,40.0,37,236,149,4,1,0,4,0,43,6
436,Ignace Van Der Brempt,BEL,DF,Como,22,2002,2.5,146,10,55,55,38,2,146,4,3,75.0,0,0.0,74,374,154,1,2,0,3,3,79,7
437,Devis Vásquez,COL,GK,Empoli,26,1998,6.0,205,176,205,0,0,0,205,0,0,0.0,0,0.0,136,815,474,0,0,0,0,0,101,0
438,Johan Vásquez,MEX,DF,Genoa,25,1998,5.3,326,36,149,152,27,4,326,1,0,0.0,1,100.0,174,1093,558,8,8,1,2,2,202,7
439,Matías Vecino,URU,MF,Lazio,33,1991,1.7,88,3,19,52,17,5,88,0,0,0.0,0,0.0,52,241,87,0,1,0,1,2,65,0
440,Simone Verdi,ITA,MF,Como,32,1992,0.3,11,0,2,4,5,0,11,0,0,0.0,0,0.0,9,56,22,0,1,0,0,1,9,2
441,Samuele Vignato,ITA,MF,Monza,20,2004,1.2,49,1,1,29,20,2,49,5,1,20.0,4,80.0,28,163,44,0,2,0,2,3,33,10
442,Nicolas Viola,ITA,"FW,MF",Cagliari,34,1989,0.6,36,0,1,18,17,2,36,1,1,100.0,0,0.0,18,109,69,1,2,0,1,0,19,6
443,Mattia Viti,ITA,DF,Empoli,22,2002,6.0,283,70,169,104,14,7,283,1,1,100.0,0,0.0,105,557,326,2,1,0,6,3,124,1
444,Vitinha,POR,FW,Genoa,24,2000,4.6,162,5,23,60,88,16,162,24,10,41.7,13,54.2,95,689,371,10,9,4,16,14,107,32
445,Dušan Vlahović,SRB,FW,Juventus,24,2000,5.4,115,6,8,55,53,25,113,5,0,0.0,5,100.0,55,185,42,3,2,3,13,4,82,23
446,Vanja Vlahović,SRB,MF,Atalanta,20,2004,0.2,2,0,0,1,1,1,2,1,0,0.0,0,0.0,2,8,3,0,0,0,0,0,1,1
447,Nikola Vlašić,CRO,FW,Torino,26,1997,0.3,10,0,3,4,3,1,10,0,0,0.0,0,0.0,5,18,11,0,1,0,0,0,5,2
448,Alessandro Vogliacco,ITA,DF,Genoa,26,1998,2.7,138,10,51,76,11,3,138,0,0,0.0,0,0.0,74,368,221,3,5,0,1,1,90,1
449,Mërgim Vojvoda,KVX,DF,Torino,29,1995,3.8,272,17,96,150,27,0,272,1,0,0.0,0,0.0,186,976,447,2,2,0,3,1,214,3
450,Stefan de Vrij,NED,DF,Inter,32,1992,1.2,115,2,19,94,3,0,115,0,0,0.0,0,0.0,70,498,319,1,2,0,0,0,96,0
451,Sebastian Walukiewicz,POL,DF,Torino,24,2000,1.7,153,8,48,84,24,1,153,1,1,100.0,0,0.0,76,420,264,4,3,0,0,0,111,3
452,Sebastian Walukiewicz,POL,DF,Empoli,24,2000,2.0,83,16,37,38,9,0,83,0,0,0.0,0,0.0,32,279,157,2,0,0,2,0,33,3
453,Timothy Weah,USA,FW,Juventus,24,2000,1.3,67,1,5,27,36,5,67,3,1,33.3,2,66.7,45,342,172,9,5,4,1,1,52,10
454,Mateusz Wieteska,POL,DF,Cagliari,27,1997,1.0,57,9,39,18,1,1,57,0,0,0.0,0,0.0,35,207,105,0,0,0,1,0,35,0
455,John Yeboah,ECU,"MF,FW",Venezia,24,2000,0.6,21,0,2,9,10,2,21,3,1,33.3,1,33.3,16,98,63,4,1,2,5,0,18,5
456,Kenan Yıldız,TUR,"FW,MF",Juventus,19,2005,5.5,290,3,38,140,113,15,290,22,9,40.9,13,59.1,178,1330,763,27,15,10,14,7,220,37
457,Mattia Zaccagni,ITA,"FW,MF",Lazio,29,1995,5.7,247,4,20,89,143,19,246,18,6,33.3,8,44.4,155,994,450,12,9,4,8,6,168,36
458,Nicola Zalewski,POL,"FW,DF",Roma,22,2002,1.6,99,0,9,39,53,6,99,6,0,0.0,6,100.0,57,490,274,13,8,2,1,1,69,19
459,Andre-Frank Zambo Anguissa,CMR,MF,Napoli,28,1995,6.0,383,8,61,244,82,8,383,7,5,71.4,1,14.3,212,1082,485,6,12,2,9,4,279,15
460,Francesco Zampano,ITA,DF,Venezia,31,1993,6.0,230,14,70,96,68,6,230,8,5,62.5,2,25.0,130,998,590,19,11,5,9,8,127,19
461,Nicolò Zaniolo,ITA,"FW,MF",Atalanta,25,1999,0.4,14,0,0,2,12,6,14,0,0,0.0,0,0.0,12,104,61,2,2,1,1,2,18,4
462,Alessandro Zanoli,ITA,DF,Genoa,23,2000,2.4,86,7,27,33,26,1,86,3,0,0.0,2,66.7,42,440,319,11,10,1,6,0,52,6
463,Duván Zapata,COL,FW,Torino,33,1991,5.6,162,6,13,61,89,36,162,6,1,16.7,4,66.7,94,400,191,5,1,3,7,7,130,33
464,Gabriele Zappa,ITA,DF,Cagliari,24,1999,4.5,320,19,135,151,37,0,320,6,3,50.0,2,33.3,170,715,340,1,5,0,5,1,193,7
465,Davide Zappacosta,ITA,DF,Atalanta,32,1992,3.5,186,3,27,64,95,7,186,5,0,0.0,4,80.0,110,589,323,13,2,1,5,3,131,26
466,Oier Zarraga,ESP,MF,Udinese,25,1999,1.4,55,2,8,39,9,0,55,2,1,50.0,1,50.0,31,153,61,1,0,0,2,1,38,5
467,Jordan Zemura,ZIM,DF,Udinese,24,1999,2.4,119,3,38,38,45,6,119,15,7,46.7,7,46.7,63,486,252,4,4,2,4,2,68,14
468,Kevin Zeroli,ITA,MF,Milan,19,2005,0.1,9,0,1,4,5,0,9,0,0,0.0,0,0.0,7,48,42,1,1,0,0,1,8,3
469,Piotr Zieliński,POL,MF,Inter,30,1994,0.6,84,0,6,45,33,1,84,0,0,0.0,0,0.0,46,344,223,4,3,0,1,0,63,6
470,Nadir Zortea,ITA,DF,Cagliari,25,1999,1.4,77,3,22,31,24,0,77,2,2,100.0,0,0.0,44,334,119,5,2,0,3,3,54,4
471,Milan Đurić,BIH,FW,Monza,34,1990,3.9,100,5,16,64,22,8,100,2,2,100.0,0,0.0,41,128,62,1,0,0,3,2,76,5
