Rk,Player,Nation,Pos,Squad,Age,Born,MP,Min,Mn/MP,Min%,90s,Starts,Mn/Start,Compl,Subs,Mn/Sub,unSub,PPM,onG,onGA,+/-,+/-90,onxG,onxGA,xG+/-,xG+/-90
1,Junior Adamu,AUT,FW,Freiburg,23,2001.0,5,408.0,82.0,90.7,4.5,5,82.0,2,0,0.0,0,1.8,8.0,7.0,1.0,0.22,9.1,4.3,4.8,1.06
2,Karim Adeyemi,GER,"FW,MF",Dortmund,22,2002.0,5,305.0,61.0,67.8,3.4,4,68.0,1,1,34.0,0,2.0,7.0,6.0,1.0,0.3,6.2,4.9,1.3,0.39
3,Amine Adli,MAR,"MF,FW",Leverkusen,24,2000.0,5,128.0,26.0,28.4,1.4,1,55.0,0,4,18.0,0,2.0,4.0,5.0,-1.0,-0.7,3.4,1.7,1.7,1.19
4,Oladapo Afolayan,ENG,FW,St. Pauli,26,1998.0,5,278.0,56.0,61.8,3.1,2,89.0,0,3,34.0,0,0.8,4.0,4.0,0.0,0.0,3.1,4.8,-1.7,-0.55
5,Felix Agu,GER,DF,Werder Bremen,25,1999.0,5,422.0,84.0,93.8,4.7,5,84.0,3,0,0.0,0,1.6,7.0,11.0,-4.0,-0.85,6.2,6.4,-0.2,-0.04
6,Jonathan Akaegbobi,GER,FW,Wolfsburg,18,2006.0,0,0.0,0.0,0.0,0.0,0,0.0,0,0,0.0,1,0.0,0.0,0.0,0.0,0.0,0.0,0.0,0.0,0.0
7,Kevin Akpoguma,NGA,DF,Hoffenheim,29,1995.0,5,450.0,90.0,100.0,5.0,5,90.0,5,0,0.0,0,0.6,9.0,15.0,-6.0,-1.2,7.0,11.9,-4.9,-0.98
8,Andreas Albers,DEN,FW,St. Pauli,34,1990.0,3,23.0,8.0,5.1,0.3,0,0.0,0,3,8.0,1,1.0,0.0,1.0,-1.0,-3.91,0.2,1.0,-0.7,-2.83
9,Ben Alexander Voll,GER,GK,St. Pauli,23,2000.0,0,0.0,0.0,0.0,0.0,0,0.0,0,0,0.0,5,0.0,0.0,0.0,0.0,0.0,0.0,0.0,0.0,0.0
10,Skelly Alvero,FRA,MF,Werder Bremen,22,2002.0,4,42.0,11.0,9.3,0.5,0,0.0,0,4,11.0,1,1.75,0.0,0.0,0.0,0.0,0.6,0.7,-0.1,-0.14
11,Aurele Amenda,SUI,DF,Eint Frankfurt,21,2003.0,2,51.0,26.0,11.3,0.6,1,45.0,0,1,6.0,3,3.0,1.0,1.0,0.0,0.0,1.0,1.5,-0.5,-0.87
12,Nadiem Amiri,GER,MF,Mainz 05,27,1996.0,4,300.0,75.0,66.7,3.3,4,75.0,2,0,0.0,0,1.25,6.0,6.0,0.0,0.0,4.6,6.2,-1.6,-0.48
13,Mohamed Amoura,ALG,"FW,MF",Wolfsburg,24,2000.0,3,219.0,73.0,48.7,2.4,2,87.0,0,1,45.0,0,0.33,6.0,5.0,1.0,0.41,2.6,4.8,-2.2,-0.91
14,Robert Andrich,GER,MF,Leverkusen,30,1994.0,3,250.0,83.0,55.6,2.8,3,83.0,1,0,0.0,2,2.33,7.0,3.0,4.0,1.44,5.0,3.3,1.7,0.6
15,Mathys Angély,FRA,DF,Wolfsburg,17,2007.0,0,0.0,0.0,0.0,0.0,0,0.0,0,0,0.0,1,0.0,0.0,0.0,0.0,0.0,0.0,0.0,0.0,0.0
16,Waldemar Anton,GER,DF,Dortmund,28,1996.0,5,450.0,90.0,100.0,5.0,5,90.0,5,0,0.0,0,2.0,11.0,9.0,2.0,0.4,8.8,8.1,0.6,0.13
17,Maximilian Arnold,GER,MF,Wolfsburg,30,1994.0,5,445.0,89.0,98.9,4.9,5,89.0,4,0,0.0,0,0.8,10.0,10.0,0.0,0.0,6.4,9.5,-3.0,-0.61
18,Jann-Fiete Arp,GER,"FW,MF",Holstein Kiel,24,2000.0,5,132.0,26.0,29.3,1.5,0,0.0,0,5,26.0,0,0.2,4.0,3.0,1.0,0.68,2.0,2.5,-0.5,-0.36
19,Arthur,BRA,DF,Leverkusen,21,2003.0,1,5.0,5.0,1.1,0.1,0,0.0,0,1,5.0,3,0.0,0.0,0.0,0.0,0.0,0.3,0.0,0.3,5.57
20,Noah Atubolu,GER,GK,Freiburg,22,2002.0,3,270.0,90.0,60.0,3.0,3,90.0,3,0,0.0,1,2.0,5.0,4.0,1.0,0.33,6.3,2.7,3.6,1.2
21,Mio Backhaus,GER,GK,Werder Bremen,20,2004.0,0,0.0,0.0,0.0,0.0,0,0.0,0,0,0.0,5,0.0,0.0,0.0,0.0,0.0,0.0,0.0,0.0,0.0
22,Ridle Baku,GER,"FW,MF",Wolfsburg,26,1998.0,5,326.0,65.0,72.4,3.6,4,75.0,2,1,26.0,0,0.8,8.0,8.0,0.0,0.0,5.7,6.8,-1.1,-0.3
23,Aliou Baldé,GUI,"MF,FW",Bochum,21,2002.0,4,88.0,22.0,19.6,1.0,0,0.0,0,4,22.0,1,0.0,0.0,2.0,-2.0,-2.05,0.8,3.5,-2.8,-2.81
24,Samuel Bamba,GER,"FW,MF",Bochum,20,2004.0,2,9.0,5.0,2.0,0.1,0,0.0,0,2,5.0,3,0.0,0.0,0.0,0.0,0.0,0.2,0.0,0.1,1.41
25,Scott Banks,SCO,FW,St. Pauli,23,2001.0,2,17.0,9.0,3.8,0.2,0,0.0,0,2,9.0,2,2.0,0.0,0.0,0.0,0.0,0.0,0.1,0.0,-0.26
26,Aymen Barkok,MAR,MF,Mainz 05,26,1998.0,4,73.0,18.0,16.2,0.8,0,0.0,0,4,18.0,1,1.0,2.0,3.0,-1.0,-1.23,1.2,2.4,-1.2,-1.48
27,Maximilian Bauer,GER,DF,Augsburg,24,2000.0,4,250.0,63.0,55.6,2.8,3,75.0,2,1,25.0,1,1.0,4.0,7.0,-3.0,-1.08,4.5,4.5,0.0,-0.01
28,Oliver Baumann,GER,GK,Hoffenheim,34,1990.0,5,450.0,90.0,100.0,5.0,5,90.0,5,0,0.0,0,0.6,9.0,15.0,-6.0,-1.2,7.0,11.9,-4.9,-0.98
29,Christoph Baumgartner,AUT,"MF,DF",RB Leipzig,25,1999.0,5,106.0,21.0,23.6,1.2,1,61.0,0,4,11.0,0,2.2,0.0,0.0,0.0,0.0,1.2,2.1,-0.9,-0.76
30,Adrian Beck,GER,FW,Heidenheim,27,1997.0,4,208.0,52.0,46.2,2.3,3,62.0,0,1,21.0,0,2.25,6.0,3.0,3.0,1.3,4.2,2.7,1.5,0.67
31,Timo Becker,GER,DF,Holstein Kiel,27,1997.0,5,450.0,90.0,100.0,5.0,5,90.0,5,0,0.0,0,0.2,7.0,17.0,-10.0,-2.0,5.8,10.5,-4.7,-0.94
32,Kevin Behrens,GER,FW,Wolfsburg,33,1991.0,3,45.0,15.0,10.0,0.5,0,0.0,0,3,15.0,2,0.33,1.0,3.0,-2.0,-4.0,1.2,1.9,-0.8,-1.52
33,Maximilian Beier,GER,"FW,MF",Dortmund,21,2002.0,4,138.0,35.0,30.7,1.5,1,70.0,0,3,23.0,1,2.5,5.0,1.0,4.0,2.61,3.5,2.1,1.4,0.92
34,Stefan Bell,GER,DF,Mainz 05,33,1991.0,3,164.0,55.0,36.4,1.8,1,45.0,0,2,60.0,1,0.67,2.0,4.0,-2.0,-1.1,3.0,3.0,-0.1,-0.04
35,Jeanuël Belocian,FRA,DF,Leverkusen,19,2005.0,2,46.0,23.0,10.2,0.5,1,45.0,0,1,1.0,3,2.0,2.0,3.0,-1.0,-1.96,0.6,0.7,-0.1,-0.16
36,László Bénes,SVK,"MF,FW",Union Berlin,27,1997.0,5,138.0,28.0,30.7,1.5,1,55.0,0,4,21.0,0,1.6,1.0,1.0,0.0,0.0,0.9,1.1,-0.3,-0.17
37,Ramy Bensebaini,ALG,"DF,FW",Dortmund,29,1995.0,5,173.0,35.0,38.4,1.9,1,71.0,0,4,26.0,0,2.0,7.0,4.0,3.0,1.56,4.0,3.0,1.0,0.53
38,Mergim Berisha,GER,FW,Hoffenheim,26,1998.0,5,220.0,44.0,48.9,2.4,3,48.0,0,2,39.0,0,0.6,6.0,9.0,-3.0,-1.23,3.5,5.0,-1.5,-0.63
39,Alexander Bernhardsson,SWE,"DF,FW",Holstein Kiel,26,1998.0,2,152.0,76.0,33.8,1.7,2,76.0,1,0,0.0,0,0.0,2.0,5.0,-3.0,-1.78,2.2,4.4,-2.1,-1.27
40,Matúš Bero,SVK,MF,Bochum,29,1995.0,5,427.0,85.0,94.9,4.7,5,85.0,3,0,0.0,0,0.2,5.0,11.0,-6.0,-1.26,4.4,11.6,-7.2,-1.51
41,El Bilal Touré,MLI,"FW,MF",Stuttgart,22,2001.0,4,66.0,17.0,14.7,0.7,0,0.0,0,4,17.0,0,2.0,4.0,1.0,3.0,4.09,3.4,0.8,2.6,3.49
42,Tom Bischof,GER,MF,Hoffenheim,19,2005.0,3,188.0,63.0,41.8,2.1,2,87.0,1,1,15.0,0,0.0,4.0,6.0,-2.0,-0.96,2.0,4.4,-2.4,-1.14
43,Leonardo Bittencourt,GER,MF,Werder Bremen,30,1993.0,1,3.0,3.0,0.7,0.0,0,0.0,0,1,3.0,4,1.0,0.0,0.0,0.0,0.0,0.0,0.0,0.0,-0.91
44,Myron Boadu,NED,"FW,MF",Bochum,23,2001.0,5,260.0,52.0,57.8,2.9,3,62.0,0,2,37.0,0,0.2,5.0,7.0,-2.0,-0.69,3.2,8.4,-5.3,-1.83
45,Sacha Boey,FRA,DF,Bayern Munich,24,2000.0,2,127.0,64.0,28.2,1.4,2,64.0,0,0,0.0,1,3.0,5.0,2.0,3.0,2.13,4.0,1.5,2.5,1.77
46,Victor Boniface,NGA,FW,Leverkusen,23,2000.0,5,342.0,68.0,76.0,3.8,4,80.0,0,1,23.0,0,2.0,10.0,5.0,5.0,1.32,7.1,4.4,2.7,0.71
47,Sebastiaan Bornauw,BEL,DF,Wolfsburg,25,1999.0,5,450.0,90.0,100.0,5.0,5,90.0,5,0,0.0,0,0.8,10.0,11.0,-1.0,-0.2,6.5,9.7,-3.3,-0.65
48,Carlo Boukhalfa,MAR,MF,St. Pauli,25,1999.0,5,237.0,47.0,52.7,2.6,3,71.0,0,2,12.0,0,0.8,3.0,3.0,0.0,0.0,2.6,4.0,-1.3,-0.5
49,Julian Brandt,GER,MF,Dortmund,28,1996.0,5,382.0,76.0,84.9,4.2,5,76.0,0,0,0.0,0,2.0,6.0,7.0,-1.0,-0.24,6.2,6.7,-0.5,-0.13
50,Fabian Bredlow,GER,GK,Stuttgart,29,1995.0,0,0.0,0.0,0.0,0.0,0,0.0,0,0,0.0,5,0.0,0.0,0.0,0.0,0.0,0.0,0.0,0.0,0.0
51,Tim Breithaupt,GER,MF,Augsburg,22,2002.0,2,120.0,60.0,26.7,1.3,2,60.0,0,0,0.0,3,0.5,2.0,4.0,-2.0,-1.5,1.3,2.1,-0.8,-0.62
52,Maximilian Breunig,GER,"FW,MF",Heidenheim,24,2000.0,5,217.0,43.0,48.2,2.4,2,70.0,0,3,26.0,0,1.8,4.0,3.0,1.0,0.41,3.9,3.4,0.5,0.2
53,Bennit Bröger,GER,MF,Wolfsburg,18,2006.0,0,0.0,0.0,0.0,0.0,0,0.0,0,0,0.0,2,0.0,0.0,0.0,0.0,0.0,0.0,0.0,0.0,0.0
54,Moritz Broschinski,GER,FW,Bochum,24,2000.0,5,251.0,50.0,55.8,2.8,3,65.0,0,2,29.0,0,0.2,1.0,6.0,-5.0,-1.79,2.0,6.3,-4.4,-1.56
55,Nathaniel Brown,GER,DF,Eint Frankfurt,21,2003.0,0,0.0,0.0,0.0,0.0,0,0.0,0,0,0.0,1,0.0,0.0,0.0,0.0,0.0,0.0,0.0,0.0,0.0
56,Jacob Bruun Larsen,DEN,"DF,FW",Hoffenheim,26,1998.0,5,92.0,18.0,20.4,1.0,0,0.0,0,5,18.0,0,0.6,1.0,3.0,-2.0,-1.96,1.3,2.8,-1.5,-1.47
57,Marius Bülter,GER,FW,Hoffenheim,31,1993.0,5,357.0,71.0,79.3,4.0,5,71.0,1,0,0.0,0,0.6,7.0,13.0,-6.0,-1.51,5.3,10.2,-5.0,-1.26
58,Jonathan Burkardt,GER,"FW,MF",Mainz 05,24,2000.0,5,447.0,89.0,99.3,5.0,5,89.0,4,0,0.0,0,1.0,8.0,10.0,-2.0,-0.4,6.1,9.4,-3.3,-0.66
59,Oliver Burke,SCO,"FW,MF",Werder Bremen,27,1997.0,0,0.0,0.0,0.0,0.0,0,0.0,0,0,0.0,3,0.0,0.0,0.0,0.0,0.0,0.0,0.0,0.0,0.0
60,Marnon Busch,GER,DF,Heidenheim,29,1994.0,3,150.0,50.0,33.3,1.7,2,75.0,1,1,1.0,2,2.0,2.0,2.0,0.0,0.0,1.7,1.5,0.1,0.08
61,Anthony Caci,FRA,DF,Mainz 05,27,1997.0,5,381.0,76.0,84.7,4.2,5,76.0,0,0,0.0,0,1.0,7.0,8.0,-1.0,-0.24,4.9,7.0,-2.1,-0.5
62,Emre Can,GER,"MF,DF",Dortmund,30,1994.0,5,291.0,58.0,64.7,3.2,3,87.0,2,2,16.0,0,2.0,7.0,4.0,3.0,0.93,6.0,4.4,1.6,0.48
63,Julian Chabot,GER,DF,Stuttgart,26,1998.0,5,429.0,86.0,95.3,4.8,5,86.0,4,0,0.0,0,1.6,12.0,9.0,3.0,0.63,10.2,7.5,2.7,0.57
64,El Chadaille Bitshiabu,FRA,DF,RB Leipzig,19,2005.0,3,100.0,33.0,22.2,1.1,1,90.0,1,2,5.0,1,2.33,3.0,2.0,1.0,0.9,1.7,2.5,-0.8,-0.73
65,Fares Chaïbi,ALG,"FW,MF",Eint Frankfurt,21,2002.0,5,282.0,56.0,62.7,3.1,3,75.0,0,2,28.0,0,2.4,6.0,4.0,2.0,0.64,7.1,4.2,2.9,0.92
66,Timothy Chandler,USA,"DF,MF",Eint Frankfurt,34,1990.0,0,0.0,0.0,0.0,0.0,0,0.0,0,0,0.0,2,0.0,0.0,0.0,0.0,0.0,0.0,0.0,0.0,0.0
67,Anrie Chase,JPN,DF,Stuttgart,20,2004.0,4,227.0,57.0,50.4,2.5,2,90.0,2,2,24.0,1,1.75,8.0,5.0,3.0,1.19,7.6,4.3,3.3,1.3
68,Arthur Chaves,BRA,DF,Hoffenheim,23,2001.0,0,0.0,0.0,0.0,0.0,0,0.0,0,0,0.0,2,0.0,0.0,0.0,0.0,0.0,0.0,0.0,0.0,0.0
69,Fabio Chiarodia,ITA,DF,Gladbach,19,2005.0,1,1.0,1.0,0.2,0.0,0,0.0,0,1,1.0,4,0.0,0.0,1.0,-1.0,-90.0,0.0,0.9,-0.9,-83.59
70,Alexis Claude-Maurice,FRA,"FW,MF",Augsburg,26,1998.0,0,0.0,0.0,0.0,0.0,0,0.0,0,0,0.0,2,0.0,0.0,0.0,0.0,0.0,0.0,0.0,0.0,0.0
71,Nnamdi Collins,GER,DF,Eint Frankfurt,20,2004.0,1,1.0,1.0,0.2,0.0,0,0.0,0,1,1.0,4,3.0,0.0,0.0,0.0,0.0,0.0,0.0,0.0,3.05
72,Kingsley Coman,FRA,"FW,MF",Bayern Munich,28,1996.0,5,204.0,41.0,45.3,2.3,2,65.0,0,3,25.0,0,2.6,9.0,0.0,9.0,3.97,5.8,1.4,4.4,1.94
73,Sirlord Conteh,GER,"FW,DF",Heidenheim,28,1996.0,4,126.0,32.0,28.0,1.4,0,0.0,0,4,32.0,1,1.5,4.0,2.0,2.0,1.43,3.8,2.6,1.1,0.82
74,Danny da Costa,GER,"DF,FW",Mainz 05,31,1993.0,0,0.0,0.0,0.0,0.0,0,0.0,0,0,0.0,4,0.0,0.0,0.0,0.0,0.0,0.0,0.0,0.0,0.0
75,Yan Couto,BRA,DF,Dortmund,22,2002.0,3,146.0,49.0,32.4,1.6,1,82.0,0,2,32.0,1,2.0,6.0,6.0,0.0,0.0,3.8,4.0,-0.2,-0.14
76,Nicolas Cozza,FRA,DF,Wolfsburg,25,1999.0,0,0.0,0.0,0.0,0.0,0,0.0,0,0,0.0,1,0.0,0.0,0.0,0.0,0.0,0.0,0.0,0.0,0.0
77,Tomáš Čvančara,CZE,"FW,MF",Gladbach,24,2000.0,5,79.0,16.0,17.6,0.9,0,0.0,0,5,16.0,0,1.2,2.0,2.0,0.0,0.0,1.1,2.7,-1.6,-1.84
78,Finn Dahmen,GER,GK,Augsburg,26,1998.0,0,0.0,0.0,0.0,0.0,0,0.0,0,0,0.0,3,0.0,0.0,0.0,0.0,0.0,0.0,0.0,0.0,0.0
79,Thomas Dähne,GER,GK,Holstein Kiel,30,1994.0,0,0.0,0.0,0.0,0.0,0,0.0,0,0,0.0,5,0.0,0.0,0.0,0.0,0.0,0.0,0.0,0.0,0.0
80,Mahmoud Dahoud,GER,MF,Eint Frankfurt,28,1996.0,2,51.0,26.0,11.3,0.6,0,0.0,0,2,26.0,1,3.0,3.0,1.0,2.0,3.53,1.1,0.5,0.6,1.14
81,Bence Dárdai,GER,FW,Wolfsburg,18,2006.0,1,11.0,11.0,2.4,0.1,0,0.0,0,1,11.0,4,3.0,0.0,0.0,0.0,0.0,0.3,0.1,0.2,1.86
82,Lukas Daschner,GER,"MF,FW",Bochum,25,1998.0,4,176.0,44.0,39.1,2.0,2,62.0,0,2,26.0,0,0.25,2.0,4.0,-2.0,-1.02,1.9,5.4,-3.5,-1.8
83,Alphonso Davies,CAN,DF,Bayern Munich,23,2000.0,4,297.0,74.0,66.0,3.3,3,90.0,3,1,27.0,1,2.5,11.0,4.0,7.0,2.12,7.8,2.1,5.6,1.7
84,Olivier Deman,BEL,DF,Werder Bremen,24,2000.0,2,19.0,10.0,4.2,0.2,0,0.0,0,2,10.0,3,1.5,0.0,0.0,0.0,0.0,0.6,0.5,0.2,0.89
85,Ermedin Demirović,BIH,FW,Stuttgart,26,1998.0,5,321.0,64.0,71.3,3.6,4,76.0,1,1,18.0,0,1.6,9.0,7.0,2.0,0.56,7.1,5.1,2.0,0.55
86,Justin Diehl,GER,DF,Stuttgart,19,2004.0,1,26.0,26.0,5.8,0.3,0,0.0,0,1,26.0,1,0.0,0.0,0.0,0.0,0.0,0.2,0.1,0.1,0.28
87,Eric Dier,ENG,DF,Bayern Munich,30,1994.0,1,10.0,10.0,2.2,0.1,0,0.0,0,1,10.0,4,3.0,1.0,0.0,1.0,9.0,0.4,0.3,0.1,0.77
88,Junior Dina Ebimbe,FRA,"FW,MF",Eint Frankfurt,23,2000.0,2,88.0,44.0,19.6,1.0,1,67.0,0,1,21.0,1,3.0,4.0,2.0,2.0,2.05,2.1,1.4,0.7,0.77
89,Eren Dinkçi,GER,MF,Freiburg,22,2001.0,4,187.0,47.0,41.6,2.1,2,54.0,0,2,40.0,0,1.5,4.0,4.0,0.0,0.0,5.1,2.5,2.6,1.23
90,Ritsu Doan,JPN,FW,Freiburg,26,1998.0,5,411.0,82.0,91.3,4.6,5,82.0,2,0,0.0,0,1.8,8.0,7.0,1.0,0.22,8.4,4.1,4.4,0.95
91,Danilho Doekhi,NED,DF,Union Berlin,26,1998.0,5,450.0,90.0,100.0,5.0,5,90.0,5,0,0.0,0,1.6,4.0,3.0,1.0,0.2,4.1,4.2,-0.1,-0.02
92,Niklas Dorsch,GER,MF,Augsburg,26,1998.0,1,32.0,32.0,7.1,0.4,0,0.0,0,1,32.0,0,1.0,0.0,0.0,0.0,0.0,0.1,0.7,-0.6,-1.79
93,Niklas Dorsch,GER,MF,Heidenheim,26,1998.0,3,122.0,41.0,27.1,1.4,1,79.0,0,2,22.0,0,1.0,2.0,1.0,1.0,0.74,2.0,1.4,0.6,0.47
94,Patrick Drewes,GER,GK,Bochum,31,1993.0,5,450.0,90.0,100.0,5.0,5,90.0,5,0,0.0,0,0.2,5.0,11.0,-6.0,-1.2,4.5,12.8,-8.3,-1.65
95,Tim Drexler,GER,DF,Hoffenheim,19,2005.0,5,319.0,64.0,70.9,3.5,4,64.0,1,1,64.0,0,0.6,4.0,12.0,-8.0,-2.26,4.2,10.3,-6.1,-1.71
96,Marvin Ducksch,GER,FW,Werder Bremen,30,1994.0,5,367.0,73.0,81.6,4.1,5,73.0,0,0,0.0,0,1.6,7.0,8.0,-1.0,-0.25,5.6,5.8,-0.2,-0.06
97,Julien Duranville,BEL,FW,Dortmund,18,2006.0,1,25.0,25.0,5.6,0.3,0,0.0,0,1,25.0,4,3.0,2.0,0.0,2.0,7.2,1.2,0.1,1.1,4.03
98,Adam Dźwigała,POL,"DF,MF",St. Pauli,29,1995.0,4,89.0,22.0,19.8,1.0,0,0.0,0,4,22.0,1,1.0,0.0,1.0,-1.0,-1.01,0.5,1.4,-0.9,-0.94
99,Johannes Eggestein,GER,FW,St. Pauli,26,1998.0,5,398.0,80.0,88.4,4.4,5,80.0,1,0,0.0,0,0.8,4.0,5.0,-1.0,-0.23,4.3,5.6,-1.2,-0.28
100,Maximilian Eggestein,GER,MF,Freiburg,27,1996.0,5,421.0,84.0,93.6,4.7,5,84.0,3,0,0.0,0,1.8,8.0,7.0,1.0,0.21,9.2,4.4,4.8,1.03
101,Vitus Eicher,GER,GK,Heidenheim,33,1990.0,0,0.0,0.0,0.0,0.0,0,0.0,0,0,0.0,2,0.0,0.0,0.0,0.0,0.0,0.0,0.0,0.0,0.0
102,Hugo Ekitike,FRA,FW,Eint Frankfurt,22,2002.0,4,290.0,73.0,64.4,3.2,4,73.0,0,0,0.0,0,2.25,5.0,2.0,3.0,0.93,7.2,3.9,3.3,1.02
103,Agon Elezi,MKD,MF,Bochum,23,2001.0,0,0.0,0.0,0.0,0.0,0,0.0,0,0,0.0,1,0.0,0.0,0.0,0.0,0.0,0.0,0.0,0.0,0.0
104,Elif Elmas,MKD,"FW,MF",RB Leipzig,25,1999.0,0,0.0,0.0,0.0,0.0,0,0.0,0,0,0.0,4,0.0,0.0,0.0,0.0,0.0,0.0,0.0,0.0,0.0
105,Nico Elvedi,SUI,DF,Gladbach,28,1996.0,5,450.0,90.0,100.0,5.0,5,90.0,5,0,0.0,0,1.2,6.0,8.0,-2.0,-0.4,8.7,8.9,-0.2,-0.04
106,Arne Engels,BEL,"MF,FW",Augsburg,21,2003.0,1,79.0,79.0,17.6,0.9,1,79.0,0,0,0.0,0,1.0,2.0,2.0,0.0,0.0,1.0,1.4,-0.5,-0.54
107,Patrick Erras,GER,DF,Holstein Kiel,29,1995.0,3,225.0,75.0,50.0,2.5,3,75.0,2,0,0.0,0,0.0,2.0,9.0,-7.0,-2.8,2.8,6.5,-3.7,-1.47
108,Samuel Essende,COD,FW,Augsburg,26,1998.0,4,326.0,82.0,72.4,3.6,4,82.0,2,0,0.0,0,1.0,6.0,10.0,-4.0,-1.1,5.2,5.9,-0.7,-0.21
109,Frank Feller,GER,GK,Heidenheim,20,2004.0,0,0.0,0.0,0.0,0.0,0,0.0,0,0,0.0,3,0.0,0.0,0.0,0.0,0.0,0.0,0.0,0.0,0.0
110,Kilian Fischer,GER,DF,Wolfsburg,23,2000.0,5,447.0,89.0,99.3,5.0,5,89.0,4,0,0.0,0,0.8,10.0,11.0,-1.0,-0.2,6.1,9.6,-3.5,-0.7
111,Jonas Föhrenbach,GER,"DF,FW",Heidenheim,28,1996.0,5,450.0,90.0,100.0,5.0,5,90.0,5,0,0.0,0,1.8,10.0,7.0,3.0,0.6,7.8,6.5,1.3,0.27
112,Marco Friedl,AUT,DF,Werder Bremen,26,1998.0,3,239.0,80.0,53.1,2.7,3,80.0,2,0,0.0,0,1.67,3.0,3.0,0.0,0.0,3.0,2.3,0.7,0.25
113,Marvin Friedrich,GER,FW,Gladbach,28,1995.0,1,1.0,1.0,0.2,0.0,0,0.0,0,1,1.0,4,3.0,0.0,0.0,0.0,0.0,0.0,0.0,0.0,-1.02
114,Jeremie Frimpong,NED,DF,Leverkusen,23,2000.0,5,335.0,67.0,74.4,3.7,3,85.0,2,2,40.0,0,2.0,10.0,5.0,5.0,1.34,7.7,4.6,3.2,0.85
115,Chris Führich,GER,"FW,MF",Stuttgart,26,1998.0,5,168.0,34.0,37.3,1.9,2,63.0,0,3,14.0,0,1.6,5.0,4.0,1.0,0.54,3.1,4.1,-1.1,-0.57
116,Shiō Fukuda,JPN,FW,Gladbach,20,2004.0,0,0.0,0.0,0.0,0.0,0,0.0,0,0,0.0,1,0.0,0.0,0.0,0.0,0.0,0.0,0.0,0.0,0.0
117,Cristian Gamboa,CRC,"DF,MF",Bochum,34,1989.0,0,0.0,0.0,0.0,0.0,0,0.0,0,0,0.0,4,0.0,0.0,0.0,0.0,0.0,0.0,0.0,0.0,0.0
118,Aleix García,ESP,MF,Leverkusen,27,1997.0,4,188.0,47.0,41.8,2.1,2,84.0,1,2,10.0,1,2.25,6.0,7.0,-1.0,-0.48,5.2,2.4,2.8,1.33
119,Viggo Gebel,GER,MF,RB Leipzig,16,2007.0,0,0.0,0.0,0.0,0.0,0,0.0,0,0,0.0,3,0.0,0.0,0.0,0.0,0.0,0.0,0.0,0.0,0.0
120,Lutsharel Geertruida,NED,DF,RB Leipzig,24,2000.0,3,267.0,89.0,59.3,3.0,3,89.0,2,0,0.0,0,1.67,4.0,0.0,4.0,1.35,4.9,2.8,2.1,0.72
121,Dennis Geiger,GER,MF,Hoffenheim,26,1998.0,3,170.0,57.0,37.8,1.9,2,74.0,1,1,22.0,1,1.0,3.0,8.0,-5.0,-2.65,2.4,5.7,-3.4,-1.78
122,Valentin Gendrey,FRA,"DF,FW",Hoffenheim,24,2000.0,3,120.0,40.0,26.7,1.3,0,0.0,0,3,40.0,1,0.0,1.0,3.0,-2.0,-1.5,0.9,2.9,-2.1,-1.54
123,Yannick Gerhardt,GER,"FW,MF",Wolfsburg,30,1994.0,3,41.0,14.0,9.1,0.5,0,0.0,0,3,14.0,1,1.0,0.0,1.0,-1.0,-2.2,0.7,0.8,-0.2,-0.37
124,Max Geschwill,GER,DF,Holstein Kiel,23,2001.0,4,257.0,64.0,57.1,2.9,2,84.0,1,2,45.0,1,0.25,4.0,8.0,-4.0,-1.4,3.5,5.0,-1.5,-0.52
125,Dimitris Giannoulis,GRE,DF,Augsburg,28,1995.0,5,431.0,86.0,95.8,4.8,5,86.0,3,0,0.0,0,0.8,6.0,14.0,-8.0,-1.67,7.0,9.0,-2.0,-0.42
126,Armin Gigovic,BIH,MF,Holstein Kiel,22,2002.0,4,182.0,46.0,40.4,2.0,2,70.0,0,2,22.0,1,0.25,4.0,5.0,-1.0,-0.49,3.1,3.0,0.1,0.06
127,Benedikt Gimber,GER,DF,Heidenheim,27,1997.0,5,450.0,90.0,100.0,5.0,5,90.0,5,0,0.0,0,1.8,10.0,7.0,3.0,0.6,7.8,6.5,1.3,0.27
128,Matthias Ginter,GER,DF,Freiburg,30,1994.0,4,243.0,61.0,54.0,2.7,2,90.0,2,2,32.0,1,2.25,5.0,3.0,2.0,0.74,5.0,2.2,2.9,1.07
129,Jamie Gittens,ENG,"FW,DF",Dortmund,20,2004.0,5,226.0,45.0,50.2,2.5,2,61.0,0,3,35.0,0,2.0,6.0,5.0,1.0,0.4,4.8,4.5,0.3,0.13
130,Daniel Gleiber,GER,MF,Mainz 05,19,2005.0,0,0.0,0.0,0.0,0.0,0,0.0,0,0,0.0,1,0.0,0.0,0.0,0.0,0.0,0.0,0.0,0.0,0.0
131,Serge Gnabry,GER,"FW,MF",Bayern Munich,29,1995.0,5,324.0,65.0,72.0,3.6,4,72.0,2,1,35.0,0,2.6,13.0,3.0,10.0,2.78,7.5,2.9,4.6,1.28
132,Leon Goretzka,GER,DF,Bayern Munich,29,1995.0,1,1.0,1.0,0.2,0.0,0,0.0,0,1,1.0,3,3.0,0.0,0.0,0.0,0.0,0.0,0.8,-0.8,-70.67
133,Robin Gosens,GER,DF,Union Berlin,30,1994.0,1,90.0,90.0,20.0,1.0,1,90.0,1,0,0.0,0,1.0,1.0,1.0,0.0,0.0,0.6,1.2,-0.5,-0.54
134,Mario Götze,GER,"FW,MF",Eint Frankfurt,32,1992.0,4,222.0,56.0,49.3,2.5,3,66.0,0,1,23.0,0,2.25,5.0,2.0,3.0,1.22,4.8,2.7,2.1,0.84
135,Jeffrey Gouweleeuw,NED,DF,Augsburg,33,1991.0,5,450.0,90.0,100.0,5.0,5,90.0,5,0,0.0,0,0.8,7.0,14.0,-7.0,-1.4,7.9,9.1,-1.2,-0.24
136,Kamil Grabara,POL,GK,Wolfsburg,25,1999.0,5,450.0,90.0,100.0,5.0,5,90.0,5,0,0.0,0,0.8,10.0,11.0,-1.0,-0.2,6.5,9.7,-3.3,-0.65
137,Jens Grahl,GER,GK,Eint Frankfurt,36,1988.0,0,0.0,0.0,0.0,0.0,0,0.0,0,0,0.0,2,0.0,0.0,0.0,0.0,0.0,0.0,0.0,0.0,0.0
138,Michael Gregoritsch,AUT,FW,Freiburg,30,1994.0,1,17.0,17.0,3.8,0.2,0,0.0,0,1,17.0,0,0.0,0.0,0.0,0.0,0.0,0.1,0.0,0.1,0.47
139,Vincenzo Grifo,ITA,"FW,MF",Freiburg,31,1993.0,5,403.0,81.0,89.6,4.5,5,81.0,2,0,0.0,0,1.8,8.0,6.0,2.0,0.45,8.3,3.9,4.4,0.98
140,Florian Grillitsch,AUT,"MF,DF",Hoffenheim,29,1995.0,3,203.0,68.0,45.1,2.3,3,68.0,1,0,0.0,0,1.0,6.0,8.0,-2.0,-0.89,4.8,7.1,-2.3,-1.01
141,Álex Grimaldo,ESP,DF,Leverkusen,29,1995.0,5,449.0,90.0,99.8,5.0,5,90.0,4,0,0.0,0,2.0,14.0,10.0,4.0,0.8,10.4,5.7,4.7,0.94
142,Pascal Groß,GER,MF,Dortmund,33,1991.0,5,406.0,81.0,90.2,4.5,5,81.0,3,0,0.0,0,2.0,8.0,7.0,1.0,0.22,7.4,6.7,0.7,0.17
143,Marco Grüll,AUT,"FW,MF",Werder Bremen,26,1998.0,5,136.0,27.0,30.2,1.5,1,45.0,0,4,23.0,0,1.6,1.0,3.0,-2.0,-1.32,1.4,3.2,-1.8,-1.18
144,Raphaël Guerreiro,POR,DF,Bayern Munich,30,1993.0,4,264.0,66.0,58.7,2.9,3,77.0,1,1,34.0,1,2.5,10.0,1.0,9.0,3.07,5.7,1.2,4.5,1.54
145,Morgan Guilavogui,GUI,FW,St. Pauli,26,1998.0,4,191.0,48.0,42.4,2.1,3,56.0,0,1,22.0,0,0.25,0.0,2.0,-2.0,-0.94,1.7,2.1,-0.4,-0.19
146,Serhou Guirassy,GUI,FW,Dortmund,28,1996.0,3,251.0,84.0,55.8,2.8,3,84.0,2,0,0.0,0,2.0,8.0,8.0,0.0,0.0,5.6,5.6,0.0,0.01
147,Péter Gulácsi,HUN,GK,RB Leipzig,34,1990.0,5,450.0,90.0,100.0,5.0,5,90.0,5,0,0.0,0,2.2,8.0,2.0,6.0,1.2,7.4,6.2,1.2,0.24
148,Christian Günter,GER,DF,Freiburg,31,1993.0,5,430.0,86.0,95.6,4.8,5,86.0,3,0,0.0,0,1.8,8.0,7.0,1.0,0.21,8.4,4.3,4.0,0.84
149,Janik Haberer,GER,"DF,MF",Union Berlin,30,1994.0,5,346.0,69.0,76.9,3.8,4,82.0,2,1,19.0,0,1.6,4.0,1.0,3.0,0.78,3.6,3.3,0.3,0.07
150,Robin Hack,GER,"FW,MF",Gladbach,26,1998.0,4,138.0,35.0,30.7,1.5,1,70.0,0,3,23.0,1,1.5,2.0,1.0,1.0,0.65,2.8,3.1,-0.3,-0.19
151,Amadou Haidara,MLI,MF,RB Leipzig,26,1998.0,5,288.0,58.0,64.0,3.2,5,58.0,0,0,0.0,0,2.2,5.0,0.0,5.0,1.56,4.6,3.6,1.0,0.3
152,Sébastien Haller,CIV,FW,Dortmund,30,1994.0,0,0.0,0.0,0.0,0.0,0,0.0,0,0,0.0,1,0.0,0.0,0.0,0.0,0.0,0.0,0.0,0.0,0.0
153,Andreas Hanche-Olsen,NOR,DF,Mainz 05,27,1997.0,4,298.0,75.0,66.2,3.3,4,75.0,3,0,0.0,0,1.25,7.0,7.0,0.0,0.0,4.5,7.1,-2.6,-0.79
154,Isak Hansen-Aarøen,NOR,MF,Werder Bremen,20,2004.0,0,0.0,0.0,0.0,0.0,0,0.0,0,0,0.0,4,0.0,0.0,0.0,0.0,0.0,0.0,0.0,0.0,0.0
155,Phil Harres,GER,FW,Holstein Kiel,22,2002.0,0,0.0,0.0,0.0,0.0,0,0.0,0,0,0.0,1,0.0,0.0,0.0,0.0,0.0,0.0,0.0,0.0,0.0
156,Ramon Hendriks,NED,DF,Stuttgart,23,2001.0,1,2.0,2.0,0.4,0.0,0,0.0,0,1,2.0,3,1.0,0.0,1.0,-1.0,-45.0,0.3,0.4,0.0,-1.74
157,Benjamin Henrichs,GER,DF,RB Leipzig,27,1997.0,5,235.0,47.0,52.2,2.6,2,83.0,0,3,23.0,0,2.2,4.0,2.0,2.0,0.77,3.5,2.4,1.1,0.41
158,Piero Hincapié,ECU,DF,Leverkusen,22,2002.0,5,400.0,80.0,88.9,4.4,4,89.0,3,1,45.0,0,2.0,12.0,7.0,5.0,1.13,9.6,5.1,4.6,1.02
159,Adam Hložek,CZE,"FW,MF",Hoffenheim,22,2002.0,4,239.0,60.0,53.1,2.7,3,79.0,2,1,1.0,0,0.75,6.0,7.0,-1.0,-0.38,5.0,6.6,-1.6,-0.6
160,Nicolas Höfler,GER,MF,Freiburg,34,1990.0,2,56.0,28.0,12.4,0.6,0,0.0,0,2,28.0,3,1.5,2.0,0.0,2.0,3.21,2.5,0.2,2.2,3.61
161,Jonas Hofmann,GER,MF,Leverkusen,32,1992.0,1,64.0,64.0,14.2,0.7,1,64.0,0,0,0.0,3,3.0,2.0,1.0,1.0,1.41,1.0,1.3,-0.3,-0.39
162,Philipp Hofmann,GER,FW,Bochum,31,1993.0,5,315.0,63.0,70.0,3.5,4,72.0,0,1,26.0,0,0.2,4.0,4.0,0.0,0.0,3.4,6.4,-2.9,-0.84
163,Lucas Höler,GER,"MF,FW",Freiburg,30,1994.0,5,111.0,22.0,24.7,1.2,0,0.0,0,5,22.0,0,1.8,1.0,2.0,-1.0,-0.81,2.1,0.9,1.2,0.97
164,Benedict Hollerbach,GER,"MF,FW",Union Berlin,23,2001.0,5,351.0,70.0,78.0,3.9,5,70.0,0,0,0.0,0,1.6,3.0,1.0,2.0,0.51,2.9,2.6,0.3,0.07
165,Lewis Holtby,GER,MF,Holstein Kiel,34,1990.0,5,394.0,79.0,87.6,4.4,5,79.0,1,0,0.0,0,0.2,4.0,15.0,-11.0,-2.51,4.9,8.8,-3.9,-0.88
166,Franck Honorat,FRA,FW,Gladbach,28,1996.0,3,234.0,78.0,52.0,2.6,3,78.0,0,0,0.0,0,1.0,5.0,5.0,0.0,0.0,5.8,4.1,1.6,0.63
167,Mathias Honsak,AUT,"MF,FW",Heidenheim,27,1996.0,4,84.0,21.0,18.7,0.9,1,59.0,0,3,8.0,0,1.5,1.0,3.0,-2.0,-2.14,1.2,1.8,-0.6,-0.68
168,Timo Horn,GER,GK,Bochum,31,1993.0,0,0.0,0.0,0.0,0.0,0,0.0,0,0,0.0,5,0.0,0.0,0.0,0.0,0.0,0.0,0.0,0.0,0.0
169,Lukáš Hrádecký,FIN,GK,Leverkusen,34,1989.0,4,360.0,90.0,80.0,4.0,4,90.0,4,0,0.0,0,2.5,12.0,7.0,5.0,1.25,8.2,4.6,3.6,0.9
170,Robin Hranáč,CZE,DF,Hoffenheim,24,2000.0,2,90.0,45.0,20.0,1.0,1,45.0,0,1,45.0,1,0.0,1.0,3.0,-2.0,-2.0,1.0,1.8,-0.8,-0.84
171,Jannik Huth,GER,GK,Freiburg,30,1994.0,0,0.0,0.0,0.0,0.0,0,0.0,0,0,0.0,3,0.0,0.0,0.0,0.0,0.0,0.0,0.0,0.0,0.0
172,Hong Hyunseok,KOR,MF,Mainz 05,25,1999.0,4,220.0,55.0,48.9,2.4,4,55.0,0,0,0.0,0,1.0,6.0,6.0,0.0,0.0,3.8,4.9,-1.2,-0.48
173,Oscar Højlund,DEN,MF,Eint Frankfurt,19,2005.0,1,14.0,14.0,3.1,0.2,0,0.0,0,1,14.0,0,0.0,0.0,1.0,-1.0,-6.43,0.0,0.6,-0.6,-4.16
174,Jackson Irvine,AUS,MF,St. Pauli,31,1993.0,5,450.0,90.0,100.0,5.0,5,90.0,5,0,0.0,0,0.8,4.0,6.0,-2.0,-0.4,4.7,6.7,-2.0,-0.41
175,Ko Itakura,JPN,DF,Gladbach,27,1997.0,5,450.0,90.0,100.0,5.0,5,90.0,5,0,0.0,0,1.2,6.0,8.0,-2.0,-0.4,8.7,8.9,-0.2,-0.04
176,Marko Ivezić,SRB,DF,Holstein Kiel,22,2001.0,1,90.0,90.0,20.0,1.0,1,90.0,1,0,0.0,4,0.0,2.0,3.0,-1.0,-1.0,1.7,3.5,-1.7,-1.72
177,Lee Jae-sung,KOR,MF,Mainz 05,32,1992.0,4,340.0,85.0,75.6,3.8,4,85.0,2,0,0.0,0,0.5,4.0,6.0,-2.0,-0.53,4.5,6.7,-2.2,-0.58
178,Paul Jaeckel,GER,DF,Union Berlin,26,1998.0,0,0.0,0.0,0.0,0.0,0,0.0,0,0,0.0,1,0.0,0.0,0.0,0.0,0.0,0.0,0.0,0.0,0.0
179,Kristijan Jakić,CRO,MF,Augsburg,27,1997.0,4,257.0,64.0,57.1,2.9,3,80.0,2,1,17.0,0,0.75,5.0,8.0,-3.0,-1.05,5.2,4.9,0.3,0.11
180,Dominik Javorček,SVK,DF,Holstein Kiel,21,2002.0,1,45.0,45.0,10.0,0.5,1,45.0,0,0,0.0,2,0.0,0.0,4.0,-4.0,-8.0,0.0,1.8,-1.8,-3.52
181,Fredrik Jensen,FIN,"MF,DF",Augsburg,27,1997.0,4,111.0,28.0,24.7,1.2,1,45.0,0,3,22.0,0,0.25,0.0,2.0,-2.0,-1.62,1.1,2.5,-1.4,-1.15
182,Moritz Jenz,GER,DF,Mainz 05,25,1999.0,3,270.0,90.0,60.0,3.0,3,90.0,3,0,0.0,0,1.0,4.0,6.0,-2.0,-0.67,2.7,5.2,-2.5,-0.83
183,Carl Johansson,SWE,DF,Holstein Kiel,30,1994.0,4,347.0,87.0,77.1,3.9,4,87.0,3,0,0.0,0,0.25,5.0,14.0,-9.0,-2.33,4.1,7.1,-3.0,-0.78
184,Anthony Jung,GER,DF,Werder Bremen,32,1991.0,5,405.0,81.0,90.0,4.5,4,90.0,4,1,45.0,0,1.6,7.0,9.0,-2.0,-0.44,6.1,6.2,0.0,-0.01
185,Yusuf Kabadayı,GER,"MF,FW",Augsburg,20,2004.0,3,37.0,12.0,8.2,0.4,0,0.0,0,3,12.0,2,1.0,1.0,0.0,1.0,2.43,1.7,0.7,1.0,2.35
186,Almugera Kabar,GER,DF,Dortmund,18,2006.0,0,0.0,0.0,0.0,0.0,0,0.0,0,0,0.0,1,0.0,0.0,0.0,0.0,0.0,0.0,0.0,0.0,0.0
187,Pavel Kadeřábek,CZE,DF,Hoffenheim,32,1992.0,5,435.0,87.0,96.7,4.8,5,87.0,4,0,0.0,0,0.6,9.0,15.0,-6.0,-1.24,6.9,11.3,-4.4,-0.91
188,Jakub Kamiński,POL,"DF,MF",Wolfsburg,22,2002.0,5,450.0,90.0,100.0,5.0,5,90.0,5,0,0.0,0,0.8,10.0,11.0,-1.0,-0.2,6.5,9.7,-3.3,-0.65
189,Kevin Kampl,SVN,MF,RB Leipzig,33,1990.0,3,265.0,88.0,58.9,2.9,3,88.0,1,0,0.0,0,2.33,4.0,2.0,2.0,0.68,3.6,3.2,0.4,0.14
190,Harry Kane,ENG,FW,Bayern Munich,31,1993.0,5,430.0,86.0,95.6,4.8,5,86.0,3,0,0.0,0,2.6,17.0,4.0,13.0,2.72,11.0,3.2,7.8,1.63
191,Atakan Karazor,GER,MF,Stuttgart,27,1996.0,5,396.0,79.0,88.0,4.4,5,79.0,3,0,0.0,0,1.6,13.0,9.0,4.0,0.91,11.1,6.9,4.2,0.95
192,Silas Katompa,COD,"DF,FW",Stuttgart,25,1998.0,0,0.0,0.0,0.0,0.0,0,0.0,0,0,0.0,1,0.0,0.0,0.0,0.0,0.0,0.0,0.0,0.0,0.0
193,Mikkel Kaufmann,DEN,FW,Heidenheim,23,2001.0,2,79.0,40.0,17.6,0.9,1,56.0,0,1,23.0,3,1.5,2.0,1.0,1.0,1.14,1.1,1.1,0.0,-0.02
194,Yannik Keitel,GER,MF,Stuttgart,24,2000.0,0,0.0,0.0,0.0,0.0,0,0.0,0,0,0.0,2,0.0,0.0,0.0,0.0,0.0,0.0,0.0,0.0,0.0
195,Andu Kelati,GER,MF,Holstein Kiel,22,2002.0,2,99.0,50.0,22.0,1.1,1,63.0,0,1,36.0,0,0.5,2.0,2.0,0.0,0.0,1.8,1.6,0.2,0.16
196,Aljoscha Kemlein,GER,MF,Union Berlin,20,2004.0,1,10.0,10.0,2.2,0.1,0,0.0,0,1,10.0,4,1.0,0.0,0.0,0.0,0.0,0.4,0.0,0.3,3.02
197,Luca Kerber,GER,"MF,FW",Heidenheim,22,2002.0,3,81.0,27.0,18.0,0.9,0,0.0,0,3,27.0,1,3.0,4.0,0.0,4.0,4.44,3.3,0.7,2.7,2.97
198,Rani Khedira,GER,MF,Union Berlin,30,1994.0,5,450.0,90.0,100.0,5.0,5,90.0,5,0,0.0,0,1.6,4.0,3.0,1.0,0.2,4.1,4.2,-0.1,-0.02
199,Joshua Kimmich,GER,"MF,DF",Bayern Munich,29,1995.0,5,450.0,90.0,100.0,5.0,5,90.0,5,0,0.0,0,2.6,17.0,4.0,13.0,2.6,11.5,3.3,8.3,1.65
200,Daniel Klein,GER,GK,Augsburg,23,2001.0,0,0.0,0.0,0.0,0.0,0,0.0,0,0,0.0,2,0.0,0.0,0.0,0.0,0.0,0.0,0.0,0.0,0.0
201,Tim Kleindienst,GER,FW,Gladbach,29,1995.0,5,440.0,88.0,97.8,4.9,5,88.0,3,0,0.0,0,1.2,6.0,7.0,-1.0,-0.2,8.5,7.9,0.6,0.13
202,Lukas Klostermann,GER,DF,RB Leipzig,28,1996.0,4,286.0,72.0,63.6,3.2,3,90.0,3,1,16.0,1,2.0,3.0,2.0,1.0,0.31,3.1,4.3,-1.2,-0.38
203,Ansgar Knauff,GER,"MF,FW",Eint Frankfurt,22,2002.0,5,134.0,27.0,29.8,1.5,1,77.0,0,4,14.0,0,2.4,2.0,2.0,0.0,0.0,3.6,2.8,0.9,0.6
204,Magnus Knudsen,NOR,MF,Holstein Kiel,23,2001.0,5,422.0,84.0,93.8,4.7,5,84.0,3,0,0.0,0,0.2,6.0,16.0,-10.0,-2.13,5.5,9.6,-4.1,-0.88
205,Gregor Kobel,SUI,GK,Dortmund,26,1997.0,5,450.0,90.0,100.0,5.0,5,90.0,5,0,0.0,0,2.0,11.0,9.0,2.0,0.4,8.8,8.1,0.6,0.13
206,Robin Koch,GER,DF,Eint Frankfurt,28,1996.0,5,450.0,90.0,100.0,5.0,5,90.0,5,0,0.0,0,2.4,11.0,6.0,5.0,1.0,10.8,6.9,3.9,0.78
207,Derrick Köhn,GER,DF,Werder Bremen,25,1999.0,3,144.0,48.0,32.0,1.6,1,75.0,0,2,35.0,0,2.0,5.0,6.0,-1.0,-0.62,2.9,2.3,0.5,0.33
208,Dominik Kohr,GER,"DF,MF",Mainz 05,30,1994.0,5,433.0,87.0,96.2,4.8,5,87.0,3,0,0.0,0,1.0,8.0,9.0,-1.0,-0.21,5.9,9.5,-3.6,-0.75
209,Marco Komenda,CRO,DF,Holstein Kiel,27,1996.0,2,90.0,45.0,20.0,1.0,2,45.0,0,0,0.0,1,0.0,0.0,4.0,-4.0,-4.0,1.3,2.3,-1.1,-1.08
210,Mert Kömür,GER,MF,Augsburg,19,2005.0,1,28.0,28.0,6.2,0.3,0,0.0,0,1,28.0,1,0.0,0.0,2.0,-2.0,-6.43,0.4,1.7,-1.3,-4.26
211,Odilon Kossounou,CIV,DF,Leverkusen,23,2001.0,0,0.0,0.0,0.0,0.0,0,0.0,0,0,0.0,1,0.0,0.0,0.0,0.0,0.0,0.0,0.0,0.0,0.0
212,Henri Koudossou,GER,DF,Augsburg,25,1999.0,2,31.0,16.0,6.9,0.3,0,0.0,0,2,16.0,2,1.5,1.0,0.0,1.0,2.9,1.0,0.8,0.2,0.53
213,Konstantinos Koulierakis,GRE,DF,Wolfsburg,20,2003.0,3,142.0,47.0,31.6,1.6,1,90.0,1,2,26.0,0,0.33,3.0,4.0,-1.0,-0.63,1.6,3.3,-1.8,-1.11
214,Matej Kovar,CZE,GK,Leverkusen,24,2000.0,1,90.0,90.0,20.0,1.0,1,90.0,1,0,0.0,4,0.0,2.0,3.0,-1.0,-1.0,2.2,1.1,1.1,1.06
215,Andrej Kramarić,CRO,MF,Hoffenheim,33,1991.0,4,355.0,89.0,78.9,3.9,4,89.0,2,0,0.0,0,0.75,6.0,11.0,-5.0,-1.27,5.7,8.7,-3.0,-0.75
216,Frans Krätzig,GER,DF,Stuttgart,21,2003.0,1,56.0,56.0,12.4,0.6,1,56.0,0,0,0.0,2,0.0,1.0,2.0,-1.0,-1.61,0.1,1.6,-1.4,-2.33
217,Rasmus Kristensen,DEN,"DF,MF",Eint Frankfurt,27,1997.0,5,450.0,90.0,100.0,5.0,5,90.0,5,0,0.0,0,2.4,11.0,6.0,5.0,1.0,10.8,6.9,3.9,0.78
218,Lukas Kübler,GER,DF,Freiburg,32,1992.0,5,405.0,81.0,90.0,4.5,5,81.0,2,0,0.0,0,1.8,8.0,6.0,2.0,0.44,8.4,4.2,4.2,0.93
219,Moritz-Broni Kwarteng,GHA,MF,Bochum,26,1998.0,3,64.0,21.0,14.2,0.7,0,0.0,0,3,21.0,0,0.33,0.0,1.0,-1.0,-1.41,0.2,2.0,-1.7,-2.4
220,Nediljko Labrović,CRO,GK,Augsburg,24,1999.0,5,450.0,90.0,100.0,5.0,5,90.0,5,0,0.0,0,0.8,7.0,14.0,-7.0,-1.4,7.9,9.1,-1.2,-0.24
221,Konrad Laimer,AUT,"DF,MF",Bayern Munich,27,1997.0,4,113.0,28.0,25.1,1.3,1,56.0,0,3,19.0,1,2.5,5.0,1.0,4.0,3.19,3.7,1.1,2.6,2.09
222,Stefan Lainer,AUT,DF,Gladbach,32,1992.0,2,5.0,3.0,1.1,0.1,0,0.0,0,2,3.0,3,1.5,0.0,1.0,-1.0,-18.0,0.1,1.0,-0.9,-16.29
223,Hugo Larsson,SWE,MF,Eint Frankfurt,20,2004.0,5,433.0,87.0,96.2,4.8,5,87.0,2,0,0.0,0,2.4,11.0,6.0,5.0,1.04,10.6,6.0,4.6,0.96
224,Diogo Leite,POR,DF,Union Berlin,25,1999.0,5,450.0,90.0,100.0,5.0,5,90.0,5,0,0.0,0,1.6,4.0,3.0,1.0,0.2,4.1,4.2,-0.1,-0.02
225,Maxim Leitsch,GER,DF,Mainz 05,26,1998.0,4,193.0,48.0,42.9,2.1,2,60.0,1,2,37.0,0,1.25,3.0,3.0,0.0,0.0,2.1,5.1,-3.0,-1.41
226,Jamie Leweling,GER,"FW,MF",Stuttgart,23,2001.0,5,420.0,84.0,93.3,4.7,5,84.0,2,0,0.0,0,1.6,12.0,9.0,3.0,0.64,9.8,7.3,2.5,0.54
227,Philipp Lienhart,AUT,DF,Freiburg,28,1996.0,5,405.0,81.0,90.0,4.5,5,81.0,4,0,0.0,0,1.8,6.0,7.0,-1.0,-0.22,7.0,4.3,2.7,0.6
228,Niklas Lomb,GER,GK,Leverkusen,31,1993.0,0,0.0,0.0,0.0,0.0,0,0.0,0,0,0.0,1,0.0,0.0,0.0,0.0,0.0,0.0,0.0,0.0,0.0
229,Noah Loosli,SUI,DF,Bochum,27,1997.0,0,0.0,0.0,0.0,0.0,0,0.0,0,0,0.0,3,0.0,0.0,0.0,0.0,0.0,0.0,0.0,0.0,0.0
230,Anthony Losilla,FRA,MF,Bochum,38,1986.0,4,280.0,70.0,62.2,3.1,3,68.0,1,1,75.0,1,0.25,4.0,6.0,-2.0,-0.64,2.9,5.8,-2.9,-0.92
231,Marcel Lotka,POL,GK,Dortmund,23,2001.0,0,0.0,0.0,0.0,0.0,0,0.0,0,0,0.0,1,0.0,0.0,0.0,0.0,0.0,0.0,0.0,0.0,0.0
232,Castello Lukeba,FRA,DF,RB Leipzig,21,2002.0,4,353.0,88.0,78.4,3.9,4,88.0,3,0,0.0,1,2.5,8.0,2.0,6.0,1.53,6.2,4.8,1.4,0.37
233,Senne Lynen,BEL,MF,Werder Bremen,25,1999.0,5,433.0,87.0,96.2,4.8,5,87.0,2,0,0.0,0,1.6,8.0,11.0,-3.0,-0.62,5.9,6.9,-1.0,-0.2
234,Shuto Machino,JPN,"FW,MF",Holstein Kiel,25,1999.0,5,333.0,67.0,74.0,3.7,4,80.0,2,1,13.0,0,0.2,5.0,13.0,-8.0,-2.16,4.3,8.8,-4.5,-1.23
235,Arne Maier,GER,MF,Augsburg,25,1999.0,4,169.0,42.0,37.6,1.9,2,66.0,0,2,19.0,1,1.0,3.0,6.0,-3.0,-1.6,3.5,3.6,-0.1,-0.04
236,Patrick Mainka,GER,DF,Heidenheim,29,1994.0,5,450.0,90.0,100.0,5.0,5,90.0,5,0,0.0,0,1.8,10.0,7.0,3.0,0.6,7.8,6.5,1.3,0.27
237,Lovro Majer,CRO,MF,Wolfsburg,26,1998.0,2,121.0,61.0,26.9,1.3,2,61.0,0,0,0.0,0,1.5,4.0,2.0,2.0,1.49,1.9,2.1,-0.2,-0.15
238,Jordy Makengo,FRA,DF,Freiburg,23,2001.0,2,20.0,10.0,4.4,0.2,0,0.0,0,2,10.0,3,1.5,0.0,0.0,0.0,0.0,1.0,0.2,0.8,3.72
239,Julián Malatini,ARG,DF,Werder Bremen,23,2001.0,3,126.0,42.0,28.0,1.4,1,90.0,1,2,18.0,2,2.0,5.0,3.0,2.0,1.43,3.5,2.1,1.4,1.03
240,Donyell Malen,NED,"FW,DF",Dortmund,25,1999.0,4,164.0,41.0,36.4,1.8,2,58.0,0,2,24.0,1,1.75,4.0,3.0,1.0,0.55,2.2,2.5,-0.3,-0.15
241,Lennard Maloney,USA,MF,Heidenheim,24,1999.0,5,287.0,57.0,63.8,3.2,4,71.0,1,1,2.0,0,1.8,6.0,6.0,0.0,0.0,4.3,4.6,-0.3,-0.09
242,Filippo Mane,ITA,DF,Dortmund,19,2005.0,0,0.0,0.0,0.0,0.0,0,0.0,0,0,0.0,1,0.0,0.0,0.0,0.0,0.0,0.0,0.0,0.0,0.0
243,Johan Manzambi,SUI,FW,Freiburg,18,2005.0,1,10.0,10.0,2.2,0.1,0,0.0,0,1,10.0,1,3.0,0.0,0.0,0.0,0.0,0.2,0.2,0.0,0.28
244,Omar Marmoush,EGY,"FW,MF",Eint Frankfurt,25,1999.0,5,411.0,82.0,91.3,4.6,5,82.0,2,0,0.0,0,2.4,11.0,4.0,7.0,1.53,9.7,5.7,4.0,0.88
245,Erhan Mašović,SRB,DF,Bochum,25,1998.0,4,285.0,71.0,63.3,3.2,4,71.0,3,0,0.0,0,0.25,1.0,6.0,-5.0,-1.58,2.6,8.8,-6.3,-1.98
246,Igor Matanovic,CRO,FW,Eint Frankfurt,21,2003.0,5,145.0,29.0,32.2,1.6,1,67.0,0,4,20.0,0,2.4,5.0,5.0,0.0,0.0,4.3,3.1,1.2,0.76
247,Chrislain Matsima,FRA,DF,Augsburg,22,2002.0,1,33.0,33.0,7.3,0.4,0,0.0,0,1,33.0,2,0.0,0.0,0.0,0.0,0.0,0.2,1.2,-1.0,-2.68
248,Jean Mattéo Bahoya,FRA,MF,Eint Frankfurt,19,2005.0,1,13.0,13.0,2.9,0.1,0,0.0,0,1,13.0,2,3.0,1.0,0.0,1.0,6.92,0.3,0.4,-0.1,-0.41
249,Keke Maximilian Topp,GER,"FW,MF",Werder Bremen,20,2004.0,5,115.0,23.0,25.6,1.3,1,45.0,0,4,18.0,0,1.6,1.0,5.0,-4.0,-3.13,1.1,1.9,-0.8,-0.63
250,Jakov Medić,CRO,DF,Bochum,26,1998.0,5,435.0,87.0,96.7,4.8,5,87.0,3,0,0.0,0,0.2,5.0,11.0,-6.0,-1.24,4.4,12.6,-8.2,-1.71
251,Connor Metcalfe,AUS,MF,St. Pauli,24,1999.0,4,227.0,57.0,50.4,2.5,2,87.0,1,2,27.0,0,1.0,1.0,3.0,-2.0,-0.79,2.0,2.5,-0.5,-0.18
252,Karol Mets,EST,DF,St. Pauli,31,1993.0,5,450.0,90.0,100.0,5.0,5,90.0,5,0,0.0,0,0.8,4.0,6.0,-2.0,-0.4,4.7,6.7,-2.0,-0.41
253,Alexander Meyer,GER,GK,Dortmund,33,1991.0,0,0.0,0.0,0.0,0.0,0,0.0,0,0,0.0,5,0.0,0.0,0.0,0.0,0.0,0.0,0.0,0.0,0.0
254,Florian Micheler,AUT,MF,Hoffenheim,19,2005.0,1,32.0,32.0,7.1,0.4,0,0.0,0,1,32.0,1,0.0,0.0,0.0,0.0,0.0,0.2,0.4,-0.1,-0.3
255,Enzo Millot,FRA,MF,Stuttgart,22,2002.0,5,355.0,71.0,78.9,3.9,4,82.0,3,1,29.0,0,1.6,10.0,8.0,2.0,0.51,9.5,5.6,3.9,1.0
256,Kim Min-jae,KOR,DF,Bayern Munich,27,1996.0,5,440.0,88.0,97.8,4.9,5,88.0,4,0,0.0,0,2.6,16.0,4.0,12.0,2.45,11.1,3.0,8.2,1.67
257,Maximilian Mittelstädt,GER,DF,Stuttgart,27,1997.0,5,371.0,74.0,82.4,4.1,4,84.0,2,1,34.0,0,1.6,11.0,6.0,5.0,1.21,9.8,5.6,4.2,1.02
258,Koji Miyoshi,JPN,MF,Bochum,27,1997.0,2,82.0,41.0,18.2,0.9,1,63.0,0,1,19.0,0,0.0,1.0,4.0,-3.0,-3.29,0.7,4.0,-3.3,-3.6
259,Max Moerstedt,GER,FW,Hoffenheim,,0.0,3,27.0,9.0,6.0,0.3,0,0.0,0,3,9.0,0,1.0,0.0,0.0,0.0,0.0,0.1,0.8,-0.6,-2.11
260,Steve Mounié,BEN,FW,Augsburg,30,1994.0,4,121.0,30.0,26.9,1.3,0,0.0,0,4,30.0,0,0.25,1.0,3.0,-2.0,-1.49,2.4,3.5,-1.1,-0.81
261,Nordi Mukiele,FRA,DF,Leverkusen,26,1997.0,2,50.0,25.0,11.1,0.6,1,45.0,0,1,5.0,2,3.0,2.0,3.0,-1.0,-1.8,0.8,0.7,0.1,0.18
262,Florian Müller,GER,GK,Freiburg,26,1997.0,2,180.0,90.0,40.0,2.0,2,90.0,2,0,0.0,1,1.5,3.0,3.0,0.0,0.0,3.1,1.9,1.2,0.62
263,Kevin Müller,GER,GK,Heidenheim,33,1991.0,5,450.0,90.0,100.0,5.0,5,90.0,5,0,0.0,0,1.8,10.0,7.0,3.0,0.6,7.8,6.5,1.3,0.27
264,Marius Müller,GER,GK,Wolfsburg,31,1993.0,0,0.0,0.0,0.0,0.0,0,0.0,0,0,0.0,5,0.0,0.0,0.0,0.0,0.0,0.0,0.0,0.0,0.0
265,Thomas Müller,GER,"MF,FW",Bayern Munich,35,1989.0,5,123.0,25.0,27.3,1.4,0,0.0,0,5,25.0,0,2.6,5.0,1.0,4.0,2.93,2.9,1.7,1.1,0.83
266,Jamal Musiala,GER,MF,Bayern Munich,21,2003.0,5,388.0,78.0,86.2,4.3,5,78.0,3,0,0.0,0,2.6,14.0,3.0,11.0,2.55,9.8,2.1,7.7,1.79
267,Florent Muslija,KVX,"DF,FW",Freiburg,26,1998.0,3,56.0,19.0,12.4,0.6,0,0.0,0,3,19.0,1,2.0,0.0,1.0,-1.0,-1.61,0.4,0.5,-0.1,-0.16
268,Phillipp Mwene,AUT,DF,Mainz 05,30,1994.0,5,438.0,88.0,97.3,4.9,5,88.0,4,0,0.0,0,1.0,8.0,10.0,-2.0,-0.41,5.9,9.7,-3.8,-0.78
269,Nathan N'Goumou,FRA,FW,Gladbach,24,2000.0,5,217.0,43.0,48.2,2.4,2,73.0,0,3,24.0,0,1.2,0.0,4.0,-4.0,-1.66,2.7,4.9,-2.2,-0.91
270,Stanley N'Soki,FRA,DF,Hoffenheim,25,1999.0,2,19.0,10.0,4.2,0.2,1,17.0,0,1,2.0,3,1.5,3.0,0.0,3.0,14.21,1.2,0.1,1.1,5.25
271,Paul Nebel,GER,DF,Mainz 05,21,2002.0,3,34.0,11.0,7.6,0.4,0,0.0,0,3,11.0,2,0.33,0.0,1.0,-1.0,-2.65,0.9,0.4,0.6,1.46
272,David Nemeth,AUT,DF,St. Pauli,23,2001.0,0,0.0,0.0,0.0,0.0,0,0.0,0,0,0.0,5,0.0,0.0,0.0,0.0,0.0,0.0,0.0,0.0,0.0
273,Luca Netz,GER,DF,Gladbach,21,2003.0,5,445.0,89.0,98.9,4.9,5,89.0,3,0,0.0,0,1.2,6.0,7.0,-1.0,-0.2,8.6,7.9,0.7,0.14
274,Manuel Neuer,GER,GK,Bayern Munich,38,1986.0,4,360.0,90.0,80.0,4.0,4,90.0,4,0,0.0,0,2.5,12.0,4.0,8.0,2.0,8.5,3.3,5.3,1.31
275,Florian Neuhaus,GER,MF,Gladbach,27,1997.0,2,27.0,14.0,6.0,0.3,0,0.0,0,2,14.0,3,0.0,0.0,1.0,-1.0,-3.33,0.5,0.7,-0.2,-0.7
276,Moritz Nicolas,GER,GK,Gladbach,26,1997.0,2,180.0,90.0,40.0,2.0,2,90.0,2,0,0.0,3,1.5,1.0,2.0,-1.0,-0.5,2.6,3.4,-0.8,-0.4
277,Justin Njinmah,GER,"MF,FW",Werder Bremen,23,2000.0,3,138.0,46.0,30.7,1.5,2,47.0,0,1,45.0,0,1.67,2.0,0.0,2.0,1.3,2.2,0.9,1.4,0.9
278,Niels Nkounkou,FRA,"MF,DF",Eint Frankfurt,23,2000.0,4,173.0,43.0,38.4,1.9,2,73.0,0,2,14.0,0,2.25,4.0,3.0,1.0,0.52,4.6,2.9,1.7,0.87
279,Felix Nmecha,GER,"MF,DF",Dortmund,23,2000.0,5,159.0,32.0,35.3,1.8,2,60.0,1,3,13.0,0,2.0,7.0,4.0,3.0,1.7,4.4,3.2,1.2,0.67
280,Alexander Nübel,GER,GK,Stuttgart,28,1996.0,5,450.0,90.0,100.0,5.0,5,90.0,5,0,0.0,0,1.6,14.0,10.0,4.0,0.8,11.6,7.7,3.8,0.77
281,Antonio Nusa,NOR,MF,RB Leipzig,19,2005.0,5,178.0,36.0,39.6,2.0,1,64.0,0,4,29.0,0,2.2,6.0,0.0,6.0,3.03,3.9,2.3,1.6,0.8
282,David Odogu,GER,DF,Wolfsburg,18,2006.0,0,0.0,0.0,0.0,0.0,0,0.0,0,0,0.0,3,0.0,0.0,0.0,0.0,0.0,0.0,0.0,0.0,0.0
283,Tim Oermann,GER,DF,Bochum,20,2003.0,3,105.0,35.0,23.3,1.2,1,90.0,1,2,8.0,2,0.0,2.0,4.0,-2.0,-1.71,1.5,3.4,-2.0,-1.68
284,Ifechukwu Ogbus,SUI,DF,Freiburg,18,2005.0,2,19.0,10.0,4.2,0.2,0,0.0,0,2,10.0,3,1.5,0.0,0.0,0.0,0.0,0.9,0.2,0.7,3.31
285,Michael Olise,FRA,"FW,MF",Bayern Munich,22,2001.0,5,323.0,65.0,71.8,3.6,4,70.0,0,1,45.0,0,2.6,11.0,4.0,7.0,1.95,8.0,2.0,6.0,1.67
286,Jonas Omlin,SUI,GK,Gladbach,30,1994.0,3,270.0,90.0,60.0,3.0,3,90.0,3,0,0.0,0,1.0,5.0,6.0,-1.0,-0.33,6.1,5.5,0.6,0.2
287,Karim Onisiwo,AUT,"MF,FW",Mainz 05,32,1992.0,3,90.0,30.0,20.0,1.0,1,75.0,0,2,8.0,2,1.33,1.0,1.0,0.0,0.0,1.0,0.6,0.4,0.39
288,Frank Onyeka,NGA,MF,Augsburg,26,1998.0,3,262.0,87.0,58.2,2.9,3,87.0,2,0,0.0,0,1.0,4.0,8.0,-4.0,-1.37,5.3,4.4,0.8,0.29
289,Loïs Openda,BEL,FW,RB Leipzig,24,2000.0,5,382.0,76.0,84.9,4.2,4,88.0,2,1,29.0,0,2.2,8.0,2.0,6.0,1.41,6.9,4.5,2.3,0.55
290,Willi Orban,HUN,DF,RB Leipzig,31,1992.0,3,264.0,88.0,58.7,2.9,3,88.0,2,0,0.0,0,2.33,5.0,0.0,5.0,1.7,4.9,3.3,1.6,0.56
291,Patrick Osterhage,GER,MF,Freiburg,24,2000.0,5,361.0,72.0,80.2,4.0,5,72.0,2,0,0.0,0,1.8,6.0,5.0,1.0,0.25,6.0,3.9,2.1,0.53
292,Salih Özcan,TUR,MF,Wolfsburg,26,1998.0,4,116.0,29.0,25.8,1.3,1,45.0,0,3,24.0,0,1.0,0.0,3.0,-3.0,-2.33,1.8,2.5,-0.7,-0.52
293,Exequiel Palacios,ARG,MF,Leverkusen,25,1998.0,2,13.0,7.0,2.9,0.1,0,0.0,0,2,7.0,0,2.0,1.0,0.0,1.0,6.92,0.2,0.0,0.2,1.2
294,João Palhinha,POR,MF,Bayern Munich,29,1995.0,3,128.0,43.0,28.4,1.4,1,90.0,1,2,19.0,2,3.0,7.0,1.0,6.0,4.22,4.0,1.2,2.9,2.03
295,Mats Pannewig,GER,MF,Bochum,19,2004.0,3,36.0,12.0,8.0,0.4,0,0.0,0,3,12.0,2,0.33,0.0,1.0,-1.0,-2.5,0.3,0.5,-0.2,-0.5
296,Felix Passlack,GER,DF,Bochum,26,1998.0,5,450.0,90.0,100.0,5.0,5,90.0,5,0,0.0,0,0.2,5.0,11.0,-6.0,-1.2,4.5,12.8,-8.3,-1.65
297,Aleksandar Pavlovic,GER,MF,Bayern Munich,20,2004.0,4,322.0,81.0,71.6,3.6,4,81.0,2,0,0.0,1,2.5,10.0,3.0,7.0,1.96,7.5,2.1,5.4,1.5
298,Mads Pedersen,DEN,DF,Augsburg,28,1996.0,3,165.0,55.0,36.7,1.8,2,68.0,1,1,30.0,0,1.33,4.0,5.0,-1.0,-0.55,2.9,2.9,0.0,0.0
299,Jordan Pefok,USA,FW,Union Berlin,28,1996.0,5,336.0,67.0,74.7,3.7,4,75.0,1,1,35.0,0,1.6,4.0,1.0,3.0,0.8,3.7,3.3,0.4,0.1
300,Daniel Peretz,ISR,GK,Bayern Munich,24,2000.0,0,0.0,0.0,0.0,0.0,0,0.0,0,0,0.0,1,0.0,0.0,0.0,0.0,0.0,0.0,0.0,0.0,0.0
301,Pavao Pervan,AUT,GK,Wolfsburg,36,1987.0,0,0.0,0.0,0.0,0.0,0,0.0,0,0,0.0,1,0.0,0.0,0.0,0.0,0.0,0.0,0.0,0.0,0.0
302,Luca Philipp,GER,GK,Hoffenheim,23,2000.0,0,0.0,0.0,0.0,0.0,0,0.0,0,0,0.0,5,0.0,0.0,0.0,0.0,0.0,0.0,0.0,0.0,0.0
303,Benedikt Pichler,AUT,FW,Holstein Kiel,27,1997.0,5,413.0,83.0,91.8,4.6,5,83.0,4,0,0.0,0,0.2,5.0,16.0,-11.0,-2.4,5.1,9.4,-4.3,-0.93
304,Amos Pieper,GER,DF,Werder Bremen,26,1998.0,2,111.0,56.0,24.7,1.2,1,78.0,0,1,33.0,1,1.5,0.0,5.0,-5.0,-4.05,0.7,2.6,-2.0,-1.58
305,Marvin Pieringer,GER,FW,Heidenheim,24,1999.0,5,343.0,69.0,76.2,3.8,4,79.0,1,1,29.0,0,1.8,8.0,6.0,2.0,0.52,5.6,4.2,1.4,0.37
306,Alassane Pléa,FRA,FW,Gladbach,31,1993.0,5,274.0,55.0,60.9,3.0,4,64.0,0,1,20.0,0,1.2,4.0,4.0,0.0,0.0,5.3,3.7,1.7,0.55
307,Finn Porath,GER,"DF,MF",Holstein Kiel,27,1997.0,5,338.0,68.0,75.1,3.8,4,73.0,1,1,45.0,0,0.2,6.0,13.0,-7.0,-1.86,4.0,7.1,-3.1,-0.81
308,Yussuf Poulsen,DEN,FW,RB Leipzig,30,1994.0,5,89.0,18.0,19.8,1.0,1,61.0,0,4,7.0,0,2.2,0.0,0.0,0.0,0.0,1.0,2.0,-1.0,-0.98
309,Alexander Prass,AUT,DF,Hoffenheim,23,2001.0,5,354.0,71.0,78.7,3.9,5,71.0,0,0,0.0,0,0.6,9.0,12.0,-3.0,-0.76,6.3,8.8,-2.4,-0.62
310,Grischa Prömel,GER,MF,Hoffenheim,29,1995.0,2,174.0,87.0,38.7,1.9,2,87.0,1,0,0.0,0,1.5,4.0,5.0,-1.0,-0.52,4.4,4.1,0.3,0.16
311,Tymoteusz Puchacz,POL,DF,Holstein Kiel,25,1999.0,4,148.0,37.0,32.9,1.6,2,45.0,0,2,29.0,1,0.25,2.0,6.0,-4.0,-2.43,2.2,3.9,-1.7,-1.02
312,Leopold Querfeld,AUT,DF,Union Berlin,20,2003.0,5,80.0,16.0,17.8,0.9,0,0.0,0,5,16.0,0,1.6,0.0,1.0,-1.0,-1.13,1.0,0.7,0.3,0.32
313,Grant Ranos,ARM,FW,Gladbach,21,2003.0,0,0.0,0.0,0.0,0.0,0,0.0,0,0,0.0,1,0.0,0.0,0.0,0.0,0.0,0.0,0.0,0.0,0.0
314,David Raum,GER,DF,RB Leipzig,26,1998.0,5,417.0,83.0,92.7,4.6,5,83.0,3,0,0.0,0,2.2,8.0,2.0,6.0,1.29,6.7,6.1,0.6,0.13
315,Rocco Reitz,GER,MF,Gladbach,22,2002.0,5,212.0,42.0,47.1,2.4,2,74.0,0,3,21.0,0,1.2,3.0,3.0,0.0,0.0,4.1,4.4,-0.4,-0.16
316,Nicolai Remberg,GER,MF,Holstein Kiel,24,2000.0,5,159.0,32.0,35.3,1.8,1,90.0,1,4,17.0,0,0.2,3.0,9.0,-6.0,-3.4,1.0,4.9,-4.0,-2.24
317,Elvis Rexhbeçaj,KVX,MF,Augsburg,26,1997.0,5,416.0,83.0,92.4,4.6,5,83.0,3,0,0.0,0,0.8,7.0,14.0,-7.0,-1.51,7.2,8.5,-1.3,-0.28
318,Gio Reyna,USA,MF,Dortmund,21,2002.0,1,10.0,10.0,2.2,0.1,0,0.0,0,1,10.0,1,3.0,1.0,0.0,1.0,9.0,0.6,0.0,0.6,5.83
319,Marco Richter,GER,"FW,MF",Mainz 05,26,1997.0,0,0.0,0.0,0.0,0.0,0,0.0,0,0,0.0,1,0.0,0.0,0.0,0.0,0.0,0.0,0.0,0.0,0.0
320,Fabian Rieder,SUI,"MF,FW",Stuttgart,22,2002.0,5,235.0,47.0,52.2,2.6,2,72.0,0,3,31.0,0,1.6,7.0,6.0,1.0,0.38,7.2,3.3,3.9,1.47
321,Lasse Rieß,GER,GK,Mainz 05,23,2001.0,0,0.0,0.0,0.0,0.0,0,0.0,0,0,0.0,5,0.0,0.0,0.0,0.0,0.0,0.0,0.0,0.0,0.0
322,Lars Ritzka,GER,"DF,FW",St. Pauli,26,1998.0,3,202.0,67.0,44.9,2.2,3,67.0,0,0,0.0,2,0.0,0.0,2.0,-2.0,-0.89,1.7,2.5,-0.7,-0.33
323,Merlin Röhl,GER,MF,Freiburg,22,2002.0,3,162.0,54.0,36.0,1.8,3,54.0,0,0,0.0,0,2.0,3.0,2.0,1.0,0.56,3.5,1.4,2.1,1.18
324,Lasse Rosenboom,GER,DF,Holstein Kiel,22,2002.0,4,155.0,39.0,34.4,1.7,1,90.0,1,3,22.0,1,0.25,4.0,5.0,-1.0,-0.58,2.0,3.3,-1.3,-0.73
325,Max Rosenfelder,GER,DF,Freiburg,21,2003.0,3,270.0,90.0,60.0,3.0,3,90.0,3,0,0.0,0,2.0,5.0,4.0,1.0,0.33,6.9,2.8,4.1,1.36
326,Tom Rothe,GER,"DF,MF",Union Berlin,19,2004.0,4,288.0,72.0,64.0,3.2,4,72.0,0,0,0.0,1,1.75,3.0,1.0,2.0,0.62,2.7,2.7,0.0,0.0
327,Anthony Rouault,FRA,DF,Stuttgart,23,2001.0,3,209.0,70.0,46.4,2.3,2,90.0,2,1,29.0,0,2.33,7.0,3.0,4.0,1.72,5.6,1.9,3.7,1.58
328,Jérôme Roussillon,FRA,"DF,MF",Union Berlin,31,1993.0,0,0.0,0.0,0.0,0.0,0,0.0,0,0,0.0,1,0.0,0.0,0.0,0.0,0.0,0.0,0.0,0.0,0.0
329,Julian Ryerson,NOR,DF,Dortmund,26,1997.0,5,388.0,78.0,86.2,4.3,5,78.0,3,0,0.0,0,2.0,8.0,6.0,2.0,0.46,7.3,6.1,1.1,0.26
330,Frederik Rønnow,DEN,GK,Union Berlin,32,1992.0,5,450.0,90.0,100.0,5.0,5,90.0,5,0,0.0,0,1.6,4.0,3.0,1.0,0.2,4.1,4.2,-0.1,-0.02
331,Elias Saad,TUN,"FW,MF",St. Pauli,24,1999.0,5,254.0,51.0,56.4,2.8,2,86.0,1,3,27.0,0,0.8,4.0,3.0,1.0,0.35,3.1,3.6,-0.5,-0.16
332,Marcel Sabitzer,AUT,"MF,FW",Dortmund,30,1994.0,4,292.0,73.0,64.9,3.2,3,87.0,2,1,32.0,0,1.75,3.0,6.0,-3.0,-0.92,3.7,6.3,-2.6,-0.81
333,Manolis Saliakas,GRE,MF,St. Pauli,28,1996.0,4,204.0,51.0,45.3,2.3,2,72.0,0,2,30.0,1,1.0,4.0,4.0,0.0,0.0,2.7,4.0,-1.3,-0.56
334,Roland Sallai,HUN,"FW,MF",Freiburg,27,1997.0,2,46.0,23.0,10.2,0.5,0,0.0,0,2,23.0,0,1.5,0.0,1.0,-1.0,-1.96,1.0,0.5,0.5,0.92
335,Diadie Samassékou,MLI,MF,Hoffenheim,28,1996.0,0,0.0,0.0,0.0,0.0,0,0.0,0,0,0.0,2,0.0,0.0,0.0,0.0,0.0,0.0,0.0,0.0,0.0
336,Philipp Sander,GER,MF,Gladbach,26,1998.0,5,246.0,49.0,54.7,2.7,3,69.0,0,2,20.0,0,1.2,3.0,5.0,-2.0,-0.73,4.6,4.6,0.0,0.01
337,Leroy Sané,GER,FW,Bayern Munich,28,1996.0,2,34.0,17.0,7.6,0.4,0,0.0,0,2,17.0,1,2.0,0.0,0.0,0.0,0.0,0.9,0.0,0.8,2.2
338,Kaishu Sano,JPN,MF,Mainz 05,23,2000.0,5,433.0,87.0,96.2,4.8,5,87.0,3,0,0.0,0,1.0,8.0,10.0,-2.0,-0.42,5.5,9.5,-4.0,-0.84
339,Kauã Santos,BRA,GK,Eint Frankfurt,21,2003.0,3,225.0,75.0,50.0,2.5,2,90.0,2,1,45.0,2,3.0,7.0,3.0,4.0,1.6,6.1,3.5,2.5,1.02
340,Joe Scally,USA,DF,Gladbach,21,2002.0,5,450.0,90.0,100.0,5.0,5,90.0,5,0,0.0,0,1.2,6.0,8.0,-2.0,-0.4,8.7,8.9,-0.2,-0.04
341,András Schäfer,HUN,MF,Union Berlin,25,1999.0,5,355.0,71.0,78.9,3.9,4,83.0,2,1,24.0,0,1.6,2.0,3.0,-1.0,-0.25,2.3,3.3,-1.1,-0.27
342,Patrik Schick,CZE,FW,Leverkusen,28,1996.0,3,86.0,29.0,19.1,1.0,1,67.0,0,2,10.0,2,2.0,3.0,4.0,-1.0,-1.05,2.0,0.7,1.4,1.4
343,Stefan Schimmer,GER,FW,Heidenheim,30,1994.0,1,31.0,31.0,6.9,0.3,0,0.0,0,1,31.0,1,0.0,0.0,1.0,-1.0,-2.9,0.2,0.4,-0.2,-0.57
344,Keven Schlotterbeck,GER,DF,Augsburg,27,1997.0,5,417.0,83.0,92.7,4.6,5,83.0,4,0,0.0,0,0.8,7.0,14.0,-7.0,-1.51,7.7,7.9,-0.2,-0.04
345,Nico Schlotterbeck,GER,DF,Dortmund,24,1999.0,4,342.0,86.0,76.0,3.8,4,86.0,3,0,0.0,0,1.75,7.0,7.0,0.0,0.0,6.2,6.3,-0.1,-0.04
346,Romano Schmid,AUT,MF,Werder Bremen,24,2000.0,5,432.0,86.0,96.0,4.8,5,86.0,3,0,0.0,0,1.6,8.0,11.0,-3.0,-0.62,5.9,6.9,-0.9,-0.2
347,Kenneth Schmidt,GER,DF,Freiburg,22,2002.0,0,0.0,0.0,0.0,0.0,0,0.0,0,0,0.0,1,0.0,0.0,0.0,0.0,0.0,0.0,0.0,0.0,0.0
348,Jan Schöppner,GER,MF,Heidenheim,25,1999.0,5,380.0,76.0,84.4,4.2,4,90.0,4,1,20.0,0,1.8,10.0,4.0,6.0,1.42,7.3,5.3,2.0,0.48
349,Marvin Schulz,GER,MF,Holstein Kiel,29,1995.0,1,9.0,9.0,2.0,0.1,0,0.0,0,1,9.0,4,0.0,1.0,1.0,0.0,0.0,0.2,0.6,-0.4,-3.96
350,Alexander Schwolow,GER,GK,Union Berlin,32,1992.0,0,0.0,0.0,0.0,0.0,0,0.0,0,0,0.0,5,0.0,0.0,0.0,0.0,0.0,0.0,0.0,0.0,0.0
351,Léo Scienza,BRA,"FW,MF",Heidenheim,26,1998.0,4,239.0,60.0,53.1,2.7,3,69.0,0,1,31.0,0,1.5,5.0,4.0,1.0,0.38,4.2,3.9,0.3,0.12
352,Nicolas Seiwald,AUT,MF,RB Leipzig,23,2001.0,4,310.0,78.0,68.9,3.4,3,78.0,2,1,76.0,1,2.5,7.0,2.0,5.0,1.45,5.7,5.0,0.7,0.2
353,Benjamin Šeško,SVN,"FW,MF",RB Leipzig,21,2003.0,5,361.0,72.0,80.2,4.0,5,72.0,0,0,0.0,0,2.2,7.0,2.0,5.0,1.25,5.8,4.9,0.9,0.22
354,Armindo Sieb,GER,"MF,FW",Mainz 05,21,2003.0,5,136.0,27.0,30.2,1.5,1,38.0,0,4,25.0,0,1.0,3.0,4.0,-1.0,-0.66,1.8,3.7,-2.0,-1.32
355,Tim Siersleben,GER,DF,Heidenheim,24,2000.0,1,9.0,9.0,2.0,0.1,0,0.0,0,1,9.0,4,3.0,0.0,0.0,0.0,0.0,0.1,0.1,0.0,0.02
356,Kiliann Sildillia,FRA,FW,Freiburg,22,2002.0,1,4.0,4.0,0.9,0.0,0,0.0,0,1,4.0,0,3.0,0.0,0.0,0.0,0.0,0.0,0.1,-0.1,-1.88
357,André Silva,POR,FW,RB Leipzig,28,1995.0,1,17.0,17.0,3.8,0.2,0,0.0,0,1,17.0,4,1.0,0.0,0.0,0.0,0.0,0.1,0.1,0.1,0.41
358,Mohamed Simakan,FRA,DF,RB Leipzig,24,2000.0,1,54.0,54.0,12.0,0.6,1,54.0,0,0,0.0,0,3.0,0.0,0.0,0.0,0.0,0.9,0.8,0.1,0.13
359,Xavi Simons,NED,MF,RB Leipzig,21,2003.0,5,450.0,90.0,100.0,5.0,5,90.0,5,0,0.0,0,2.2,8.0,2.0,6.0,1.2,7.4,6.2,1.2,0.24
360,Danel Sinani,LUX,FW,St. Pauli,27,1997.0,1,1.0,1.0,0.2,0.0,0,0.0,0,1,1.0,3,3.0,0.0,0.0,0.0,0.0,0.0,0.0,0.0,0.0
361,Tobias Sippel,GER,GK,Gladbach,36,1988.0,0,0.0,0.0,0.0,0.0,0,0.0,0,0,0.0,2,0.0,0.0,0.0,0.0,0.0,0.0,0.0,0.0,0.0
362,Ibrahima Sissoko,MLI,"MF,DF",Bochum,26,1997.0,5,431.0,86.0,95.8,4.8,5,86.0,3,0,0.0,0,0.2,5.0,11.0,-6.0,-1.25,4.4,12.0,-7.6,-1.59
363,Tim Skarke,GER,"FW,MF",Union Berlin,28,1996.0,5,144.0,29.0,32.0,1.6,1,55.0,0,4,22.0,0,1.6,1.0,2.0,-1.0,-0.62,0.9,1.4,-0.5,-0.34
364,Ellyes Skhiri,TUN,MF,Eint Frankfurt,29,1995.0,5,365.0,73.0,81.1,4.1,4,90.0,4,1,5.0,0,2.4,7.0,4.0,3.0,0.74,9.0,5.9,3.0,0.75
365,Robert Skov,DEN,"DF,FW",Union Berlin,28,1996.0,0,0.0,0.0,0.0,0.0,0,0.0,0,0,0.0,3,0.0,0.0,0.0,0.0,0.0,0.0,0.0,0.0,0.0
366,Steven Skrzybski,GER,MF,Holstein Kiel,31,1992.0,2,51.0,26.0,11.3,0.6,0,0.0,0,2,26.0,0,0.5,1.0,1.0,0.0,0.0,0.5,0.2,0.3,0.51
367,Eric Smith,SWE,DF,St. Pauli,27,1997.0,5,399.0,80.0,88.7,4.4,5,80.0,4,0,0.0,0,0.8,4.0,6.0,-2.0,-0.45,4.4,6.4,-2.0,-0.46
368,Anton Stach,GER,"DF,MF",Hoffenheim,25,1998.0,5,405.0,81.0,90.0,4.5,4,90.0,4,1,45.0,0,0.6,6.0,12.0,-6.0,-1.33,5.9,9.9,-4.1,-0.91
369,Jens Stage,DEN,MF,Werder Bremen,27,1996.0,5,425.0,85.0,94.4,4.7,5,85.0,4,0,0.0,0,1.6,8.0,11.0,-3.0,-0.64,6.6,6.5,0.1,0.03
370,Niklas Stark,GER,DF,Werder Bremen,29,1995.0,5,372.0,74.0,82.7,4.1,5,74.0,3,0,0.0,0,1.6,7.0,11.0,-4.0,-0.97,4.9,6.8,-1.9,-0.45
371,Pascal Stenzel,GER,DF,Stuttgart,28,1996.0,3,114.0,38.0,25.3,1.3,2,55.0,0,1,5.0,2,0.67,4.0,4.0,0.0,0.0,2.0,3.6,-1.6,-1.27
372,Finley Stevens,WAL,DF,St. Pauli,21,2003.0,0,0.0,0.0,0.0,0.0,0,0.0,0,0,0.0,2,0.0,0.0,0.0,0.0,0.0,0.0,0.0,0.0,0.0
373,Angelo Stiller,GER,"MF,DF",Stuttgart,23,2001.0,5,444.0,89.0,98.7,4.9,5,89.0,4,0,0.0,0,1.6,13.0,10.0,3.0,0.61,11.0,7.7,3.2,0.65
374,Kevin Stöger,AUT,MF,Gladbach,31,1993.0,5,416.0,83.0,92.4,4.6,5,83.0,3,0,0.0,0,1.2,5.0,8.0,-3.0,-0.65,8.5,8.2,0.2,0.05
375,Lars Strobl,GER,DF,Hoffenheim,19,2005.0,0,0.0,0.0,0.0,0.0,0,0.0,0,0,0.0,1,0.0,0.0,0.0,0.0,0.0,0.0,0.0,0.0,0.0
376,Niklas Süle,GER,DF,Dortmund,29,1995.0,5,334.0,67.0,74.2,3.7,4,82.0,3,1,8.0,0,2.0,7.0,7.0,0.0,0.0,5.9,6.8,-1.0,-0.26
377,Mattias Svanberg,SWE,MF,Wolfsburg,25,1999.0,5,377.0,75.0,83.8,4.2,5,75.0,0,0,0.0,0,0.8,9.0,8.0,1.0,0.24,5.0,7.6,-2.6,-0.63
378,Attila Szalai,HUN,"DF,MF",Hoffenheim,26,1998.0,0,0.0,0.0,0.0,0.0,0,0.0,0,0,0.0,1,0.0,0.0,0.0,0.0,0.0,0.0,0.0,0.0,0.0
379,Haris Tabakovic,BIH,FW,Hoffenheim,30,1994.0,2,39.0,20.0,8.7,0.4,0,0.0,0,2,20.0,2,0.0,1.0,0.0,1.0,2.31,0.3,0.1,0.2,0.38
380,Jonathan Tah,GER,DF,Leverkusen,28,1996.0,5,450.0,90.0,100.0,5.0,5,90.0,5,0,0.0,0,2.0,14.0,10.0,4.0,0.8,10.4,5.7,4.7,0.93
381,Edmond Tapsoba,BFA,DF,Leverkusen,25,1999.0,5,445.0,89.0,98.9,4.9,5,89.0,4,0,0.0,0,2.0,14.0,10.0,4.0,0.81,10.1,5.7,4.3,0.88
382,Mathys Tel,FRA,"MF,FW",Bayern Munich,19,2005.0,2,73.0,37.0,16.2,0.8,1,58.0,0,1,15.0,3,3.0,2.0,1.0,1.0,1.23,2.1,0.3,1.8,2.26
383,Nathan Tella,NGA,"DF,FW",Leverkusen,25,1999.0,3,83.0,28.0,18.4,0.9,1,56.0,0,2,14.0,1,1.33,2.0,2.0,0.0,0.0,2.1,0.8,1.3,1.38
384,Martin Terrier,FRA,MF,Leverkusen,27,1997.0,5,267.0,53.0,59.3,3.0,3,69.0,0,2,31.0,0,2.0,9.0,5.0,4.0,1.35,7.1,3.0,4.1,1.38
385,Arthur Theate,BEL,DF,Eint Frankfurt,24,2000.0,5,428.0,86.0,95.1,4.8,5,86.0,4,0,0.0,0,2.4,11.0,4.0,7.0,1.47,9.9,6.1,3.8,0.79
386,Norman Theuerkauf,GER,"DF,MF",Heidenheim,37,1987.0,0,0.0,0.0,0.0,0.0,0,0.0,0,0,0.0,4,0.0,0.0,0.0,0.0,0.0,0.0,0.0,0.0,0.0
387,Phillip Tietz,GER,FW,Augsburg,27,1997.0,5,248.0,50.0,55.1,2.8,3,67.0,0,2,24.0,0,0.8,4.0,9.0,-5.0,-1.81,4.6,5.0,-0.4,-0.15
388,Umut Tohumcu,GER,MF,Hoffenheim,20,2004.0,3,139.0,46.0,30.9,1.5,1,90.0,1,2,25.0,0,0.0,4.0,4.0,0.0,0.0,1.6,3.4,-1.7,-1.13
389,Tiago Tomás,POR,"MF,FW",Wolfsburg,22,2002.0,5,372.0,74.0,82.7,4.1,5,74.0,1,0,0.0,0,0.8,8.0,8.0,0.0,0.0,4.7,7.9,-3.3,-0.79
390,Lucas Tousart,FRA,MF,Union Berlin,27,1997.0,2,130.0,65.0,28.9,1.4,2,65.0,0,0,0.0,3,2.0,1.0,1.0,0.0,0.0,1.2,1.1,0.1,0.1
391,Omar Traoré,GER,"DF,FW",Heidenheim,26,1998.0,5,428.0,86.0,95.1,4.8,5,86.0,3,0,0.0,0,1.8,9.0,7.0,2.0,0.42,7.2,6.2,1.0,0.21
392,Kevin Trapp,GER,GK,Eint Frankfurt,34,1990.0,3,225.0,75.0,50.0,2.5,3,75.0,2,0,0.0,0,2.0,4.0,3.0,1.0,0.4,4.8,3.4,1.4,0.54
393,Philipp Treu,GER,"MF,DF",St. Pauli,23,2000.0,5,450.0,90.0,100.0,5.0,5,90.0,5,0,0.0,0,0.8,4.0,6.0,-2.0,-0.4,4.7,6.7,-2.0,-0.41
394,Christopher Trimmel,AUT,DF,Union Berlin,37,1987.0,3,104.0,35.0,23.1,1.2,1,71.0,0,2,17.0,2,1.33,0.0,2.0,-2.0,-1.73,0.5,0.9,-0.3,-0.29
395,Tuta,BRA,"DF,MF",Eint Frankfurt,25,1999.0,5,449.0,90.0,99.8,5.0,5,90.0,4,0,0.0,0,2.4,11.0,6.0,5.0,1.0,10.8,6.9,3.9,0.78
396,Sven Ulreich,GER,GK,Bayern Munich,36,1988.0,1,90.0,90.0,20.0,1.0,1,90.0,1,0,0.0,4,3.0,5.0,0.0,5.0,5.0,3.0,0.0,3.0,2.99
397,Deniz Undav,GER,"FW,MF",Stuttgart,28,1996.0,5,321.0,64.0,71.3,3.6,4,72.0,1,1,34.0,0,1.6,12.0,8.0,4.0,1.12,8.1,6.7,1.4,0.38
398,Dayot Upamecano,FRA,DF,Bayern Munich,25,1998.0,5,449.0,90.0,99.8,5.0,5,90.0,4,0,0.0,0,2.6,17.0,4.0,13.0,2.61,11.5,2.5,9.0,1.81
399,Can Uzun,TUR,"FW,MF",Eint Frankfurt,18,2005.0,3,50.0,17.0,11.1,0.6,0,0.0,0,3,17.0,2,2.0,1.0,1.0,0.0,0.0,0.4,0.8,-0.4,-0.68
400,Josha Vagnoman,GER,DF,Stuttgart,23,2000.0,4,268.0,67.0,59.6,3.0,3,74.0,0,1,45.0,0,2.0,8.0,6.0,2.0,0.67,7.6,3.8,3.8,1.28
401,Maarten Vandevoordt,BEL,GK,RB Leipzig,22,2002.0,0,0.0,0.0,0.0,0.0,0,0.0,0,0,0.0,5,0.0,0.0,0.0,0.0,0.0,0.0,0.0,0.0,0.0
402,Ruben Vargas,SUI,MF,Augsburg,26,1998.0,4,234.0,59.0,52.0,2.6,3,63.0,0,1,45.0,1,0.75,3.0,9.0,-6.0,-2.31,4.0,5.0,-0.9,-0.36
403,Nikola Vasilj,BIH,GK,St. Pauli,28,1995.0,5,450.0,90.0,100.0,5.0,5,90.0,5,0,0.0,0,0.8,4.0,6.0,-2.0,-0.4,4.7,6.7,-2.0,-0.41
404,Denis Vavro,SVK,DF,Wolfsburg,28,1996.0,1,1.0,1.0,0.2,0.0,0,0.0,0,1,1.0,2,0.0,0.0,1.0,-1.0,-90.0,0.0,0.2,-0.2,-16.88
405,Miloš Veljković,SRB,DF,Werder Bremen,29,1995.0,1,90.0,90.0,20.0,1.0,1,90.0,1,0,0.0,0,1.0,2.0,2.0,0.0,0.0,1.4,1.0,0.4,0.44
406,Nikolas Veratschnig,AUT,MF,Mainz 05,21,2003.0,1,4.0,4.0,0.9,0.0,0,0.0,0,1,4.0,3,1.0,1.0,1.0,0.0,0.0,0.4,0.4,0.0,-0.88
407,Arthur Vermeeren,BEL,MF,RB Leipzig,19,2005.0,4,72.0,18.0,16.0,0.8,0,0.0,0,4,18.0,0,2.0,0.0,0.0,0.0,0.0,1.6,0.9,0.7,0.86
408,Yorbe Vertessen,BEL,"MF,FW",Union Berlin,23,2001.0,5,182.0,36.0,40.4,2.0,1,66.0,0,4,29.0,0,1.6,2.0,2.0,0.0,0.0,2.4,1.9,0.5,0.22
409,Gabriel Vidovic,CRO,MF,Mainz 05,20,2003.0,0,0.0,0.0,0.0,0.0,0,0.0,0,0,0.0,1,0.0,0.0,0.0,0.0,0.0,0.0,0.0,0.0,0.0
410,Kevin Vogt,GER,DF,Union Berlin,33,1991.0,5,442.0,88.0,98.2,4.9,5,88.0,4,0,0.0,0,1.6,4.0,3.0,1.0,0.2,3.8,3.8,0.1,0.01
411,Aster Vranckx,BEL,MF,Wolfsburg,21,2002.0,3,50.0,17.0,11.1,0.6,0,0.0,0,3,17.0,0,0.33,1.0,3.0,-2.0,-3.6,1.1,1.7,-0.6,-1.02
412,Robert Wagner,GER,MF,St. Pauli,21,2003.0,3,180.0,60.0,40.0,2.0,3,60.0,0,0,0.0,0,0.0,0.0,2.0,-2.0,-1.0,1.6,2.5,-0.9,-0.44
413,Hauke Wahl,GER,DF,St. Pauli,30,1994.0,5,450.0,90.0,100.0,5.0,5,90.0,5,0,0.0,0,0.8,4.0,6.0,-2.0,-0.4,4.7,6.7,-2.0,-0.41
414,Paul Wanner,GER,MF,Heidenheim,18,2005.0,5,355.0,71.0,78.9,3.9,5,71.0,0,0,0.0,0,1.8,6.0,6.0,0.0,0.0,4.2,5.0,-0.8,-0.2
415,Kjell-Arik Wätjen,GER,MF,Dortmund,18,2006.0,0,0.0,0.0,0.0,0.0,0,0.0,0,0,0.0,3,0.0,0.0,0.0,0.0,0.0,0.0,0.0,0.0,0.0
416,Julian Weigl,GER,MF,Gladbach,29,1995.0,5,415.0,83.0,92.2,4.6,5,83.0,3,0,0.0,0,1.2,6.0,7.0,-1.0,-0.22,8.2,8.1,0.1,0.03
417,Timon Weiner,GER,GK,Holstein Kiel,25,1999.0,5,450.0,90.0,100.0,5.0,5,90.0,5,0,0.0,0,0.2,7.0,17.0,-10.0,-2.0,5.8,10.5,-4.7,-0.94
418,Nelson Weiper,GER,"FW,MF",Mainz 05,19,2005.0,2,21.0,11.0,4.7,0.2,0,0.0,0,2,11.0,1,0.5,0.0,1.0,-1.0,-4.29,0.7,0.4,0.3,1.32
419,Mitchell Weiser,GER,"DF,MF",Werder Bremen,30,1994.0,5,450.0,90.0,100.0,5.0,5,90.0,5,0,0.0,0,1.6,8.0,11.0,-3.0,-0.6,6.6,7.0,-0.4,-0.09
420,Noah Weißhaupt,GER,FW,Freiburg,23,2001.0,2,55.0,28.0,12.2,0.6,0,0.0,0,2,28.0,2,1.5,0.0,1.0,-1.0,-1.64,0.5,0.4,0.1,0.1
421,Silvan Widmer,SUI,DF,Mainz 05,31,1993.0,4,107.0,27.0,23.8,1.2,1,74.0,0,3,11.0,0,1.0,1.0,2.0,-1.0,-0.84,0.9,2.6,-1.7,-1.4
422,Patrick Wimmer,AUT,"FW,MF",Wolfsburg,23,2001.0,4,301.0,75.0,66.9,3.3,4,75.0,1,0,0.0,0,0.75,7.0,6.0,1.0,0.3,4.2,5.9,-1.7,-0.5
423,Jonas Wind,DEN,"FW,MF",Wolfsburg,25,1999.0,4,133.0,33.0,29.6,1.5,1,90.0,1,3,14.0,1,1.0,3.0,3.0,0.0,0.0,2.2,3.3,-1.2,-0.78
424,Florian Wirtz,GER,MF,Leverkusen,21,2003.0,5,449.0,90.0,99.8,5.0,5,90.0,4,0,0.0,0,2.0,14.0,10.0,4.0,0.8,10.4,5.7,4.7,0.94
425,Dani de Wit,NED,MF,Bochum,26,1998.0,4,356.0,89.0,79.1,4.0,4,89.0,3,0,0.0,0,0.25,5.0,10.0,-5.0,-1.26,3.5,11.5,-8.0,-2.03
426,Maximilian Wittek,GER,DF,Bochum,29,1995.0,5,450.0,90.0,100.0,5.0,5,90.0,5,0,0.0,0,0.2,5.0,11.0,-6.0,-1.2,4.5,12.8,-8.3,-1.65
427,Marius Wolf,GER,DF,Augsburg,29,1995.0,5,262.0,52.0,58.2,2.9,3,69.0,0,2,28.0,0,0.8,3.0,9.0,-6.0,-2.06,4.3,5.5,-1.2,-0.43
428,Nick Woltemade,GER,MF,Stuttgart,22,2002.0,2,15.0,8.0,3.3,0.2,0,0.0,0,2,8.0,3,0.5,1.0,0.0,1.0,6.0,0.4,0.1,0.3,1.87
429,Jeong Woo-yeong,KOR,"MF,FW",Union Berlin,25,1999.0,4,154.0,39.0,34.2,1.7,2,65.0,0,2,12.0,0,1.75,2.0,1.0,1.0,0.58,1.9,2.0,-0.1,-0.04
430,Granit Xhaka,SUI,MF,Leverkusen,32,1992.0,5,450.0,90.0,100.0,5.0,5,90.0,5,0,0.0,0,2.0,14.0,10.0,4.0,0.8,10.4,5.7,4.7,0.93
431,Dan-Axel Zagadou,FRA,"DF,MF",Stuttgart,25,1999.0,2,29.0,15.0,6.4,0.3,0,0.0,0,2,15.0,0,3.0,2.0,1.0,1.0,3.1,1.5,0.3,1.2,3.63
432,Robin Zentner,GER,GK,Mainz 05,29,1994.0,5,450.0,90.0,100.0,5.0,5,90.0,5,0,0.0,0,1.0,8.0,10.0,-2.0,-0.4,6.1,9.7,-3.5,-0.71
433,Cedric Zesiger,SUI,DF,Wolfsburg,26,1998.0,5,450.0,90.0,100.0,5.0,5,90.0,5,0,0.0,0,0.8,10.0,11.0,-1.0,-0.2,6.5,9.7,-3.3,-0.65
434,Michael Zetterer,GER,GK,Werder Bremen,29,1995.0,5,450.0,90.0,100.0,5.0,5,90.0,5,0,0.0,0,1.6,8.0,11.0,-3.0,-0.6,6.6,7.0,-0.4,-0.09
